nucleus_area,cytoplasm_area,nc_ratio,nc_ratio_log1p,staining_intensity,granularity,roundness,mean_r,mean_g,mean_b,path,label,class
0.0,0.7305908203125,0.0,0.0,0.27600049785539216,0.010024761136621237,0.0,0.6987117991727941,0.6330583160998775,0.840228391161152,F:\BUET plasma\PCMMD_LOCAL\set1\non_plasma\1692243677854_p_1.jpg,0,non_plasma
0.0,0.79205322265625,0.0,0.0,0.2865725049785539,0.005381806399673224,0.0,0.6984714882046569,0.6092926623774509,0.8325183344822303,F:\BUET plasma\PCMMD_LOCAL\set1\non_plasma\1692243677854_p_2.jpg,0,non_plasma
0.0,0.3580322265625,0.0,0.0,0.19099847132863568,0.015678539499640466,0.0,0.8072796989889706,0.765625,0.8540998870251225,F:\BUET plasma\PCMMD_LOCAL\set1\non_plasma\1692243677862_p_3.jpg,0,non_plasma
0.0,0.68414306640625,0.0,0.0,0.23649407679738566,0.014264339204877616,0.0,0.7674826229319853,0.7068830901501225,0.8161520565257353,F:\BUET plasma\PCMMD_LOCAL\set1\non_plasma\1692243677869_p_0.jpg,0,non_plasma
0.0,0.6790771484375,0.0,0.0,0.27067288666768785,0.005682074293494224,0.0,0.7503238453584559,0.6372948740042892,0.8003626206341912,F:\BUET plasma\PCMMD_LOCAL\set1\non_plasma\1692243677878_p_3.jpg,0,non_plasma
0.0,0.7735595703125,0.0,0.0,0.26066407845690354,0.006429474379867316,0.0,0.7386323816636029,0.6448579676011029,0.8345174153645833,F:\BUET plasma\PCMMD_LOCAL\set1\non_plasma\1692243677878_p_4.jpg,0,non_plasma
0.0,0.67974853515625,0.0,0.0,0.2533217486213235,0.006658309698104858,0.0,0.7619375191482843,0.6772556678921569,0.8008415670955882,F:\BUET plasma\PCMMD_LOCAL\set1\non_plasma\1692243677878_p_5.jpg,0,non_plasma
0.0,0.57550048828125,0.0,0.0,0.23167493234272885,0.0085545795224607,0.0,0.7735581341911765,0.7110018861060049,0.8204151826746323,F:\BUET plasma\PCMMD_LOCAL\set1\non_plasma\1692243677878_p_6.jpg,0,non_plasma
0.0,0.67950439453125,0.0,0.0,0.2166780758527369,0.0071238109916448595,0.0,0.7500868853400735,0.6802025888480392,0.9196762982536765,F:\BUET plasma\PCMMD_LOCAL\set1\non_plasma\1692243677878_p_7.jpg,0,non_plasma
0.0,0.5947265625,0.0,0.0,0.2194739647160947,0.005354984637349844,0.0,0.7795692593443627,0.7010440602022059,0.8609647863051471,F:\BUET plasma\PCMMD_LOCAL\set1\non_plasma\1692243677878_p_8.jpg,0,non_plasma
0.02569580078125,0.5245361328125,0.04898766581335816,0.04782557130247723,0.24270195057189548,0.01064186929166317,0.38704220430496905,0.763559139476103,0.7123252719056372,0.7960097369025735,F:\BUET plasma\PCMMD_LOCAL\set1\non_plasma\1692243677878_p_9.jpg,0,non_plasma
0.0,0.58648681640625,0.0,0.0,0.20718898399203434,0.006609154339879751,0.0,0.7901233149509804,0.7152286305147059,0.8730811025582108,F:\BUET plasma\PCMMD_LOCAL\set1\non_plasma\1692243677886_p_2.jpg,0,non_plasma
0.0,0.56634521484375,0.0,0.0,0.20269727519914216,0.010519951328635216,0.0,0.8027228860294118,0.7383769914215687,0.8508082969515931,F:\BUET plasma\PCMMD_LOCAL\set1\non_plasma\1692243677886_p_3.jpg,0,non_plasma
0.0,0.73138427734375,0.0,0.0,0.2551094005310457,0.008866166815161705,0.0,0.7281175800398284,0.6627257104013481,0.8438285079656863,F:\BUET plasma\PCMMD_LOCAL\set1\non_plasma\1692243677895_p_1.jpg,0,non_plasma
0.0,0.7734375,0.0,0.0,0.2793008642258986,0.008177182730287313,0.0,0.7197224934895833,0.6781142290900736,0.7642606847426471,F:\BUET plasma\PCMMD_LOCAL\set1\non_plasma\1692243677903_p_1.jpg,0,non_plasma
0.0,0.52545166015625,0.0,0.0,0.21647701886744275,0.01409719032049179,0.0,0.7879152784160539,0.7283631567861519,0.8342905081954657,F:\BUET plasma\PCMMD_LOCAL\set1\non_plasma\1692243677925_p_3.jpg,0,non_plasma
0.0,0.23773193359375,0.0,0.0,0.10862909454146241,0.016528614487499,0.0,0.88953857421875,0.8497465245863971,0.9348276175704657,F:\BUET plasma\PCMMD_LOCAL\set1\non_plasma\1692243677937_p_2.jpg,0,non_plasma
0.0,0.4652099609375,0.0,0.0,0.15285820057189548,0.010572209950536489,0.0,0.8521020029105392,0.8011275945925245,0.88819580078125,F:\BUET plasma\PCMMD_LOCAL\set1\non_plasma\1692243677959_p_1.jpg,0,non_plasma
0.0,0.6134033203125,0.0,0.0,0.19366997612847214,0.010425425585359334,0.0,0.7991917030484068,0.7447045419730393,0.8750938265931373,F:\BUET plasma\PCMMD_LOCAL\set1\non_plasma\1692243677981_p_1.jpg,0,non_plasma
0.0,0.33441162109375,0.0,0.0,0.1389443391288807,0.011610609855502843,0.0,0.8643640854779412,0.8038500019148285,0.9149528952205882,F:\BUET plasma\PCMMD_LOCAL\set1\non_plasma\1692243677995_p_2.jpg,0,non_plasma
0.0,0.5123291015625,0.0,0.0,0.20496882021037588,0.006662988390773535,0.0,0.7907810585171569,0.7192500095741422,0.8750624712775735,F:\BUET plasma\PCMMD_LOCAL\set1\non_plasma\1692243678004_p_4.jpg,0,non_plasma
0.0,0.490966796875,0.0,0.0,0.22104795368668295,0.007079033639281988,0.0,0.7760967179840687,0.7223065544577206,0.8384528664981618,F:\BUET plasma\PCMMD_LOCAL\set1\non_plasma\1692243678027_p_3.jpg,0,non_plasma
0.0,0.681884765625,0.0,0.0,0.2322613485498366,0.005589477643370628,0.0,0.7686284083946079,0.6862912645526961,0.8482962814031862,F:\BUET plasma\PCMMD_LOCAL\set1\non_plasma\1692243678027_p_4.jpg,0,non_plasma
0.0,0.42755126953125,0.0,0.0,0.17566149343852122,0.010486504342406989,0.0,0.8185206992953431,0.7666128121170344,0.8878820082720589,F:\BUET plasma\PCMMD_LOCAL\set1\non_plasma\1692243678037_p_1.jpg,0,non_plasma
0.0,0.39862060546875,0.0,0.0,0.19348503561580888,0.012718223333358765,0.0,0.7953809551164216,0.7478577856924019,0.87630615234375,F:\BUET plasma\PCMMD_LOCAL\set1\non_plasma\1692243678037_p_2.jpg,0,non_plasma
0.0,0.73443603515625,0.0,0.0,0.24778725617851316,0.012236238654702901,0.0,0.7528818167892157,0.6639389935661765,0.8398174211090687,F:\BUET plasma\PCMMD_LOCAL\set1\non_plasma\1692243678117_p_3.jpg,0,non_plasma
0.0,0.6156005859375,0.0,0.0,0.23844776028901138,0.015592488911002874,0.0,0.7532401290594363,0.6891469918045343,0.8422695982689951,F:\BUET plasma\PCMMD_LOCAL\set1\non_plasma\1692243678125_p_2.jpg,0,non_plasma
0.0,0.38421630859375,0.0,0.0,0.19804041245404413,0.01082045802101493,0.0,0.7918715533088235,0.7369798847273284,0.8770273246017157,F:\BUET plasma\PCMMD_LOCAL\set1\non_plasma\1692243678125_p_3.jpg,0,non_plasma
0.0,0.5601806640625,0.0,0.0,0.1784048840890523,0.007015184164047241,0.0,0.8187657973345588,0.7185348211550245,0.9274847292432598,F:\BUET plasma\PCMMD_LOCAL\set1\non_plasma\1692243678125_p_4.jpg,0,non_plasma
0.0,0.73931884765625,0.0,0.0,0.23362382876327614,0.0066763293109834195,0.0,0.7522372376685049,0.6941966337316177,0.852694642310049,F:\BUET plasma\PCMMD_LOCAL\set1\non_plasma\1692243678133_p_2.jpg,0,non_plasma
0.0,0.52728271484375,0.0,0.0,0.18029920789930554,0.008453034862875939,0.0,0.8240552715226716,0.7284375957414215,0.9066095090379902,F:\BUET plasma\PCMMD_LOCAL\set1\non_plasma\1692243678162_p_1.jpg,0,non_plasma
0.0157470703125,0.47808837890625,0.03293757181156645,0.03240675444060112,0.2152484170751634,0.01781941121816635,0.3704292323243341,0.7759937959558824,0.7261173023897058,0.8521436504289216,F:\BUET plasma\PCMMD_LOCAL\set1\non_plasma\1692243678162_p_2.jpg,0,non_plasma
0.0,0.38525390625,0.0,0.0,0.16419047436682999,0.015099910493940116,0.0,0.8303995768229167,0.7574936810661764,0.9195353190104166,F:\BUET plasma\PCMMD_LOCAL\set1\non_plasma\1692243678169_p_3.jpg,0,non_plasma
0.0,0.42352294921875,0.0,0.0,0.17766296785641333,0.017177302464842795,0.0,0.8400771197150735,0.7271893669577206,0.8997446097579657,F:\BUET plasma\PCMMD_LOCAL\set1\non_plasma\1692243678169_p_4.jpg,0,non_plasma
0.0,0.7777099609375,0.0,0.0,0.26161566840277783,0.016920601185411215,0.0,0.741839719286152,0.6148875517003677,0.858425723805147,F:\BUET plasma\PCMMD_LOCAL\set1\non_plasma\1692243678195_p_1.jpg,0,non_plasma
0.0,0.7635498046875,0.0,0.0,0.2598155701082516,0.00868009516224265,0.0,0.75311279296875,0.6388738893995098,0.8285666073069853,F:\BUET plasma\PCMMD_LOCAL\set1\non_plasma\1692243678211_p_1.jpg,0,non_plasma
0.0,0.8470458984375,0.0,0.0,0.2918307834201389,0.005454162105917931,0.0,0.6995500153186275,0.6276204427083333,0.7973371917126225,F:\BUET plasma\PCMMD_LOCAL\set1\non_plasma\1692243678218_p_1.jpg,0,non_plasma
0.01043701171875,0.5927734375,0.01760708401976936,0.017453875076904393,0.23322275199142162,0.013802366957068444,0.33500105074894776,0.7919165517769607,0.709139954810049,0.7992752374387255,F:\BUET plasma\PCMMD_LOCAL\set1\non_plasma\1692243678218_p_2.jpg,0,non_plasma
0.0,0.57830810546875,0.0,0.0,0.21674549377042485,0.00890854337438941,0.0,0.788573979396446,0.7139938055300246,0.8471957337622549,F:\BUET plasma\PCMMD_LOCAL\set1\non_plasma\1692243678242_p_1.jpg,0,non_plasma
0.0,0.66033935546875,0.0,0.0,0.23941977507148693,0.0074646618925035,0.0,0.7526142195159313,0.6786575616574755,0.8504688936121324,F:\BUET plasma\PCMMD_LOCAL\set1\non_plasma\1692243678261_p_1.jpg,0,non_plasma
0.0,0.45965576171875,0.0,0.0,0.1841690761591095,0.009712451875209808,0.0,0.8105901979932598,0.7390330595128677,0.8978695140165441,F:\BUET plasma\PCMMD_LOCAL\set1\non_plasma\1692243678269_p_2.jpg,0,non_plasma
0.0,0.38494873046875,0.0,0.0,0.18106170853758174,0.012945711310952903,0.0,0.8209666532628677,0.7692796894148284,0.8665685317095588,F:\BUET plasma\PCMMD_LOCAL\set1\non_plasma\1692243678278_p_2.jpg,0,non_plasma
0.0,0.5889892578125,0.0,0.0,0.22212440640318631,0.01385892790183425,0.0,0.7724377202052696,0.719299077052696,0.8418899835324755,F:\BUET plasma\PCMMD_LOCAL\set1\non_plasma\1692243678278_p_3.jpg,0,non_plasma
0.0,0.80242919921875,0.0,0.0,0.271762104907067,0.013863333757966757,0.0,0.7426654890471813,0.6426228841145833,0.7994253121170343,F:\BUET plasma\PCMMD_LOCAL\set1\non_plasma\1692243678285_p_1.jpg,0,non_plasma
0.0,0.431396484375,0.0,0.0,0.19181275211907678,0.009651653584092855,0.0,0.8228508444393382,0.7469049191942402,0.8548059800091912,F:\BUET plasma\PCMMD_LOCAL\set1\non_plasma\1692243678325_p_2.jpg,0,non_plasma
0.0,0.701904296875,0.0,0.0,0.24991790173100492,0.005773834452033043,0.0,0.7710176355698529,0.6629518995098039,0.8162767597273284,F:\BUET plasma\PCMMD_LOCAL\set1\non_plasma\1692243678325_p_3.jpg,0,non_plasma
0.0,0.706787109375,0.0,0.0,0.2734885620915033,0.007966151103377343,0.0,0.7287343941482843,0.6464826995251225,0.8043172200520833,F:\BUET plasma\PCMMD_LOCAL\set1\non_plasma\1692243678343_p_1.jpg,0,non_plasma
0.0,0.4539794921875,0.0,0.0,0.18542424619587417,0.008199396099895239,0.0,0.8196695963541667,0.7244418275122549,0.8996158375459559,F:\BUET plasma\PCMMD_LOCAL\set1\non_plasma\1692243678343_p_2.jpg,0,non_plasma
0.0,0.75982666015625,0.0,0.0,0.25576195810355395,0.015577635224908591,0.0,0.7591449812346813,0.645318483838848,0.8282506606158089,F:\BUET plasma\PCMMD_LOCAL\set1\non_plasma\1692243678343_p_3.jpg,0,non_plasma
0.0,0.61737060546875,0.0,0.0,0.17831265318627454,0.01654319667816162,0.0,0.8242173138786765,0.7323436063878677,0.9085011201746324,F:\BUET plasma\PCMMD_LOCAL\set1\non_plasma\1692243678371_p_1.jpg,0,non_plasma
0.05340576171875,0.48272705078125,0.11063345555696043,0.10493053322989465,0.19915907118055554,0.01685986314713955,0.5087044139275484,0.8302066578584559,0.710815190333946,0.8615009382659313,F:\BUET plasma\PCMMD_LOCAL\set1\non_plasma\1692243678381_p_4.jpg,0,non_plasma
0.0,0.4146728515625,0.0,0.0,0.16750416475183827,0.01960914319753647,0.0,0.8386417164522059,0.780065678615196,0.8787801106770833,F:\BUET plasma\PCMMD_LOCAL\set1\non_plasma\1692243678390_p_0.jpg,0,non_plasma
0.0,0.83575439453125,0.0,0.0,0.2557507084865196,0.009598949372768402,0.0,0.7690803079044117,0.6547205307904411,0.8089470358455882,F:\BUET plasma\PCMMD_LOCAL\set1\non_plasma\1692243678408_p_1.jpg,0,non_plasma
0.0,0.2987060546875,0.0,0.0,0.15061705346200982,0.02088397153839469,0.0,0.8510684742647059,0.804214537377451,0.8928658279718137,F:\BUET plasma\PCMMD_LOCAL\set1\non_plasma\1692243678428_p_1.jpg,0,non_plasma
0.0,0.57354736328125,0.0,0.0,0.21152160245608664,0.008415223415941,0.0,0.8097464767156862,0.7338462679993872,0.8218424479166667,F:\BUET plasma\PCMMD_LOCAL\set1\non_plasma\1692243678439_p_2.jpg,0,non_plasma
0.0,0.566650390625,0.0,0.0,0.23276853873059644,0.026357554849237203,0.0,0.7840418198529412,0.7225380093443627,0.7951145546109069,F:\BUET plasma\PCMMD_LOCAL\set1\non_plasma\1692243678448_p_2.jpg,0,non_plasma
0.0,0.52947998046875,0.0,0.0,0.2268032896752451,0.01316716133058071,0.0,0.8029426125919118,0.7174110562193627,0.7992364621629902,F:\BUET plasma\PCMMD_LOCAL\set1\non_plasma\1692243678448_p_3.jpg,0,non_plasma
0.0,0.64154052734375,0.0,0.0,0.2246195076337827,0.009201158463954926,0.0,0.7745928596047794,0.7084587545955883,0.8430898628982844,F:\BUET plasma\PCMMD_LOCAL\set1\non_plasma\1692243678482_p_4.jpg,0,non_plasma
0.0,0.58245849609375,0.0,0.0,0.23060039445465685,0.017693364050239326,0.0,0.7881007774203431,0.7160053327971814,0.8040927064185049,F:\BUET plasma\PCMMD_LOCAL\set1\non_plasma\1692243678495_p_4.jpg,0,non_plasma
0.0,0.482177734375,0.0,0.0,0.21710931117238563,0.008832161869853736,0.0,0.8082421396292893,0.7098132563572304,0.8306166704963235,F:\BUET plasma\PCMMD_LOCAL\set1\non_plasma\1692243678495_p_5.jpg,0,non_plasma
0.0,0.80438232421875,0.0,0.0,0.2891730813419118,0.007859508261084556,0.0,0.7255751665900735,0.6330362955729166,0.7738692938112746,F:\BUET plasma\PCMMD_LOCAL\set1\non_plasma\1692243678506_p_3.jpg,0,non_plasma
0.0,0.75604248046875,0.0,0.0,0.2611036113664216,0.021448964819312095,0.0,0.7708871878829657,0.6479111615349264,0.7978908164828431,F:\BUET plasma\PCMMD_LOCAL\set1\non_plasma\1692243678517_p_3.jpg,0,non_plasma
0.0,0.53607177734375,0.0,0.0,0.21996280445772054,0.009624071594327687,0.0,0.7943862017463236,0.711260866651348,0.8344645182291667,F:\BUET plasma\PCMMD_LOCAL\set1\non_plasma\1692243678530_p_1.jpg,0,non_plasma
0.0,0.66741943359375,0.0,0.0,0.24294864430147056,0.006201220452785492,0.0,0.7676039751838235,0.6599999521292892,0.8435501397824755,F:\BUET plasma\PCMMD_LOCAL\set1\non_plasma\1692243678550_p_2.jpg,0,non_plasma
0.0,0.70037841796875,0.0,0.0,0.24893439797794115,0.0063331260532140735,0.0,0.7573144052542892,0.6444343118106618,0.8514480890012255,F:\BUET plasma\PCMMD_LOCAL\set1\non_plasma\1692243678550_p_3.jpg,0,non_plasma
0.0,0.66644287109375,0.0,0.0,0.24148970460580066,0.0076816253662109375,0.0,0.7695623659620098,0.6710844152113971,0.8348841050091912,F:\BUET plasma\PCMMD_LOCAL\set1\non_plasma\1692243678562_p_2.jpg,0,non_plasma
0.0,0.7471923828125,0.0,0.0,0.243722554125817,0.007683972146362066,0.0,0.7628092447916667,0.664175474877451,0.8418476179534313,F:\BUET plasma\PCMMD_LOCAL\set1\non_plasma\1692243678591_p_1.jpg,0,non_plasma
0.0,0.78466796875,0.0,0.0,0.2622513914419935,0.008562858328223228,0.0,0.7383927887561275,0.6446987974877451,0.8301542394301471,F:\BUET plasma\PCMMD_LOCAL\set1\non_plasma\1692243678601_p_2.jpg,0,non_plasma
0.0,0.71685791015625,0.0,0.0,0.196969624438317,0.01278778013214469,0.0,0.7789261163449754,0.6855890012254902,0.9445760091145833,F:\BUET plasma\PCMMD_LOCAL\set1\non_plasma\1692243678621_p_1.jpg,0,non_plasma
0.0,0.72271728515625,0.0,0.0,0.26556843277675646,0.007133856203407049,0.0,0.7317272709865196,0.6228743010876225,0.8486931295955882,F:\BUET plasma\PCMMD_LOCAL\set1\non_plasma\1692243678649_p_1.jpg,0,non_plasma
0.0,0.69512939453125,0.0,0.0,0.2800454133476308,0.00864809113368392,0.0,0.7208381204044118,0.6304350011488971,0.808590638403799,F:\BUET plasma\PCMMD_LOCAL\set1\non_plasma\1692243678670_p_0.jpg,0,non_plasma
0.0,0.70867919921875,0.0,0.0,0.268502667994281,0.0077837944887578486,0.0,0.731259095435049,0.6358041800704657,0.8274287205116422,F:\BUET plasma\PCMMD_LOCAL\set1\non_plasma\1692243678680_p_3.jpg,0,non_plasma
0.0,0.7093505859375,0.0,0.0,0.2529130923202614,0.01295688983425498,0.0,0.7463843252144607,0.6214408126531863,0.8734355851715686,F:\BUET plasma\PCMMD_LOCAL\set1\non_plasma\1692243678700_p_2.jpg,0,non_plasma
0.0,0.72955322265625,0.0,0.0,0.2611068027471406,0.006161408886313439,0.0,0.7531415153952206,0.6660031786151961,0.7975348977481618,F:\BUET plasma\PCMMD_LOCAL\set1\non_plasma\1692243678711_p_2.jpg,0,non_plasma
0.0,0.71270751953125,0.0,0.0,0.17890792547487744,0.04006814807653427,0.0,0.8118087469362745,0.7254815793504902,0.9259858972886029,F:\BUET plasma\PCMMD_LOCAL\set1\non_plasma\1692243678711_p_3.jpg,0,non_plasma
0.0,0.74371337890625,0.0,0.0,0.2617761948529411,0.0057877061367034915,0.0,0.7428852156096813,0.64727783203125,0.8245083678002451,F:\BUET plasma\PCMMD_LOCAL\set1\non_plasma\1692243678721_p_2.jpg,0,non_plasma
0.0,0.76025390625,0.0,0.0,0.2576578776041667,0.04793646489083767,0.0,0.7505517099417892,0.6608087277879902,0.8156659294577205,F:\BUET plasma\PCMMD_LOCAL\set1\non_plasma\1692243678755_p_1.jpg,0,non_plasma
0.0,0.73468017578125,0.0,0.0,0.28390506918913394,0.00890977631509304,0.0,0.7382640165441177,0.6032233743106618,0.8067974015778187,F:\BUET plasma\PCMMD_LOCAL\set1\non_plasma\1692243678755_p_2.jpg,0,non_plasma
0.0,0.6766357421875,0.0,0.0,0.2443211773641749,0.008929216146469117,0.0,0.7579539579503677,0.6922573912377451,0.8168251187193627,F:\BUET plasma\PCMMD_LOCAL\set1\non_plasma\1692243678766_p_1.jpg,0,non_plasma
0.0,0.6617431640625,0.0,0.0,0.2674755221098857,0.006289009775966406,0.0,0.7513408586090686,0.6467562806372549,0.7994762944240196,F:\BUET plasma\PCMMD_LOCAL\set1\non_plasma\1692243678766_p_2.jpg,0,non_plasma
0.0,0.75341796875,0.0,0.0,0.27207741332209967,0.00850207033380866,0.0,0.7491632199754902,0.64339599609375,0.7912085439644608,F:\BUET plasma\PCMMD_LOCAL\set1\non_plasma\1692243678778_p_4.jpg,0,non_plasma
0.0,0.5802001953125,0.0,0.0,0.1842309091605392,0.012203938987106085,0.0,0.8315578086703431,0.7418988396139706,0.8738506242340687,F:\BUET plasma\PCMMD_LOCAL\set1\non_plasma\1692243678789_p_0.jpg,0,non_plasma
0.0,0.71893310546875,0.0,0.0,0.2785510493259804,0.00794991835579276,0.0,0.7402183383118872,0.629901242723652,0.7942272709865196,F:\BUET plasma\PCMMD_LOCAL\set1\non_plasma\1692243678789_p_1.jpg,0,non_plasma
0.0,0.66375732421875,0.0,0.0,0.23857190499897885,0.007728851046413183,0.0,0.7764531154258578,0.700528013939951,0.8073031556372549,F:\BUET plasma\PCMMD_LOCAL\set1\non_plasma\1692243678789_p_2.jpg,0,non_plasma
0.0,0.69061279296875,0.0,0.0,0.26957329644097217,0.005276977002620697,0.0,0.7479913449754902,0.6750347062653186,0.7682540594362746,F:\BUET plasma\PCMMD_LOCAL\set1\non_plasma\1692243678789_p_5.jpg,0,non_plasma
0.0,0.456298828125,0.0,0.0,0.19803498710682188,0.015930548813194036,0.0,0.8122975068933823,0.7389559876685049,0.854641544117647,F:\BUET plasma\PCMMD_LOCAL\set1\non_plasma\1692243678813_p_2.jpg,0,non_plasma
0.0,0.75909423828125,0.0,0.0,0.24719828686682999,0.03581791916117072,0.0,0.76435546875,0.667986940870098,0.8260627297794118,F:\BUET plasma\PCMMD_LOCAL\set1\non_plasma\1692243678823_p_5.jpg,0,non_plasma
0.0,0.63916015625,0.0,0.0,0.23131207235498374,0.005970328316092491,0.0,0.7800967945772059,0.7088845645680147,0.8170824237898284,F:\BUET plasma\PCMMD_LOCAL\set1\non_plasma\1692243678823_p_6.jpg,0,non_plasma
0.0,0.39837646484375,0.0,0.0,0.16973501965890525,0.017177496910095215,0.0,0.8385854683670343,0.7750545726102941,0.8771549000459559,F:\BUET plasma\PCMMD_LOCAL\set1\non_plasma\1692243678845_p_1.jpg,0,non_plasma
0.0,0.69769287109375,0.0,0.0,0.2583728266697304,0.014352503284811973,0.0,0.7479291130514706,0.6443036247702206,0.8326487821691176,F:\BUET plasma\PCMMD_LOCAL\set1\non_plasma\1692243678954_p_10.jpg,0,non_plasma
0.0,0.7294921875,0.0,0.0,0.2214321959252451,0.009568052276968955,0.0,0.7849805644914216,0.7104978075214461,0.8402250402113971,F:\BUET plasma\PCMMD_LOCAL\set1\non_plasma\1692243679034_p_4.jpg,0,non_plasma
0.0,0.50543212890625,0.0,0.0,0.20209633820976314,0.008630779381841421,0.0,0.8163174498314951,0.7327292049632353,0.8446643305759803,F:\BUET plasma\PCMMD_LOCAL\set1\non_plasma\1692243679034_p_5.jpg,0,non_plasma
0.0,0.641357421875,0.0,0.0,0.25800087124693627,0.003997223123908043,0.0,0.7114736519607843,0.6891201842064951,0.8254035500919118,F:\BUET plasma\PCMMD_LOCAL\set1\non_plasma\1692243679047_p_1.jpg,0,non_plasma
0.0,0.84039306640625,0.0,0.0,0.29713469860600494,0.009229970630258322,0.0,0.7348989449295343,0.5962675206801471,0.777429438572304,F:\BUET plasma\PCMMD_LOCAL\set1\non_plasma\1692243679068_p_2.jpg,0,non_plasma
0.0,0.78204345703125,0.0,0.0,0.29098770041870914,0.011988395806401968,0.0,0.7424586875765932,0.6031321806066177,0.7814460305606618,F:\BUET plasma\PCMMD_LOCAL\set1\non_plasma\1692243679068_p_3.jpg,0,non_plasma
0.0,0.7279052734375,0.0,0.0,0.25223707809946894,0.008651915550231934,0.0,0.7564587162990196,0.6745773016237745,0.812252747778799,F:\BUET plasma\PCMMD_LOCAL\set1\non_plasma\1692243679068_p_4.jpg,0,non_plasma
0.0,0.67767333984375,0.0,0.0,0.2105863683363971,0.008598423328250646,0.0,0.7790072571997549,0.6683466892616422,0.9208869485294118,F:\BUET plasma\PCMMD_LOCAL\set1\non_plasma\1692243679080_p_2.jpg,0,non_plasma
0.0,0.525390625,0.0,0.0,0.22356451695261437,0.01339902776479721,0.0,0.793612611060049,0.7137489468443627,0.8219448912377451,F:\BUET plasma\PCMMD_LOCAL\set1\non_plasma\1692243679080_p_3.jpg,0,non_plasma
0.032470703125,0.4542236328125,0.07148615963450686,0.06904661903473253,0.22491526884191182,0.0375396584533155,0.31292813689493193,0.7947138767616422,0.7139081169577206,0.816632199754902,F:\BUET plasma\PCMMD_LOCAL\set1\non_plasma\1692243679128_p_1.jpg,0,non_plasma
0.0,0.38922119140625,0.0,0.0,0.182147336473652,0.018256929740309714,0.0,0.8278928270526961,0.7420723709405638,0.8835927925857843,F:\BUET plasma\PCMMD_LOCAL\set1\non_plasma\1692243679199_p_1.jpg,0,non_plasma
0.0,0.7464599609375,0.0,0.0,0.24415666168811279,0.027266484200954438,0.0,0.7587392769607844,0.6595492493872549,0.8492414885876225,F:\BUET plasma\PCMMD_LOCAL\set1\non_plasma\1692243679199_p_2.jpg,0,non_plasma
0.0,0.6734619140625,0.0,0.0,0.2271695803972631,0.01524387052282691,0.0,0.7885919309129902,0.6757137522977941,0.8541855755974265,F:\BUET plasma\PCMMD_LOCAL\set1\non_plasma\1692243679210_p_0.jpg,0,non_plasma
0.0,0.71337890625,0.0,0.0,0.2692918964460784,0.009287655260413885,0.0,0.7346837660845589,0.6531317018995098,0.8043088426776961,F:\BUET plasma\PCMMD_LOCAL\set1\non_plasma\1692243679244_p_0.jpg,0,non_plasma
0.0,0.7032470703125,0.0,0.0,0.2120311861723857,0.013060625180602074,0.0,0.7838891122855393,0.688693177466299,0.8913241517310049,F:\BUET plasma\PCMMD_LOCAL\set1\non_plasma\1692243679253_p_1.jpg,0,non_plasma
0.0,0.6893310546875,0.0,0.0,0.21185996859681377,0.011693794932216405,0.0,0.7977759267769607,0.6988673789828431,0.8677767884497549,F:\BUET plasma\PCMMD_LOCAL\set1\non_plasma\1692243679253_p_2.jpg,0,non_plasma
0.0,0.78668212890625,0.0,0.0,0.23946868298100488,0.012938292503356933,0.0,0.7577722886029412,0.6527417949601716,0.8710798674938726,F:\BUET plasma\PCMMD_LOCAL\set1\non_plasma\1692243679264_p_0.jpg,0,non_plasma
0.0,0.79541015625,0.0,0.0,0.26978743808721406,0.012406494125723838,0.0,0.7409361596200981,0.6535625382965686,0.7961389878216911,F:\BUET plasma\PCMMD_LOCAL\set1\non_plasma\1692243679264_p_1.jpg,0,non_plasma
0.0,0.68450927734375,0.0,0.0,0.20967044207005725,0.012028250481933355,0.0,0.8036697686887255,0.6816616881127451,0.8856572169883579,F:\BUET plasma\PCMMD_LOCAL\set1\non_plasma\1692243679264_p_2.jpg,0,non_plasma
0.0,0.78155517578125,0.0,0.0,0.2748561485140931,0.01372421383485198,0.0,0.7403296377144608,0.6243645163143382,0.8107374004289216,F:\BUET plasma\PCMMD_LOCAL\set1\non_plasma\1692243679276_p_2.jpg,0,non_plasma
0.0,0.73388671875,0.0,0.0,0.2297036962571487,0.02610759925469756,0.0,0.7779143688725491,0.6875421262254902,0.8454324161305147,F:\BUET plasma\PCMMD_LOCAL\set1\non_plasma\1692243679287_p_0.jpg,0,non_plasma
0.0,0.6732177734375,0.0,0.0,0.2069040734783496,0.02287331497296691,0.0,0.8122687844669118,0.7057408949908088,0.8612781001072304,F:\BUET plasma\PCMMD_LOCAL\set1\non_plasma\1692243679319_p_1.jpg,0,non_plasma
0.0,0.54150390625,0.0,0.0,0.19898561963848038,0.013636534061282873,0.0,0.8094092275582108,0.7379013959099264,0.8557325176164216,F:\BUET plasma\PCMMD_LOCAL\set1\non_plasma\1692243679331_p_0.jpg,0,non_plasma
0.0,0.64093017578125,0.0,0.0,0.219525026807598,0.02724348383769393,0.0,0.7871931487438726,0.7340839460784314,0.820147824754902,F:\BUET plasma\PCMMD_LOCAL\set1\non_plasma\1692243679331_p_1.jpg,0,non_plasma
0.0,0.40472412109375,0.0,0.0,0.18968027152267153,0.011538567647337914,0.0,0.8183909696691176,0.7628920611213236,0.8496761546415441,F:\BUET plasma\PCMMD_LOCAL\set1\non_plasma\1692243679343_p_10.jpg,0,non_plasma
0.0,0.73150634765625,0.0,0.0,0.2540634255004085,0.01263785296306014,0.0,0.7463577569699755,0.6575547162224264,0.8338972503063725,F:\BUET plasma\PCMMD_LOCAL\set1\non_plasma\1692243679392_p_1.jpg,0,non_plasma
0.0,0.46600341796875,0.0,0.0,0.13826505374285136,0.013538222219794989,0.0,0.8541843788296568,0.7818897920496324,0.9491306678921568,F:\BUET plasma\PCMMD_LOCAL\set1\non_plasma\1692243679392_p_2.jpg,0,non_plasma
0.0,0.45880126953125,0.0,0.0,0.20351738025939548,0.02142300647124648,0.0,0.7978185317095589,0.7427995270373775,0.8488298004748774,F:\BUET plasma\PCMMD_LOCAL\set1\non_plasma\1692243679402_p_1.jpg,0,non_plasma
0.0,0.77740478515625,0.0,0.0,0.24898378459456705,0.01208608864247799,0.0,0.7623786477481618,0.6957016888786764,0.7949683095894607,F:\BUET plasma\PCMMD_LOCAL\set1\non_plasma\1692243679414_p_7.jpg,0,non_plasma
0.0,0.5601806640625,0.0,0.0,0.18781474992340685,0.02131924544274807,0.0,0.8331684187346814,0.7381924498314951,0.8651948816636029,F:\BUET plasma\PCMMD_LOCAL\set1\non_plasma\1692243679438_p_3.jpg,0,non_plasma
0.08636474609375,0.43011474609375,0.20079466439619698,0.1829835579529903,0.2509121763939951,0.024416930850595236,0.5157129478075736,0.7675316904105393,0.6829058478860294,0.7968259325214461,F:\BUET plasma\PCMMD_LOCAL\set1\non_plasma\1692243679438_p_4.jpg,0,non_plasma
0.0,0.42852783203125,0.0,0.0,0.2022313336141749,0.012046683754771947,0.0,0.8167212392769608,0.7514248717064951,0.8251598881740196,F:\BUET plasma\PCMMD_LOCAL\set1\non_plasma\1692243679438_p_5.jpg,0,non_plasma
0.0,0.58013916015625,0.0,0.0,0.22673363779105393,0.014193529602140188,0.0,0.7990902171415442,0.710265873927696,0.810442995557598,F:\BUET plasma\PCMMD_LOCAL\set1\non_plasma\1692243679438_p_6.jpg,0,non_plasma
0.0,0.6365966796875,0.0,0.0,0.21380615234375,0.008403423070907592,0.0,0.8031750248927696,0.6938347311580882,0.8615717869178922,F:\BUET plasma\PCMMD_LOCAL\set1\non_plasma\1692243679438_p_7.jpg,0,non_plasma
0.0,0.65301513671875,0.0,0.0,0.23045821844362746,0.010738400425761938,0.0,0.796685671338848,0.7096308689491422,0.8023088043811275,F:\BUET plasma\PCMMD_LOCAL\set1\non_plasma\1692243679574_p_1.jpg,0,non_plasma
0.0,0.55169677734375,0.0,0.0,0.21323298036662586,0.011205457802861928,0.0,0.7949855430453432,0.7466342103247549,0.8186813055300245,F:\BUET plasma\PCMMD_LOCAL\set1\non_plasma\1692243679616_p_1.jpg,0,non_plasma
0.0125732421875,0.4139404296875,0.030374520790327337,0.02992234856836326,0.17462948069852946,0.020261157929897307,0.4853959094542379,0.8462912166819853,0.7672703163296568,0.8625500248927697,F:\BUET plasma\PCMMD_LOCAL\set1\non_plasma\1692243679636_p_1.jpg,0,non_plasma
0.0,0.4295654296875,0.0,0.0,0.1819959054585376,0.008228982388973237,0.0,0.8266747568167893,0.7678423713235294,0.8594951554840686,F:\BUET plasma\PCMMD_LOCAL\set1\non_plasma\1692243679647_p_1.jpg,0,non_plasma
0.0,0.63665771484375,0.0,0.0,0.22233360140931369,0.005671481356024742,0.0,0.7676128312653187,0.6972266103707108,0.8681597541360294,F:\BUET plasma\PCMMD_LOCAL\set1\non_plasma\1692243679659_p_1.jpg,0,non_plasma
0.0,0.66156005859375,0.0,0.0,0.2421976326337827,0.00699009158834815,0.0,0.7663260665594362,0.6884914024203431,0.8185896331188726,F:\BUET plasma\PCMMD_LOCAL\set1\non_plasma\1692243679659_p_2.jpg,0,non_plasma
0.0,0.67095947265625,0.0,0.0,0.22092013888888884,0.006750713285058737,0.0,0.7684070063572304,0.6921054017310049,0.876727175245098,F:\BUET plasma\PCMMD_LOCAL\set1\non_plasma\1692243679679_p_11.jpg,0,non_plasma
0.0,0.5174560546875,0.0,0.0,0.19544422423917485,0.010733287479728461,0.0,0.7971485811121324,0.7459757486979167,0.8705429974724265,F:\BUET plasma\PCMMD_LOCAL\set1\non_plasma\1692243679679_p_12.jpg,0,non_plasma
0.0,0.583740234375,0.0,0.0,0.18460015190972223,0.012046688079833985,0.0,0.8121100930606617,0.7580152324601716,0.87607421875,F:\BUET plasma\PCMMD_LOCAL\set1\non_plasma\1692243679679_p_13.jpg,0,non_plasma
0.0,0.37286376953125,0.0,0.0,0.16180810866013073,0.006910813804715872,0.0,0.8391276041666667,0.7736677581188726,0.9017803117340686,F:\BUET plasma\PCMMD_LOCAL\set1\non_plasma\1692243679679_p_14.jpg,0,non_plasma
0.0,0.54449462890625,0.0,0.0,0.21640114379084963,0.009232110843062401,0.0,0.8032755533854167,0.7359738817401961,0.8115471335018383,F:\BUET plasma\PCMMD_LOCAL\set1\non_plasma\1692243679679_p_15.jpg,0,non_plasma
0.0,0.603515625,0.0,0.0,0.22182242200265523,0.008654100295156241,0.0,0.8158902037377451,0.7197301528033089,0.7989123774509804,F:\BUET plasma\PCMMD_LOCAL\set1\non_plasma\1692243679691_p_4.jpg,0,non_plasma
0.0,0.6903076171875,0.0,0.0,0.22578691470077605,0.008810880288481713,0.0,0.7951820523131128,0.6950920553768383,0.8323651482077206,F:\BUET plasma\PCMMD_LOCAL\set1\non_plasma\1692243679723_p_1.jpg,0,non_plasma
0.0,0.70599365234375,0.0,0.0,0.2609142029207516,0.005351041734218597,0.0,0.7669548483455882,0.6693637025122549,0.7809388403799019,F:\BUET plasma\PCMMD_LOCAL\set1\non_plasma\1692243679723_p_2.jpg,0,non_plasma
0.0211181640625,0.40277099609375,0.05243218669495378,0.05110385380502252,0.17043034173304739,0.05046819904074073,0.420958085320413,0.833835018382353,0.7407954197303922,0.9140785366881128,F:\BUET plasma\PCMMD_LOCAL\set1\non_plasma\1692243679755_p_1.jpg,0,non_plasma
0.0,0.64385986328125,0.0,0.0,0.20916476779513882,0.01975028096139431,0.0,0.8261067708333333,0.7215805951286764,0.8248183306525735,F:\BUET plasma\PCMMD_LOCAL\set1\non_plasma\1692243679801_p_1.jpg,0,non_plasma
0.0,0.84759521484375,0.0,0.0,0.3420963860804739,0.026741257276386023,0.0,0.6772070791207108,0.5394694010416666,0.757034361596201,F:\BUET plasma\PCMMD_LOCAL\set1\non_plasma\1692243679810_p_1.jpg,0,non_plasma
0.0,0.67230224609375,0.0,0.0,0.25302383323120914,0.02411663818359375,0.0,0.7772302964154412,0.6634272556678922,0.8002709482230392,F:\BUET plasma\PCMMD_LOCAL\set1\non_plasma\1692243679826_p_2.jpg,0,non_plasma
0.0655517578125,0.78619384765625,0.08337861967238569,0.08008450957433466,0.348101926317402,0.03480811308324337,0.45530806514447686,0.6530575022977941,0.5881314146752451,0.7145053040747549,F:\BUET plasma\PCMMD_LOCAL\set1\non_plasma\1692243679826_p_3.jpg,0,non_plasma
0.0,0.82574462890625,0.0,0.0,0.32079288258272054,0.02478745385631919,0.0,0.7019737094056373,0.5888367895986519,0.746810853247549,F:\BUET plasma\PCMMD_LOCAL\set1\non_plasma\1692243679850_p_1.jpg,0,non_plasma
0.0,0.812255859375,0.0,0.0,0.34348894505718963,0.014253429736942052,0.0,0.6772008559283088,0.5561542585784314,0.7361780503216911,F:\BUET plasma\PCMMD_LOCAL\set1\non_plasma\1692243679850_p_2.jpg,0,non_plasma
0.0,0.76171875,0.0,0.0,0.25655796823937904,0.026051045771688222,0.0,0.7680008233762254,0.6425704656862745,0.8197548062193627,F:\BUET plasma\PCMMD_LOCAL\set1\non_plasma\1692243679868_p_0.jpg,0,non_plasma
0.0,0.8798828125,0.0,0.0,0.3600019467422386,0.01759011262282729,0.0,0.6731782801011029,0.5459314682904411,0.7008844113817402,F:\BUET plasma\PCMMD_LOCAL\set1\non_plasma\1692243679868_p_1.jpg,0,non_plasma
0.0,0.78564453125,0.0,0.0,0.3235940372242647,0.008672473099082709,0.0,0.7032015931372549,0.5882783777573529,0.7377379174325981,F:\BUET plasma\PCMMD_LOCAL\set1\non_plasma\1692243679885_p_0.jpg,0,non_plasma
0.0,0.84722900390625,0.0,0.0,0.34136667687908495,0.012454478129744529,0.0,0.6851131663602941,0.5642733704810049,0.7265134325214461,F:\BUET plasma\PCMMD_LOCAL\set1\non_plasma\1692243679920_p_0.jpg,0,non_plasma
0.0,0.65740966796875,0.0,0.0,0.27138935163909317,0.015750096436589957,0.0,0.7543421128216912,0.6449417413449755,0.7865480909160539,F:\BUET plasma\PCMMD_LOCAL\set1\non_plasma\1692243679920_p_2.jpg,0,non_plasma
0.0,0.63751220703125,0.0,0.0,0.2215292138991013,0.013168492421507836,0.0,0.799075377221201,0.7308620078890932,0.8054749731924019,F:\BUET plasma\PCMMD_LOCAL\set1\non_plasma\1692243679961_p_16.jpg,0,non_plasma
0.0,0.87908935546875,0.0,0.0,0.35953281377655233,0.010398191392421723,0.0,0.6567148246017157,0.5590619255514706,0.7056248085171568,F:\BUET plasma\PCMMD_LOCAL\set1\non_plasma\1692243679961_p_17.jpg,0,non_plasma
0.0,0.64306640625,0.0,0.0,0.22578699448529416,0.055561489522457125,0.0,0.7850540460324755,0.7106512331495098,0.8269337373621324,F:\BUET plasma\PCMMD_LOCAL\set1\non_plasma\1692243679961_p_18.jpg,0,non_plasma
0.0,0.692626953125,0.0,0.0,0.3000489876940359,0.008044295653700828,0.0,0.7408696193321078,0.6349322150735294,0.7240512025122549,F:\BUET plasma\PCMMD_LOCAL\set1\non_plasma\1692243679982_p_1.jpg,0,non_plasma
0.0,0.79095458984375,0.0,0.0,0.31189347809436274,0.005975280668586493,0.0,0.6951526118259804,0.6018868240655637,0.7672801298253676,F:\BUET plasma\PCMMD_LOCAL\set1\non_plasma\1692243680012_p_3.jpg,0,non_plasma
0.0,0.7620849609375,0.0,0.0,0.27094734540951804,0.022804559469223024,0.0,0.7693505380667892,0.6689371744791667,0.7488702512254902,F:\BUET plasma\PCMMD_LOCAL\set1\non_plasma\1692243680147_p_2.jpg,0,non_plasma
0.0,0.41046142578125,0.0,0.0,0.20294325086805554,0.01170846027135849,0.0,0.8263437308517156,0.7375521790747549,0.8272743374693627,F:\BUET plasma\PCMMD_LOCAL\set1\non_plasma\1692243680160_p_3.jpg,0,non_plasma
0.0,0.713623046875,0.0,0.0,0.24895099315767977,0.00957387476786971,0.0,0.7772044462316177,0.7005265778186275,0.7754159964767157,F:\BUET plasma\PCMMD_LOCAL\set1\non_plasma\1692243680172_p_0.jpg,0,non_plasma
0.0,0.79547119140625,0.0,0.0,0.27915828929227937,0.010971529360860587,0.0,0.7590930415134803,0.6350147920496324,0.768417298560049,F:\BUET plasma\PCMMD_LOCAL\set1\non_plasma\1692243680172_p_1.jpg,0,non_plasma
0.0,0.7071533203125,0.0,0.0,0.23415790632659317,0.010614713430404663,0.0,0.7822569604013481,0.6926499310661764,0.8226193895526961,F:\BUET plasma\PCMMD_LOCAL\set1\non_plasma\1692243680184_p_1.jpg,0,non_plasma
0.0,0.770263671875,0.0,0.0,0.27923528135212417,0.02153346037864685,0.0,0.743710267310049,0.6589834175857843,0.7596004710477942,F:\BUET plasma\PCMMD_LOCAL\set1\non_plasma\1692243680196_p_2.jpg,0,non_plasma
0.0,0.60028076171875,0.0,0.0,0.21885754953022885,0.01030686354637146,0.0,0.7863499061734068,0.6843692555147058,0.872708189721201,F:\BUET plasma\PCMMD_LOCAL\set1\non_plasma\1692243680196_p_3.jpg,0,non_plasma
0.0,0.64923095703125,0.0,0.0,0.2485793568729575,0.009871142804622651,0.0,0.7781455844056373,0.7060367359834558,0.7700796089920343,F:\BUET plasma\PCMMD_LOCAL\set1\non_plasma\1692243680208_p_2.jpg,0,non_plasma
0.0,0.7830810546875,0.0,0.0,0.29456292445363563,0.009386043544858695,0.0,0.7226148418351716,0.6456423291973039,0.7480540556066176,F:\BUET plasma\PCMMD_LOCAL\set1\non_plasma\1692243680221_p_2.jpg,0,non_plasma
0.0,0.701904296875,0.0,0.0,0.2495677274816176,0.021631205823272468,0.0,0.7700779335171568,0.7358683268229167,0.7453505572150735,F:\BUET plasma\PCMMD_LOCAL\set1\non_plasma\1692243680221_p_3.jpg,0,non_plasma
0.0,0.86712646484375,0.0,0.0,0.30627967984068627,0.009179880127310754,0.0,0.7322208180147058,0.6225954541973039,0.7263446882659313,F:\BUET plasma\PCMMD_LOCAL\set1\non_plasma\1692243680246_p_4.jpg,0,non_plasma
0.0,0.94476318359375,0.0,0.0,0.325561443652982,0.016758107986301184,0.0,0.6953268612132353,0.5991282743566176,0.7288605334712009,F:\BUET plasma\PCMMD_LOCAL\set1\non_plasma\1692243680246_p_5.jpg,0,non_plasma
0.01336669921875,0.68463134765625,0.019523936881519124,0.019335789796979013,0.2584765465430965,0.017484674509614707,0.4509671712323376,0.7768521178002451,0.7312004538143382,0.7165177887561275,F:\BUET plasma\PCMMD_LOCAL\set1\non_plasma\1692243680259_p_5.jpg,0,non_plasma
0.0,0.60107421875,0.0,0.0,0.23475158292483667,0.007907864447683096,0.0,0.7972852519914215,0.7318376129748775,0.7666223862591912,F:\BUET plasma\PCMMD_LOCAL\set1\non_plasma\1692243680272_p_3.jpg,0,non_plasma
0.0,0.81903076171875,0.0,0.0,0.26362400428921573,0.01169880598410964,0.0,0.7624088062959559,0.6953991459865196,0.7513200348498774,F:\BUET plasma\PCMMD_LOCAL\set1\non_plasma\1692243680311_p_5.jpg,0,non_plasma
0.0,0.842041015625,0.0,0.0,0.28388177210988563,0.005714446749538183,0.0,0.7487709195006127,0.6576703239889706,0.7419134401807598,F:\BUET plasma\PCMMD_LOCAL\set1\non_plasma\1692243680324_p_1.jpg,0,non_plasma
0.0,0.84954833984375,0.0,0.0,0.3000829758986928,0.03194032972678542,0.0,0.7314857632506128,0.6351330327052697,0.7331322763480392,F:\BUET plasma\PCMMD_LOCAL\set1\non_plasma\1692243680351_p_5.jpg,0,non_plasma
0.0,0.787841796875,0.0,0.0,0.248934796900531,0.01204854604229331,0.0,0.7834396063112745,0.6663282207414216,0.8034277822457108,F:\BUET plasma\PCMMD_LOCAL\set1\non_plasma\1692243680365_p_3.jpg,0,non_plasma
0.0,0.6866455078125,0.0,0.0,0.24603622536254077,0.00959701156616211,0.0,0.7853235581341912,0.6738633099724265,0.8027044558057598,F:\BUET plasma\PCMMD_LOCAL\set1\non_plasma\1692243680365_p_4.jpg,0,non_plasma
0.0,0.53326416015625,0.0,0.0,0.20706452014399512,0.01372917503118515,0.0,0.8367860083486519,0.7152080461090686,0.8268123851102941,F:\BUET plasma\PCMMD_LOCAL\set1\non_plasma\1692243680378_p_3.jpg,0,non_plasma
0.0,0.76861572265625,0.0,0.0,0.249859499463848,0.012271436199545861,0.0,0.76837158203125,0.7000155579810049,0.782034361596201,F:\BUET plasma\PCMMD_LOCAL\set1\non_plasma\1692243680378_p_4.jpg,0,non_plasma
0.0,0.802490234375,0.0,0.0,0.2842388876123366,0.019627155244350433,0.0,0.7245476217830882,0.6711186427696079,0.7516170726102941,F:\BUET plasma\PCMMD_LOCAL\set1\non_plasma\1692243680390_p_10.jpg,0,non_plasma
0.0,0.8349609375,0.0,0.0,0.2981624827665441,0.011646551474928856,0.0,0.7288337258731618,0.648165833716299,0.7285129921109068,F:\BUET plasma\PCMMD_LOCAL\set1\non_plasma\1692243680390_p_11.jpg,0,non_plasma
0.0,0.87884521484375,0.0,0.0,0.2971427568423203,0.01566795526444912,0.0,0.7171831916360294,0.6323017195159314,0.7590868183210784,F:\BUET plasma\PCMMD_LOCAL\set1\non_plasma\1692243680390_p_12.jpg,0,non_plasma
0.0,0.6256103515625,0.0,0.0,0.20503512114481215,0.012073552951216697,0.0,0.8176820044424019,0.7168655694699755,0.8503470626531863,F:\BUET plasma\PCMMD_LOCAL\set1\non_plasma\1692243680390_p_8.jpg,0,non_plasma
0.0,0.6953125,0.0,0.0,0.2489465252246732,0.009473145987838506,0.0,0.7843893612132353,0.7117249731924019,0.7570460899203432,F:\BUET plasma\PCMMD_LOCAL\set1\non_plasma\1692243680390_p_9.jpg,0,non_plasma
0.0,0.71826171875,0.0,0.0,0.24728150211907685,0.03298438807949424,0.0,0.780441224341299,0.690380859375,0.7873334099264706,F:\BUET plasma\PCMMD_LOCAL\set1\non_plasma\1692243680402_p_5.jpg,0,non_plasma
0.0,0.84173583984375,0.0,0.0,0.2937862221711601,0.018679843958467245,0.0,0.7498070810355392,0.6472754384957108,0.7215588139552697,F:\BUET plasma\PCMMD_LOCAL\set1\non_plasma\1692243680402_p_6.jpg,0,non_plasma
0.0,0.4920654296875,0.0,0.0,0.21981735728145424,0.013873258054256439,0.0,0.8123750574448529,0.7363262101715686,0.7918466605392157,F:\BUET plasma\PCMMD_LOCAL\set1\non_plasma\1692243680402_p_7.jpg,0,non_plasma
0.0,0.48834228515625,0.0,0.0,0.19421482460171569,0.017462886571884155,0.0,0.8392274145986519,0.7446585860906862,0.8334695255055147,F:\BUET plasma\PCMMD_LOCAL\set1\non_plasma\1692243680402_p_8.jpg,0,non_plasma
0.0,0.82647705078125,0.0,0.0,0.2820934819240196,0.011294363975524902,0.0,0.7473623238357843,0.6694740445006128,0.7368831858915441,F:\BUET plasma\PCMMD_LOCAL\set1\non_plasma\1692243680402_p_9.jpg,0,non_plasma
0.0,0.96026611328125,0.0,0.0,0.31025382646548194,0.008760168179869653,0.0,0.7142594879748775,0.6367539349724265,0.71822509765625,F:\BUET plasma\PCMMD_LOCAL\set1\non_plasma\1692243680415_p_10.jpg,0,non_plasma
0.0,0.7249755859375,0.0,0.0,0.26511294296364374,0.009684706594794989,0.0,0.7556913488051471,0.6986105526194853,0.7503592696844362,F:\BUET plasma\PCMMD_LOCAL\set1\non_plasma\1692243680415_p_8.jpg,0,non_plasma
0.0,0.89764404296875,0.0,0.0,0.31244087967218137,0.013337215423583985,0.0,0.7276565850949754,0.6372931985294118,0.6977275773590687,F:\BUET plasma\PCMMD_LOCAL\set1\non_plasma\1692243680415_p_9.jpg,0,non_plasma
0.0,0.68896484375,0.0,0.0,0.242092955346201,0.02190034621953964,0.0,0.7766984528186275,0.7068088905484069,0.7902137905943627,F:\BUET plasma\PCMMD_LOCAL\set1\non_plasma\1692243680428_p_8.jpg,0,non_plasma
0.0,0.731201171875,0.0,0.0,0.2672945708231209,0.021657867934554816,0.0,0.7469764859068627,0.6934938916973039,0.7576459099264706,F:\BUET plasma\PCMMD_LOCAL\set1\non_plasma\1692243680428_p_9.jpg,0,non_plasma
0.0,0.76123046875,0.0,0.0,0.27584005118974675,0.021733290180563927,0.0,0.7420108570772059,0.6974372414981618,0.7330317478553922,F:\BUET plasma\PCMMD_LOCAL\set1\non_plasma\1692243680440_p_10.jpg,0,non_plasma
0.0,0.5010986328125,0.0,0.0,0.195486270680147,0.019825740814208983,0.0,0.8105878044577206,0.7545639935661764,0.8483893899356618,F:\BUET plasma\PCMMD_LOCAL\set1\non_plasma\1692243680440_p_4.jpg,0,non_plasma
0.0,0.5245361328125,0.0,0.0,0.1902851179534314,0.022222943779081107,0.0,0.8291271733302696,0.764761412377451,0.8352560604319853,F:\BUET plasma\PCMMD_LOCAL\set1\non_plasma\1692243680440_p_5.jpg,0,non_plasma
0.0,0.70416259765625,0.0,0.0,0.25343185125612744,0.009654967959970236,0.0,0.765771723728554,0.7145613128063726,0.7593714096966911,F:\BUET plasma\PCMMD_LOCAL\set1\non_plasma\1692243680440_p_6.jpg,0,non_plasma
0.0,0.47515869140625,0.0,0.0,0.2158839805453432,0.012079766061156988,0.0,0.810128963694853,0.7505914426317402,0.7916276520373775,F:\BUET plasma\PCMMD_LOCAL\set1\non_plasma\1692243680440_p_7.jpg,0,non_plasma
0.0,0.81964111328125,0.0,0.0,0.31976102941176465,0.07206776243075728,0.0,0.7022803213082108,0.6082632027420343,0.7301733877144608,F:\BUET plasma\PCMMD_LOCAL\set1\non_plasma\1692243680440_p_8.jpg,0,non_plasma
0.0,0.85662841796875,0.0,0.0,0.3146597669015523,0.03328676599264145,0.0,0.6979181027879902,0.6262578029258579,0.7318447935814951,F:\BUET plasma\PCMMD_LOCAL\set1\non_plasma\1692243680440_p_9.jpg,0,non_plasma
0.0,0.5172119140625,0.0,0.0,0.19247280943627454,0.015223939657211303,0.0,0.8205157111672794,0.7607998717064951,0.841265988817402,F:\BUET plasma\PCMMD_LOCAL\set1\non_plasma\1692243680452_p_6.jpg,0,non_plasma
0.0,0.762451171875,0.0,0.0,0.26324255450878276,0.008470256295055151,0.0,0.7679400275735294,0.7048210592830882,0.7375112496170343,F:\BUET plasma\PCMMD_LOCAL\set1\non_plasma\1692243680452_p_7.jpg,0,non_plasma
0.0,0.85064697265625,0.0,0.0,0.28915983711192805,0.0077250298820436,0.0,0.7441114238664216,0.6618202359068628,0.7265888288909313,F:\BUET plasma\PCMMD_LOCAL\set1\non_plasma\1692243680452_p_8.jpg,0,non_plasma
0.0,0.6715087890625,0.0,0.0,0.24693779041564545,0.023145384069532156,0.0,0.7689927045036765,0.7120988434436275,0.7780950808057598,F:\BUET plasma\PCMMD_LOCAL\set1\non_plasma\1692243680452_p_9.jpg,0,non_plasma
0.0,0.82391357421875,0.0,0.0,0.3050798004748775,0.044985237535089255,0.0,0.702304017310049,0.6303567325367647,0.752099848728554,F:\BUET plasma\PCMMD_LOCAL\set1\non_plasma\1692243680465_p_10.jpg,0,non_plasma
0.0,0.79827880859375,0.0,0.0,0.27014942044526136,0.008511333074420691,0.0,0.7596820906096814,0.6973044002757353,0.7325652477787991,F:\BUET plasma\PCMMD_LOCAL\set1\non_plasma\1692243680465_p_11.jpg,0,non_plasma
0.0,0.8170166015625,0.0,0.0,0.24572434768178097,0.015312125191092492,0.0,0.7775797526041667,0.6674208697150735,0.8178263346354167,F:\BUET plasma\PCMMD_LOCAL\set1\non_plasma\1692243680465_p_12.jpg,0,non_plasma
0.0,0.7705078125,0.0,0.0,0.24200072444342313,0.011056630849838257,0.0,0.7755610447303921,0.7053318397671569,0.7931049421721814,F:\BUET plasma\PCMMD_LOCAL\set1\non_plasma\1692243680465_p_13.jpg,0,non_plasma
0.0,0.7618408203125,0.0,0.0,0.24420884076286764,0.008066050942987204,0.0,0.786495911841299,0.6793076459099264,0.8015699199601716,F:\BUET plasma\PCMMD_LOCAL\set1\non_plasma\1692243680465_p_14.jpg,0,non_plasma
0.0,0.66204833984375,0.0,0.0,0.25534245110804743,0.011162837982177735,0.0,0.7838635014552696,0.7226069431678922,0.7275022020526961,F:\BUET plasma\PCMMD_LOCAL\set1\non_plasma\1692243680465_p_9.jpg,0,non_plasma
0.0,0.64306640625,0.0,0.0,0.26184209686478765,0.010564462408423424,0.0,0.75196533203125,0.6701698452818627,0.7923385320925245,F:\BUET plasma\PCMMD_LOCAL\set1\non_plasma\1692243680543_p_2.jpg,0,non_plasma
0.0,0.7552490234375,0.0,0.0,0.2519248812806373,0.010990007624030114,0.0,0.7686324774050245,0.6849281460631127,0.790664732689951,F:\BUET plasma\PCMMD_LOCAL\set1\non_plasma\1692243680581_p_1.jpg,0,non_plasma
0.0,0.86773681640625,0.0,0.0,0.34899216196895433,0.022601986315101383,0.0,0.6678655886182598,0.5707845052083333,0.7143734202665442,F:\BUET plasma\PCMMD_LOCAL\set1\non_plasma\1692243680660_p_1.jpg,0,non_plasma
0.0,0.7064208984375,0.0,0.0,0.2751767227073121,0.017730415280908345,0.0,0.7415915096507353,0.6625426049325981,0.7703357172947304,F:\BUET plasma\PCMMD_LOCAL\set1\non_plasma\1692243680672_p_1.jpg,0,non_plasma
0.0,0.67266845703125,0.0,0.0,0.23463701235702605,0.01910914823040366,0.0,0.7804180070465686,0.6784648820465686,0.8372060738357843,F:\BUET plasma\PCMMD_LOCAL\set1\non_plasma\1692243680672_p_2.jpg,0,non_plasma
0.01177978515625,0.94464111328125,0.012470116947728888,0.012393005437306912,0.3827889635671977,0.03646055399999022,0.08775826514997605,0.6254298789828432,0.5027475394454657,0.7234556908700981,F:\BUET plasma\PCMMD_LOCAL\set1\non_plasma\IMG00000_p_0.jpg,0,non_plasma
0.021484375,0.95050048828125,0.022603223527900854,0.022351555945025383,0.3882620219311682,0.0417747840732336,0.23140017509392985,0.6337538775275735,0.4690831801470588,0.7323768765318628,F:\BUET plasma\PCMMD_LOCAL\set1\non_plasma\IMG00000_p_1.jpg,0,non_plasma
0.0,0.81341552734375,0.0,0.0,0.25281886680453436,0.0727543580532074,0.0,0.7740792068780638,0.593899356617647,0.8735648360906862,F:\BUET plasma\PCMMD_LOCAL\set1\non_plasma\IMG00000_p_2.jpg,0,non_plasma
0.0,0.85394287109375,0.0,0.0,0.30913421032475485,0.05773625895008445,0.0,0.704885684742647,0.5483793370863971,0.8193323471966911,F:\BUET plasma\PCMMD_LOCAL\set1\non_plasma\IMG00000_p_21.jpg,0,non_plasma
0.0,0.99334716796875,0.0,0.0,0.3649422838796976,0.03202042811736464,0.0,0.6683107862285539,0.45742283241421566,0.7794395297181372,F:\BUET plasma\PCMMD_LOCAL\set1\non_plasma\IMG00000_p_22.jpg,0,non_plasma
0.0,0.8834228515625,0.0,0.0,0.2504781486162173,0.07945589250326157,0.0,0.7757453469669118,0.5692906996783088,0.9035295075061275,F:\BUET plasma\PCMMD_LOCAL\set1\non_plasma\IMG00000_p_3.jpg,0,non_plasma
0.0,0.817138671875,0.0,0.0,0.25316600924223864,0.05073400473594666,0.0,0.7541477577359068,0.5898806104473039,0.8964736040900735,F:\BUET plasma\PCMMD_LOCAL\set1\non_plasma\IMG00002_p_0.jpg,0,non_plasma
0.0,0.77569580078125,0.0,0.0,0.21175146165236924,0.12490009212493897,0.0,0.7960760378370098,0.6214855717677696,0.9471840054381128,F:\BUET plasma\PCMMD_LOCAL\set1\non_plasma\IMG00002_p_16.jpg,0,non_plasma
0.0,0.8759765625,0.0,0.0,0.3015360913245506,0.05507243102788925,0.0,0.7184122721354167,0.5442808861825981,0.8326985677083333,F:\BUET plasma\PCMMD_LOCAL\set1\non_plasma\IMG00002_p_17.jpg,0,non_plasma
0.0,0.84442138671875,0.0,0.0,0.2174180772569445,0.1856508555673063,0.0,0.7914354511335784,0.6023774988511029,0.9539328182444853,F:\BUET plasma\PCMMD_LOCAL\set1\non_plasma\IMG00002_p_18.jpg,0,non_plasma
0.0,0.70123291015625,0.0,0.0,0.19192221647773688,0.09915421336889267,0.0,0.8393772499234069,0.6343276079963235,0.9505284926470589,F:\BUET plasma\PCMMD_LOCAL\set1\non_plasma\IMG00002_p_19.jpg,0,non_plasma
0.0,0.77825927734375,0.0,0.0,0.21628737106821894,0.11220423947274685,0.0,0.8097053079044118,0.5862115598192402,0.9552210190716912,F:\BUET plasma\PCMMD_LOCAL\set1\non_plasma\IMG00002_p_20.jpg,0,non_plasma
0.0,0.84271240234375,0.0,0.0,0.2818321876276553,0.07006039228662848,0.0,0.7022896560968137,0.5354030235140932,0.9168107575061275,F:\BUET plasma\PCMMD_LOCAL\set1\non_plasma\IMG00002_p_21.jpg,0,non_plasma
0.0,0.76263427734375,0.0,0.0,0.23531406377655228,0.061685214385390284,0.0,0.7936844171262255,0.5838886335784313,0.9164847579656863,F:\BUET plasma\PCMMD_LOCAL\set1\non_plasma\IMG00002_p_22.jpg,0,non_plasma
0.00299072265625,0.96173095703125,0.003109729009329187,0.0031049038028750846,0.32488064236111114,0.06087431710585952,0.4596928553512869,0.7112199371936274,0.48996151194852944,0.8241766237745098,F:\BUET plasma\PCMMD_LOCAL\set1\non_plasma\IMG00002_p_23.jpg,0,non_plasma
0.0,0.93017578125,0.0,0.0,0.3210732453788807,0.06271644252538681,0.0,0.6742115693933823,0.48208295036764703,0.8804857441023284,F:\BUET plasma\PCMMD_LOCAL\set1\non_plasma\IMG00002_p_24.jpg,0,non_plasma
0.0,0.98187255859375,0.0,0.0,0.4146534639246323,0.054342246755957606,0.0,0.5875038296568628,0.36899126838235297,0.7995445101868872,F:\BUET plasma\PCMMD_LOCAL\set1\non_plasma\IMG00002_p_25.jpg,0,non_plasma
0.24481201171875,0.75518798828125,0.32417360381475796,0.2807885696252586,0.5495589511846405,0.047806854009628294,0.12961389066923495,0.4509341969209559,0.3461169672947304,0.5542719822303922,F:\BUET plasma\PCMMD_LOCAL\set1\non_plasma\IMG00003_p_0.jpg,0,non_plasma
0.15130615234375,0.84869384765625,0.1782811938151744,0.1640567611711691,0.508462504467933,0.0332816691249609,0.34655225886197183,0.4952744427849265,0.39920702167585786,0.5801310221354167,F:\BUET plasma\PCMMD_LOCAL\set1\non_plasma\IMG00003_p_1.jpg,0,non_plasma
0.302734375,0.697265625,0.4341736694677871,0.36058884325986873,0.5898193359375,0.033814915597438815,0.06016495695059839,0.40739554610906864,0.30111873851102944,0.5220277075674019,F:\BUET plasma\PCMMD_LOCAL\set1\non_plasma\IMG00003_p_17.jpg,0,non_plasma
0.01007080078125,0.98992919921875,0.010173253591466798,0.010121854351544819,0.5018813189338236,0.05428784343227744,0.3737845716448252,0.49090193206188726,0.3859185910692402,0.617535520067402,F:\BUET plasma\PCMMD_LOCAL\set1\non_plasma\IMG00003_p_18.jpg,0,non_plasma
0.0037841796875,0.9962158203125,0.0037985540987624067,0.0037913578100461547,0.5015748666002859,0.05141214441880584,0.11124970113034137,0.5072787415747549,0.401065123314951,0.5869315353094363,F:\BUET plasma\PCMMD_LOCAL\set1\non_plasma\IMG00003_p_19.jpg,0,non_plasma
0.0521240234375,0.9478759765625,0.054990341274951705,0.05353161169650158,0.5088376512714461,0.06366551166400314,0.10251182964512055,0.5023449467677696,0.3839819814644608,0.5871601179534314,F:\BUET plasma\PCMMD_LOCAL\set1\non_plasma\IMG00003_p_2.jpg,0,non_plasma
0.26324462890625,0.73675537109375,0.3573026261287383,0.30549936713810727,0.5887239742902369,0.04162171658501029,0.043407953606831126,0.4088098862591912,0.2964092179840686,0.5286089728860294,F:\BUET plasma\PCMMD_LOCAL\set1\non_plasma\IMG00003_p_20.jpg,0,non_plasma
0.0,1.0,0.0,0.0,0.4596181832107843,0.06079100674018264,0.0,0.560302495021446,0.420367311963848,0.640475643382353,F:\BUET plasma\PCMMD_LOCAL\set1\non_plasma\IMG00003_p_21.jpg,0,non_plasma
0.00494384765625,0.99505615234375,0.004968410721953015,0.004956108899580032,0.4617425257863562,0.09979119050130249,0.22296669296404134,0.5407695695465686,0.4215097464767157,0.652493106617647,F:\BUET plasma\PCMMD_LOCAL\set1\non_plasma\IMG00003_p_22.jpg,0,non_plasma
0.00140380859375,0.99859619140625,0.0014057820426624289,0.0014047948561577647,0.5268658407373366,0.061353912141174076,0.12092828588242283,0.4661929859834559,0.35955068550857844,0.5936588062959559,F:\BUET plasma\PCMMD_LOCAL\set1\non_plasma\IMG00005_p_0.jpg,0,non_plasma
0.0,1.0,0.0,0.0,0.47458408330780233,0.059605814874172214,0.0,0.5303734872855392,0.42160788143382355,0.6242663813572303,F:\BUET plasma\PCMMD_LOCAL\set1\non_plasma\IMG00005_p_1.jpg,0,non_plasma
0.0,1.0,0.0,0.0,0.48026609732434644,0.054311123874038456,0.0,0.5170233034620098,0.40653889973958335,0.6356395048253677,F:\BUET plasma\PCMMD_LOCAL\set1\non_plasma\IMG00005_p_14.jpg,0,non_plasma
0.0015869140625,0.9981689453125,0.001589825119236884,0.0015885626851378475,0.4773984023948121,0.07287842163071036,0.1387197821331097,0.5148210114123775,0.4071293849571078,0.6458543964460784,F:\BUET plasma\PCMMD_LOCAL\set1\non_plasma\IMG00005_p_15.jpg,0,non_plasma
0.00030517578125,0.99969482421875,0.00030526894193784725,0.0003052223568548029,0.43714495889501626,0.0975926513671875,0.0,0.5806157130821078,0.445492493872549,0.6624569163602941,F:\BUET plasma\PCMMD_LOCAL\set1\non_plasma\IMG00005_p_16.jpg,0,non_plasma
0.0013427734375,0.9986572265625,0.0013445789023346778,0.0013436757655908057,0.47220179738562096,0.026480780348181725,0.7689393938672696,0.550369322533701,0.4105435240502451,0.6224817612591912,F:\BUET plasma\PCMMD_LOCAL\set1\non_plasma\IMG00005_p_17.jpg,0,non_plasma
0.0,1.0,0.0,0.0,0.4586166481566585,0.08144804166257381,0.0,0.5503525677849265,0.4535206514246323,0.6202768363204657,F:\BUET plasma\PCMMD_LOCAL\set1\non_plasma\IMG00005_p_2.jpg,0,non_plasma
0.00543212890625,0.99456787109375,0.005461798097575943,0.005446936567572415,0.46650135314542485,0.04257188963890075,0.5632797307540118,0.5539811676623775,0.4337825999540441,0.612732172947304,F:\BUET plasma\PCMMD_LOCAL\set1\non_plasma\IMG00005_p_3.jpg,0,non_plasma
0.0,0.6533203125,0.0,0.0,0.2410153058619281,0.04832362267002464,0.0,0.7649684532015931,0.575167786841299,0.9368178423713235,F:\BUET plasma\PCMMD_LOCAL\set1\non_plasma\IMG00006_p_13.jpg,0,non_plasma
0.0,0.817626953125,0.0,0.0,0.3090076720792484,0.051868681907653806,0.0,0.6927748736213235,0.49964575674019607,0.8805563534007353,F:\BUET plasma\PCMMD_LOCAL\set1\non_plasma\IMG00006_p_14.jpg,0,non_plasma
0.0,0.8702392578125,0.0,0.0,0.31324223537071083,0.029741247799247503,0.0,0.6786901137408088,0.5314041436887255,0.8501790364583334,F:\BUET plasma\PCMMD_LOCAL\set1\non_plasma\IMG00007_p_0.jpg,0,non_plasma
0.0,0.851318359375,0.0,0.0,0.3108562793607026,0.03851693531498313,0.0,0.6892195159313725,0.4940321978400735,0.8841794481464461,F:\BUET plasma\PCMMD_LOCAL\set1\non_plasma\IMG00007_p_1.jpg,0,non_plasma
0.0,0.74200439453125,0.0,0.0,0.2938925749336192,0.08253409090265632,0.0,0.7218405330882353,0.5610969094669118,0.8353848326439951,F:\BUET plasma\PCMMD_LOCAL\set1\non_plasma\IMG00007_p_14.jpg,0,non_plasma
0.0,0.93450927734375,0.0,0.0,0.373385640063317,0.07701824802160263,0.0,0.6060522939644608,0.4526537128523284,0.8211370729932598,F:\BUET plasma\PCMMD_LOCAL\set1\non_plasma\IMG00007_p_15.jpg,0,non_plasma
0.0,0.70159912109375,0.0,0.0,0.29173272824754903,0.04658221304044127,0.0,0.7089561312806373,0.5449333639705882,0.8709123200061275,F:\BUET plasma\PCMMD_LOCAL\set1\non_plasma\IMG00007_p_2.jpg,0,non_plasma
0.0,0.79498291015625,0.0,0.0,0.2643123851102941,0.07752072048187256,0.0,0.7643490062040441,0.5887484681372549,0.8539653703278186,F:\BUET plasma\PCMMD_LOCAL\set1\non_plasma\IMG00008_p_0.jpg,0,non_plasma
0.0,0.8411865234375,0.0,0.0,0.2670762005974264,0.20252281659841537,0.0,0.7042805989583333,0.5576832490808824,0.9368075501685049,F:\BUET plasma\PCMMD_LOCAL\set1\non_plasma\IMG00008_p_1.jpg,0,non_plasma
0.0,0.84967041015625,0.0,0.0,0.29697648590686276,0.19423750629648567,0.0,0.6778995289522058,0.5151510799632353,0.9160199333639706,F:\BUET plasma\PCMMD_LOCAL\set1\non_plasma\IMG00010_p_0.jpg,0,non_plasma
0.0362548828125,0.95831298828125,0.037831985223871094,0.0371339076961403,0.4284442976409314,0.027302298095077275,0.10215567152054572,0.5699063170189951,0.43710267310049017,0.7076581169577206,F:\BUET plasma\PCMMD_LOCAL\set1\non_plasma\IMG00010_p_1.jpg,0,non_plasma
0.0,0.91290283203125,0.0,0.0,0.3375278447967729,0.08173846791684627,0.0,0.6764054840686274,0.5235674689797795,0.7874435125612745,F:\BUET plasma\PCMMD_LOCAL\set1\non_plasma\IMG00012_p_0.jpg,0,non_plasma
0.00115966796875,0.99285888671875,0.0011680088522776173,0.0011673272606232152,0.3418864730136847,0.07044052980840206,0.17031583558007152,0.684176575903799,0.5110854204963236,0.7790785845588235,F:\BUET plasma\PCMMD_LOCAL\set1\non_plasma\IMG00012_p_1.jpg,0,non_plasma
0.0,0.82025146484375,0.0,0.0,0.21819262535743467,0.13215209102258085,0.0,0.796981751685049,0.6209709616268382,0.9274694106158088,F:\BUET plasma\PCMMD_LOCAL\set1\non_plasma\IMG00012_p_2.jpg,0,non_plasma
0.0,0.8963623046875,0.0,0.0,0.2783220677593955,0.21648353212699295,0.0,0.6923758712469362,0.5364162071078431,0.9362417183670343,F:\BUET plasma\PCMMD_LOCAL\set1\non_plasma\IMG00014_p_0.jpg,0,non_plasma
0.0,0.72296142578125,0.0,0.0,0.24874881918913394,0.18828646920621395,0.0,0.7331937902113971,0.5837754193474265,0.9367843328737745,F:\BUET plasma\PCMMD_LOCAL\set1\non_plasma\IMG00014_p_6.jpg,0,non_plasma
0.55706787109375,0.44293212890625,1.2576822378393275,0.8143387285610973,0.6668783349928513,0.1267327567189932,0.3019371690713737,0.3165218577665441,0.28347862094056375,0.3993645163143382,F:\BUET plasma\PCMMD_LOCAL\set1\non_plasma\IMG00083_p_0.jpg,0,non_plasma
0.57513427734375,0.42486572265625,1.3536848154000862,0.8559821066705678,0.6050097496680964,0.12438804326951504,0.6610982826218662,0.3821061676623774,0.3164050532322304,0.48645953010110293,F:\BUET plasma\PCMMD_LOCAL\set1\non_plasma\IMG00083_p_1.jpg,0,non_plasma
0.28045654296875,0.71954345703125,0.38977012469251,0.3291383555471069,0.5685190238204657,0.2746594388484955,0.026271978009861165,0.43282566444546566,0.35399193857230393,0.5076253255208333,F:\BUET plasma\PCMMD_LOCAL\set1\non_plasma\IMG00083_p_11.jpg,0,non_plasma
0.36737060546875,0.63262939453125,0.5807042932947419,0.4578705029693544,0.593786381740196,0.2220054762326181,0.6549582123483344,0.38925254672181375,0.338809263939951,0.4905790441176471,F:\BUET plasma\PCMMD_LOCAL\set1\non_plasma\IMG00083_p_12.jpg,0,non_plasma
0.34527587890625,0.65472412109375,0.52736086510674,0.42354132124180505,0.6128198561325572,0.11969039130210876,0.7598388204306453,0.3783581303615196,0.3387484681372549,0.44443383310355394,F:\BUET plasma\PCMMD_LOCAL\set1\non_plasma\IMG00083_p_2.jpg,0,non_plasma
0.4434814453125,0.5565185546875,0.796885281860057,0.5860547670658476,0.5972117704503677,0.23665031596645714,0.2282857762744386,0.3888154871323529,0.31843884037990194,0.5011103611366422,F:\BUET plasma\PCMMD_LOCAL\set1\non_plasma\IMG00085_p_0.jpg,0,non_plasma
0.2525634765625,0.72137451171875,0.3501142228614942,0.30018919839818664,0.49176583882250824,0.2816640374660492,0.1417783873587717,0.4863561293658088,0.43595449410232845,0.6023918600643382,F:\BUET plasma\PCMMD_LOCAL\set1\non_plasma\IMG00085_p_1.jpg,0,non_plasma
0.13800048828125,0.84539794921875,0.16323731138545952,0.15120690378324492,0.5119450986774918,0.3302128312587738,0.046322961299094564,0.464962708716299,0.39965437346813726,0.5995476217830882,F:\BUET plasma\PCMMD_LOCAL\set1\non_plasma\IMG00085_p_10.jpg,0,non_plasma
0.2401123046875,0.731689453125,0.3281614948281615,0.28379565121196965,0.5315257352941176,0.2610989009998739,0.06666975777680674,0.4376551011029412,0.3814505782781863,0.5863171147365196,F:\BUET plasma\PCMMD_LOCAL\set1\non_plasma\IMG00085_p_11.jpg,0,non_plasma
0.36322021484375,0.6290283203125,0.5774306229380943,0.4557973353460543,0.5618386661305147,0.24016265773773193,0.31369055526778494,0.4012075386795343,0.34335746017156865,0.569919002757353,F:\BUET plasma\PCMMD_LOCAL\set1\non_plasma\IMG00085_p_12.jpg,0,non_plasma
0.48211669921875,0.51666259765625,0.9331364441819255,0.6591437844820535,0.5682917177287581,0.2089889017306268,0.4453984883020908,0.39618183210784313,0.3520850088082108,0.5468580058976715,F:\BUET plasma\PCMMD_LOCAL\set1\non_plasma\IMG00085_p_13.jpg,0,non_plasma
0.3583984375,0.6416015625,0.558599695585997,0.44378778711484257,0.6315234215430964,0.13701647898182273,0.6146857622116012,0.37086133769914215,0.32178117340686274,0.4127872242647059,F:\BUET plasma\PCMMD_LOCAL\set1\non_plasma\IMG00085_p_14.jpg,0,non_plasma
0.3203125,0.6754150390625,0.4742454364720766,0.3881462904024706,0.5306002348856209,0.18698871937021613,0.13908254965208633,0.4423473881740196,0.3814730775122549,0.5843788296568627,F:\BUET plasma\PCMMD_LOCAL\set1\non_plasma\IMG00085_p_2.jpg,0,non_plasma
0.41192626953125,0.56109619140625,0.7341455455237681,0.5505148111241138,0.5467417598549836,0.21653328701481223,0.17335756542946398,0.42542557061887254,0.35915718826593135,0.5751919615502451,F:\BUET plasma\PCMMD_LOCAL\set1\non_plasma\IMG00085_p_3.jpg,0,non_plasma
0.17041015625,0.80859375,0.2107487922705314,0.19123900479546457,0.501699729370915,0.2239357699006796,0.04553000642309929,0.48194316789215685,0.4324805166207108,0.5804771273743873,F:\BUET plasma\PCMMD_LOCAL\set1\non_plasma\IMG00085_p_4.jpg,0,non_plasma
0.3782958984375,0.617919921875,0.6122086131963651,0.4776050483641735,0.5529392616421569,0.18568474143743516,0.5145468802633846,0.4229293524050245,0.3717751895680147,0.5464776731004902,F:\BUET plasma\PCMMD_LOCAL\set1\non_plasma\IMG00085_p_7.jpg,0,non_plasma
0.60577392578125,0.39422607421875,1.5366155751664343,0.9308307418067616,0.6829427881178514,0.15930712638795375,0.6794350966693482,0.31611735026041665,0.23979970894607844,0.395254576439951,F:\BUET plasma\PCMMD_LOCAL\set1\non_plasma\IMG00085_p_8.jpg,0,non_plasma
0.3363037109375,0.6573486328125,0.5116063138347261,0.41317286940609704,0.5336140152675654,0.12517542785406113,0.5887598748909224,0.4448787913602941,0.4003432329963235,0.5539359298406863,F:\BUET plasma\PCMMD_LOCAL\set1\non_plasma\IMG00085_p_9.jpg,0,non_plasma
1.0,0.0,25.0,3.258096538021482,0.8110728145424837,0.15985859474167227,0.7853981633974483,0.18324261833639705,0.1572820925245098,0.22625684551164216,F:\BUET plasma\PCMMD_LOCAL\set1\non_plasma\IMG00100_p_2.jpg,0,non_plasma
0.0,0.98040771484375,0.0,0.0,0.3952525818270016,0.06131860115751624,0.0,0.6421032475490196,0.4640524471507353,0.7080865598192402,F:\BUET plasma\PCMMD_LOCAL\set1\non_plasma\IMG00233_p_11.jpg,0,non_plasma
0.005126953125,0.881103515625,0.005818786367414797,0.005801922616107895,0.32744898577920745,0.07300658796727658,0.34037707456828814,0.6996955422794118,0.5433399873621324,0.7746175130208334,F:\BUET plasma\PCMMD_LOCAL\set1\non_plasma\IMG00233_p_12.jpg,0,non_plasma
0.1328125,0.8526611328125,0.15576234788833215,0.14476016770395334,0.426327375025531,0.03612838664278388,0.4036664720960918,0.5817861519607843,0.4280610926011029,0.7111706303615196,F:\BUET plasma\PCMMD_LOCAL\set1\non_plasma\IMG00233_p_13.jpg,0,non_plasma
0.0,0.94671630859375,0.0,0.0,0.36845695146548196,0.11023734831809998,0.0,0.6402547200520833,0.4761929381127451,0.7781814874387255,F:\BUET plasma\PCMMD_LOCAL\set1\non_plasma\IMG00233_p_14.jpg,0,non_plasma
0.22216796875,0.64691162109375,0.3434286253420134,0.2952250217537397,0.4489619236366421,0.018197208151221275,0.1900724721950599,0.5397075578278187,0.36651563457414216,0.7468910366881127,F:\BUET plasma\PCMMD_LOCAL\set1\non_plasma\IMG00233_p_15.jpg,0,non_plasma
0.26495361328125,0.73504638671875,0.360458357552105,0.3078216705787545,0.5007784575418709,0.05292966836318374,0.41707613794490017,0.48439343022365194,0.3658322801776961,0.6474389169730392,F:\BUET plasma\PCMMD_LOCAL\set1\non_plasma\IMG00237_p_10.jpg,0,non_plasma
0.00665283203125,0.96234130859375,0.006913173083021501,0.006889386665474237,0.36013039981617645,0.067567537214607,0.2830765669380997,0.6453565410539216,0.4868999406403186,0.7873523188572303,F:\BUET plasma\PCMMD_LOCAL\set1\non_plasma\IMG00237_p_6.jpg,0,non_plasma
0.01983642578125,0.98016357421875,0.02023787284388816,0.020035808777743355,0.43998927696078427,0.07780771897733212,0.30362109769216944,0.5691971124387255,0.4370579139859069,0.6737771426930147,F:\BUET plasma\PCMMD_LOCAL\set1\non_plasma\IMG00237_p_7.jpg,0,non_plasma
0.21087646484375,0.78912353515625,0.26722871065047565,0.23683239858468105,0.49057992174734477,0.0474713173955679,0.046489821256192373,0.4881522384344363,0.34789081648284315,0.6922171798406863,F:\BUET plasma\PCMMD_LOCAL\set1\non_plasma\IMG00237_p_8.jpg,0,non_plasma
0.2291259765625,0.77081298828125,0.29725235568928654,0.2602484551740933,0.4702259337979984,0.05204737639427185,0.1973141815806513,0.5285938936121324,0.3725327435661765,0.6881955614276961,F:\BUET plasma\PCMMD_LOCAL\set1\non_plasma\IMG00237_p_9.jpg,0,non_plasma
0.0,0.84600830078125,0.0,0.0,0.3083593430861927,0.19973014562949537,0.0,0.6809706744025735,0.5403420840992647,0.8536092122395833,F:\BUET plasma\PCMMD_LOCAL\set1\non_plasma\IMG00238_p_0.jpg,0,non_plasma
0.0059814453125,0.98333740234375,0.006082800571038421,0.0060643750211888505,0.4608481413398693,0.04819500106573105,0.3578310707154807,0.5378456265318627,0.40732350068933826,0.6722864487591912,F:\BUET plasma\PCMMD_LOCAL\set1\non_plasma\IMG00238_p_10.jpg,0,non_plasma
0.0,0.85894775390625,0.0,0.0,0.33935578788807197,0.1071614515632391,0.0,0.6439134784773284,0.5014930874693627,0.8365260703890931,F:\BUET plasma\PCMMD_LOCAL\set1\non_plasma\IMG00238_p_11.jpg,0,non_plasma
0.0,0.77154541015625,0.0,0.0,0.25863324333639703,0.15658787759765982,0.0,0.7759684244791667,0.5975033030790441,0.850628542432598,F:\BUET plasma\PCMMD_LOCAL\set1\non_plasma\IMG00238_p_12.jpg,0,non_plasma
0.00592041015625,0.95330810546875,0.006210384787758499,0.006191179820627941,0.4025885289011437,0.06681894856318832,0.16175653649372856,0.6154859355851716,0.4415247300091912,0.7352237477022059,F:\BUET plasma\PCMMD_LOCAL\set1\non_plasma\IMG00238_p_13.jpg,0,non_plasma
0.25347900390625,0.6693115234375,0.3787160313696881,0.32115265401620735,0.47702596826491017,0.033287730559706685,0.2842162227873646,0.5212304208792892,0.36564558440563727,0.6820460899203431,F:\BUET plasma\PCMMD_LOCAL\set1\non_plasma\IMG00238_p_14.jpg,0,non_plasma
0.14349365234375,0.85308837890625,0.16820490806324676,0.15546830400477424,0.45915016722834967,0.031619919046759606,0.2821289722240948,0.5504997702205883,0.41736701516544117,0.6546827129289216,F:\BUET plasma\PCMMD_LOCAL\set1\non_plasma\IMG00238_p_15.jpg,0,non_plasma
0.0,0.87969970703125,0.0,0.0,0.326416095409518,0.09767095565795898,0.0,0.6593070235906863,0.5278006759344362,0.8336440142463235,F:\BUET plasma\PCMMD_LOCAL\set1\non_plasma\IMG00238_p_4.jpg,0,non_plasma
0.0,0.97967529296875,0.0,0.0,0.3416097005208333,0.0582789632640779,0.0,0.6856390261182598,0.5267123353247549,0.7628195369944853,F:\BUET plasma\PCMMD_LOCAL\set1\non_plasma\IMG00238_p_5.jpg,0,non_plasma
0.0128173828125,0.9871826171875,0.012983801162359343,0.01290023418346688,0.45751921211192803,0.0530774648450315,0.17353627844009534,0.5320209577971814,0.4071056889552696,0.6883157169117647,F:\BUET plasma\PCMMD_LOCAL\set1\non_plasma\IMG00238_p_6.jpg,0,non_plasma
0.00531005859375,0.9886474609375,0.0053710334609211015,0.005356660901398676,0.43475198184742647,0.03779605000838637,0.14339828011776318,0.5618733723958333,0.4057674632352941,0.7281032188265931,F:\BUET plasma\PCMMD_LOCAL\set1\non_plasma\IMG00238_p_7.jpg,0,non_plasma
0.0,0.94110107421875,0.0,0.0,0.35056966145833335,0.07414147411286831,0.0,0.6583335726868873,0.4841456992953431,0.8058117436427696,F:\BUET plasma\PCMMD_LOCAL\set1\non_plasma\IMG00238_p_8.jpg,0,non_plasma
0.0,0.84771728515625,0.0,0.0,0.34571190129697704,0.06781958185136318,0.0,0.6383324716605392,0.4890646541819853,0.8354671702665442,F:\BUET plasma\PCMMD_LOCAL\set1\non_plasma\IMG00238_p_9.jpg,0,non_plasma
0.00848388671875,0.97784423828125,0.0086761126022096,0.008638691428372081,0.48139377170138886,0.05201941430196166,0.35443152259952676,0.5209290747549019,0.39432851753982845,0.6405610926011029,F:\BUET plasma\PCMMD_LOCAL\set1\non_plasma\IMG00239_p_10.jpg,0,non_plasma
0.0062255859375,0.85748291015625,0.007260303224428785,0.007234074100719917,0.3458023769403594,0.11579858269914985,0.15713221467627067,0.6531865138633578,0.503164732689951,0.8062416226256127,F:\BUET plasma\PCMMD_LOCAL\set1\non_plasma\IMG00239_p_11.jpg,0,non_plasma
0.0,0.8873291015625,0.0,0.0,0.3240306181066176,0.09139792799949646,0.0,0.6748276654411764,0.5400156058517157,0.8130648743872549,F:\BUET plasma\PCMMD_LOCAL\set1\non_plasma\IMG00239_p_12.jpg,0,non_plasma
0.0,0.764404296875,0.0,0.0,0.24335514642054745,0.1035004647038877,0.0,0.7970195695465686,0.6266290402879902,0.846285950903799,F:\BUET plasma\PCMMD_LOCAL\set1\non_plasma\IMG00239_p_8.jpg,0,non_plasma
0.0062255859375,0.90350341796875,0.006890495169897994,0.006866864198679706,0.3811730877246732,0.0926055468916893,0.4426004081800824,0.6204147039675245,0.5010572246476716,0.7350088082107843,F:\BUET plasma\PCMMD_LOCAL\set1\non_plasma\IMG00239_p_9.jpg,0,non_plasma
0.08380126953125,0.91619873046875,0.09146625807740989,0.08752198317905822,0.43593359055861924,0.030202759206295015,0.2580991935817891,0.5479429955575981,0.39315879672181375,0.7510974360447303,F:\BUET plasma\PCMMD_LOCAL\set1\non_plasma\IMG00244_p_5.jpg,0,non_plasma
0.0,1.0,0.0,0.0,0.390835631127451,0.09262815116345882,0.0,0.6144009459252451,0.4773966471354167,0.7356955135569853,F:\BUET plasma\PCMMD_LOCAL\set1\non_plasma\IMG00244_p_6.jpg,0,non_plasma
0.00537109375,0.9371337890625,0.005731405496938909,0.005715043480917275,0.3929309321384804,0.12776552870497107,0.17173402518921518,0.5993020450367647,0.42165742761948527,0.8002477309283088,F:\BUET plasma\PCMMD_LOCAL\set1\non_plasma\IMG00244_p_7.jpg,0,non_plasma
0.0,1.0,0.0,0.0,0.38160408369076804,0.0820496580451727,0.0,0.6198292451746323,0.45125469132965684,0.7841038124234069,F:\BUET plasma\PCMMD_LOCAL\set1\non_plasma\IMG00244_p_8.jpg,0,non_plasma
0.07232666015625,0.92767333984375,0.07796565563523916,0.07507561264277314,0.5092127182904411,0.07493840598687529,0.5515314589934236,0.4805345722273284,0.33217318665747547,0.6596540862438726,F:\BUET plasma\PCMMD_LOCAL\set1\non_plasma\IMG00245_p_1.jpg,0,non_plasma
0.0,0.96197509765625,0.0,0.0,0.3954770156760621,0.05773319056257606,0.0,0.619012331495098,0.4158504710477941,0.7787061504289216,F:\BUET plasma\PCMMD_LOCAL\set1\non_plasma\IMG00245_p_10.jpg,0,non_plasma
0.03216552734375,0.93353271484375,0.03445570447858778,0.03387539899633786,0.41389160156250004,0.058869890794157984,0.26042028097466546,0.573370481004902,0.44647360409007353,0.7384811102175245,F:\BUET plasma\PCMMD_LOCAL\set1\non_plasma\IMG00245_p_11.jpg,0,non_plasma
0.44329833984375,0.55670166015625,0.7962942659796075,0.585725801659076,0.5178333556729984,0.018926891073584556,0.26821730552207207,0.47733273973651963,0.2946892233455882,0.6744779698988971,F:\BUET plasma\PCMMD_LOCAL\set1\non_plasma\IMG00245_p_12.jpg,0,non_plasma
0.00433349609375,0.99566650390625,0.004352357015876908,0.004342912902931692,0.4541258169934641,0.05145568560063839,0.345238749773686,0.5580082912071078,0.39946121515012256,0.6801530426623774,F:\BUET plasma\PCMMD_LOCAL\set1\non_plasma\IMG00245_p_13.jpg,0,non_plasma
0.0419921875,0.955322265625,0.04395604395604396,0.043017385083690796,0.3982227998621324,0.05492210088670254,0.4547027653221546,0.6164653703278187,0.4412396599264706,0.7476265701593138,F:\BUET plasma\PCMMD_LOCAL\set1\non_plasma\IMG00245_p_8.jpg,0,non_plasma
0.00927734375,0.8170166015625,0.0113551471686837,0.011291161407965428,0.3532523360906863,0.08653692577779293,0.7145902552135631,0.6374870749080882,0.5040508195465686,0.7987050972732843,F:\BUET plasma\PCMMD_LOCAL\set1\non_plasma\IMG00245_p_9.jpg,0,non_plasma
0.00396728515625,0.836181640625,0.004744525547445255,0.004733305760491405,0.33687871795853763,0.17549143832921982,0.1180611012074019,0.6462165383731617,0.5015818876378676,0.8415654201133579,F:\BUET plasma\PCMMD_LOCAL\set1\non_plasma\IMG00247_p_0.jpg,0,non_plasma
0.0,0.8585205078125,0.0,0.0,0.34549201516544115,0.13593441530689598,0.0,0.6453290153952206,0.4810601926317402,0.8371347464767157,F:\BUET plasma\PCMMD_LOCAL\set1\non_plasma\IMG00247_p_1.jpg,0,non_plasma
0.0,0.988525390625,0.0,0.0,0.42236950444240196,0.059678237900137904,0.0,0.5971847234987745,0.42894981234681373,0.7067569508272059,F:\BUET plasma\PCMMD_LOCAL\set1\non_plasma\IMG00247_p_6.jpg,0,non_plasma
0.0,0.864990234375,0.0,0.0,0.3502926496119281,0.08746715819463134,0.0,0.6521754844515931,0.48115186504289215,0.8157947016697303,F:\BUET plasma\PCMMD_LOCAL\set1\non_plasma\IMG00247_p_7.jpg,0,non_plasma
0.02569580078125,0.892822265625,0.028780421110199617,0.028374043517446757,0.36619378382863566,0.10498369359597563,0.0870306670553015,0.6202019186580883,0.482962095971201,0.7982546338848039,F:\BUET plasma\PCMMD_LOCAL\set1\non_plasma\IMG00247_p_8.jpg,0,non_plasma
0.0003662109375,0.7879638671875,0.00046475600309837337,0.0004646480374776504,0.33192960452410136,0.05010648426041007,0.0,0.6771501129748775,0.5153631472120098,0.8116979262408088,F:\BUET plasma\PCMMD_LOCAL\set1\non_plasma\IMG00247_p_9.jpg,0,non_plasma
0.0,0.76348876953125,0.0,0.0,0.2966050889756945,0.08096150484308601,0.0,0.7415565640318628,0.549551451439951,0.8190767176011029,F:\BUET plasma\PCMMD_LOCAL\set1\non_plasma\IMG00264_p_1.jpg,0,non_plasma
0.31201171875,0.68798828125,0.45351312987934705,0.37398347426071815,0.5820717805351308,0.04479274493083358,0.6200219091190605,0.41981584137561273,0.3360665115655637,0.4979023054534314,F:\BUET plasma\PCMMD_LOCAL\set1\non_plasma\IMG00568_p_1.jpg,0,non_plasma
0.2962646484375,0.7037353515625,0.4209887250650477,0.3513529145761296,0.528994731030433,0.045803948398679496,0.5568711540590229,0.4488522997089461,0.40543667662377453,0.5587268305759804,F:\BUET plasma\PCMMD_LOCAL\set1\non_plasma\IMG00569_p_0.jpg,0,non_plasma
0.24224853515625,0.75775146484375,0.31969391864679825,0.2773998298969674,0.5467840456495099,0.038446426656097175,0.18338276000435838,0.4509954714307598,0.37235705805759806,0.5362953335631128,F:\BUET plasma\PCMMD_LOCAL\set1\non_plasma\IMG00569_p_1.jpg,0,non_plasma
0.3441162109375,0.6558837890625,0.5246603387306905,0.42177165655046756,0.6386685240502451,0.01764021285995841,0.3769302226688431,0.35169318704044117,0.314212095971201,0.41808914483762255,F:\BUET plasma\PCMMD_LOCAL\set1\non_plasma\IMG00713_p_1.jpg,0,non_plasma
0.339599609375,0.660400390625,0.5142329020332718,0.4149089754387619,0.5927508584814134,0.05145091734826565,0.3697254386602906,0.4305305032169118,0.3005483589920343,0.4906685623468137,F:\BUET plasma\PCMMD_LOCAL\set1\non_plasma\IMG00877_p_2.jpg,0,non_plasma
0.4674072265625,0.5325927734375,0.8776071510428605,0.6299981741556795,0.5726124482996324,0.09277077269554138,0.1835013982061255,0.4471591126685049,0.2958929323682598,0.5391106100643382,F:\BUET plasma\PCMMD_LOCAL\set1\non_plasma\IMG00877_p_3.jpg,0,non_plasma
0.371826171875,0.628173828125,0.5919160513019821,0.4649383544375995,0.5631604562397876,0.07904087537527084,0.3151828383241382,0.4600550034466912,0.3148463828890931,0.535617244944853,F:\BUET plasma\PCMMD_LOCAL\set1\non_plasma\IMG00877_p_4.jpg,0,non_plasma
0.48809814453125,0.51190185546875,0.9534994634553475,0.6696223608548229,0.6115168153850081,0.054137371003627775,0.1949469806230725,0.394479310278799,0.26135660807291666,0.5096136354932598,F:\BUET plasma\PCMMD_LOCAL\set1\non_plasma\IMG00878_p_10.jpg,0,non_plasma
0.58544921875,0.41455078125,1.4122497055359247,0.8805597998480511,0.6693456712111928,0.05215343278646469,0.1090383295876299,0.3256701899509804,0.22545548981311275,0.44083730660232845,F:\BUET plasma\PCMMD_LOCAL\set1\non_plasma\IMG00878_p_11.jpg,0,non_plasma
0.53521728515625,0.46478271484375,1.151543007222587,0.7661852625099721,0.6339722477532679,0.04935708564519882,0.43770765109385634,0.3726524203431373,0.25181382123161766,0.4736170151654412,F:\BUET plasma\PCMMD_LOCAL\set1\non_plasma\IMG00878_p_12.jpg,0,non_plasma
0.6385498046875,0.3614501953125,1.7666328942924687,1.0176310191776978,0.6300825131484886,0.12845475580915808,0.18286265251162565,0.37790766697303924,0.23382951325061274,0.4980152803308823,F:\BUET plasma\PCMMD_LOCAL\set1\non_plasma\IMG00878_p_13.jpg,0,non_plasma
0.95159912109375,0.04840087890625,19.66078184110971,3.028237306204386,0.6935388901654411,0.05349359127506614,0.3341721659096195,0.29979295917585785,0.14089283662683824,0.4786975337009804,F:\BUET plasma\PCMMD_LOCAL\set1\non_plasma\IMG00878_p_14.jpg,0,non_plasma
0.59326171875,0.40673828125,1.4585834333733494,0.8995853439925557,0.6415531332975899,0.050360397204756734,0.23029660373808042,0.3657980526194853,0.2296542298560049,0.47988831763174017,F:\BUET plasma\PCMMD_LOCAL\set1\non_plasma\IMG00878_p_8.jpg,0,non_plasma
0.72979736328125,0.27020263671875,2.7009261350801896,1.3085830951070934,0.6460869683159722,0.06316459923610092,0.5741921818880129,0.36081782322303924,0.20723829082414216,0.493682981004902,F:\BUET plasma\PCMMD_LOCAL\set1\non_plasma\IMG00878_p_9.jpg,0,non_plasma
0.746337890625,0.253662109375,2.9422521655437923,1.3717521756201163,0.6512333090788398,0.051775001272559164,0.13768271066229504,0.34821155024509803,0.20996285232843137,0.48812567018995096,F:\BUET plasma\PCMMD_LOCAL\set1\non_plasma\IMG00879_p_10.jpg,0,non_plasma
0.4129638671875,0.5870361328125,0.703472655437721,0.5326689060016263,0.5965766059027777,0.06032713983952999,0.1497107717032048,0.41157274433210783,0.2982213637408088,0.50047607421875,F:\BUET plasma\PCMMD_LOCAL\set1\non_plasma\IMG00879_p_11.jpg,0,non_plasma
0.27099609375,0.72900390625,0.37173476222371066,0.31607618862020803,0.6061849756178512,0.10620199203491211,0.06932246494854659,0.40855545343137256,0.30135689529718135,0.4715327244178922,F:\BUET plasma\PCMMD_LOCAL\set1\non_plasma\IMG00879_p_12.jpg,0,non_plasma
0.76934814453125,0.23065185546875,3.3355385022492725,1.4668458244897455,0.716839639501634,0.02414283486828208,0.6706524387190145,0.28375052657781863,0.15926824831495098,0.4064623066023284,F:\BUET plasma\PCMMD_LOCAL\set1\non_plasma\IMG00879_p_13.jpg,0,non_plasma
0.841064453125,0.158935546875,5.291858678955453,1.8392565245107744,0.6972621144812091,0.027143805012106895,0.7247247679904099,0.28545639935661765,0.1728991938572304,0.4498580633425245,F:\BUET plasma\PCMMD_LOCAL\set1\non_plasma\IMG00879_p_14.jpg,0,non_plasma
0.83099365234375,0.16900634765625,4.916937522571326,1.7778190046682725,0.6888585707720588,0.026956088960170745,0.4729475468264901,0.2859973383884804,0.18150371476715688,0.4659232345281863,F:\BUET plasma\PCMMD_LOCAL\set1\non_plasma\IMG00879_p_15.jpg,0,non_plasma
0.9183349609375,0.0816650390625,11.245142002989537,2.5051292871510604,0.7063701554840687,0.019692630231380463,0.4366923396415522,0.2619133444393382,0.15687614889705884,0.46210004021139706,F:\BUET plasma\PCMMD_LOCAL\set1\non_plasma\IMG00879_p_16.jpg,0,non_plasma
0.7379150390625,0.2620849609375,2.815556590591523,1.339086549400508,0.6473531486162174,0.04832088083028793,0.745341837246511,0.35190118527879904,0.20305869906556373,0.5029806698069853,F:\BUET plasma\PCMMD_LOCAL\set1\non_plasma\IMG00879_p_17.jpg,0,non_plasma
0.76751708984375,0.23248291015625,3.3013914413231817,1.45893856136063,0.7182038749744689,0.02676556967198849,0.491401141656715,0.2780606138939951,0.18035122740502452,0.3869765337775735,F:\BUET plasma\PCMMD_LOCAL\set1\non_plasma\IMG00879_p_18.jpg,0,non_plasma
0.7684326171875,0.2315673828125,3.3183974696889824,1.4628843773442746,0.73834228515625,0.026945787992328406,0.5916402077275312,0.254962038526348,0.17086133769914216,0.3591497683057598,F:\BUET plasma\PCMMD_LOCAL\set1\non_plasma\IMG00879_p_19.jpg,0,non_plasma
0.58721923828125,0.41278076171875,1.4225935235842082,0.8848386702642944,0.6502506031709558,0.040745542105287316,0.39061402957064295,0.3201724781709559,0.24035788143382353,0.48871783088235293,F:\BUET plasma\PCMMD_LOCAL\set1\non_plasma\IMG00879_p_20.jpg,0,non_plasma
0.78759765625,0.21240234375,3.708045977011494,1.5492729550707143,0.6935107262305964,0.016692070469260217,0.6175559137137616,0.287411439185049,0.17850868374693626,0.4535476983762255,F:\BUET plasma\PCMMD_LOCAL\set1\non_plasma\IMG00879_p_21.jpg,0,non_plasma
0.5230712890625,0.4769287109375,1.0967494241105709,0.7403882522242184,0.6381123461754493,0.06040912475809455,0.19151176249495863,0.3533334769454657,0.2538555070465686,0.47847397748161763,F:\BUET plasma\PCMMD_LOCAL\set1\non_plasma\IMG00879_p_22.jpg,0,non_plasma
0.728515625,0.271484375,2.683453237410072,1.303850691908816,0.6950244778901145,0.010118275102227927,0.578437663139272,0.27268999885110295,0.18167221966911765,0.4605643478094363,F:\BUET plasma\PCMMD_LOCAL\set1\non_plasma\IMG00879_p_23.jpg,0,non_plasma
0.5823974609375,0.4176025390625,1.3946214557147032,0.8732251623016843,0.6342822106055963,0.0610535941682756,0.16234058281867134,0.3760299383425245,0.2505237055759804,0.47059972426470587,F:\BUET plasma\PCMMD_LOCAL\set1\non_plasma\IMG00879_p_9.jpg,0,non_plasma
0.169677734375,0.830322265625,0.20435166127609528,0.18594138171214825,0.5259384255004085,0.06414522403478623,0.08340498864778445,0.5162454044117647,0.3652322208180147,0.5407070982689951,F:\BUET plasma\PCMMD_LOCAL\set1\non_plasma\IMG00907_p_1.jpg,0,non_plasma
0.2523193359375,0.7476806640625,0.33746938775510205,0.2907793118663613,0.503155637254902,0.05079373908042908,0.05663222039935568,0.5297999961703431,0.3629571652879902,0.5977759267769608,F:\BUET plasma\PCMMD_LOCAL\set1\non_plasma\IMG00907_p_2.jpg,0,non_plasma
0.1468505859375,0.8531494140625,0.17212762913149235,0.15882058380216,0.5353403128829657,0.056705076798796654,0.3049818889206122,0.4968240176930147,0.3599776922487745,0.5371773514093138,F:\BUET plasma\PCMMD_LOCAL\set1\non_plasma\IMG00907_p_3.jpg,0,non_plasma
0.14825439453125,0.85174560546875,0.1740594768900036,0.1604673818688118,0.4701878765829248,0.07718211697041988,0.358032614400641,0.5636567957261029,0.4145859662224265,0.6111936083026961,F:\BUET plasma\PCMMD_LOCAL\set1\non_plasma\IMG00907_p_4.jpg,0,non_plasma
0.03863525390625,0.96136474609375,0.040187924576217386,0.0394013935374989,0.46527490553513073,0.07287897672876716,0.46571756420879146,0.5723048789828431,0.41417715035232844,0.6176932540594363,F:\BUET plasma\PCMMD_LOCAL\set1\non_plasma\IMG00907_p_5.jpg,0,non_plasma
0.21826171875,0.78173828125,0.27920049968769517,0.2462352731626837,0.58414306640625,0.054906371831893924,0.17376727320149155,0.45059862323835786,0.29752915326286766,0.4994430242800245,F:\BUET plasma\PCMMD_LOCAL\set1\non_plasma\IMG00907_p_6.jpg,0,non_plasma
0.569580078125,0.430419921875,1.3233125354509359,0.8429939843214734,0.6130181206597223,0.053402525510638954,0.27682816010606504,0.4080923043045343,0.26203254250919117,0.49082079120710786,F:\BUET plasma\PCMMD_LOCAL\set1\non_plasma\IMG00907_p_7.jpg,0,non_plasma
0.272705078125,0.727294921875,0.3749580396106076,0.31842321400606144,0.550726278467116,0.021479752480983733,0.8276916970169622,0.4730109719669118,0.3518102309283088,0.5229999617034313,F:\BUET plasma\PCMMD_LOCAL\set1\non_plasma\IMG00907_p_8.jpg,0,non_plasma
0.17449951171875,0.8238525390625,0.21180915691213514,0.1921144139551738,0.47549107370812904,0.018747043248265982,0.14477467271718344,0.5212325750612745,0.3969458486519608,0.6553483551623774,F:\BUET plasma\PCMMD_LOCAL\set1\non_plasma\IMG01117_p_6.jpg,0,non_plasma
0.24267578125,0.75732421875,0.32043842682140555,0.2779638229828596,0.5070949978298611,0.02008318305015564,0.22828854693125583,0.5135076784620098,0.3404452454810049,0.624762082567402,F:\BUET plasma\PCMMD_LOCAL\set1\non_plasma\IMG01117_p_7.jpg,0,non_plasma
0.0,0.95916748046875,0.0,0.0,0.41705186631944446,0.02789563673362136,0.0,0.6022355621936275,0.41779497931985293,0.7288138595281862,F:\BUET plasma\PCMMD_LOCAL\set1\non_plasma\IMG01117_p_8.jpg,0,non_plasma
0.005859375,0.93267822265625,0.00628231136705713,0.006262659910435653,0.4140626595690359,0.01878918370231986,0.27876699020308676,0.5804919672947304,0.45501780790441176,0.72230224609375,F:\BUET plasma\PCMMD_LOCAL\set1\non_plasma\IMG01117_p_9.jpg,0,non_plasma
0.0,0.73712158203125,0.0,0.0,0.260202046313317,0.10544658612832428,0.0,0.776177858838848,0.5858357747395834,0.8573802274816177,F:\BUET plasma\PCMMD_LOCAL\set1\non_plasma\IMG01119_p_1.jpg,0,non_plasma
0.1033935546875,0.8134765625,0.12710084033613445,0.11964870783933315,0.39934496910743467,0.03893308919668197,0.095169158025632,0.610775696997549,0.46950420304840684,0.7216851926317402,F:\BUET plasma\PCMMD_LOCAL\set1\non_plasma\IMG01119_p_2.jpg,0,non_plasma
0.3712158203125,0.628662109375,0.5904854368932039,0.46403927585782023,0.5319438061683006,0.02132911467552185,0.366490156334706,0.465695130591299,0.3340406230851716,0.6044328278186275,F:\BUET plasma\PCMMD_LOCAL\set1\non_plasma\IMG01119_p_3.jpg,0,non_plasma
0.2314453125,0.7685546875,0.301143583227446,0.26324355718204984,0.5449505974264706,0.02067128374800086,0.09353502555476695,0.47381783279718137,0.31681147556678924,0.5745188993566176,F:\BUET plasma\PCMMD_LOCAL\set1\non_plasma\IMG01119_p_4.jpg,0,non_plasma
0.0,0.98822021484375,0.0,0.0,0.4042317708333333,0.046228533372282984,0.0,0.6106136546415442,0.44349748200061273,0.7331935508578431,F:\BUET plasma\PCMMD_LOCAL\set1\non_plasma\IMG01120_p_1.jpg,0,non_plasma
0.0,1.0,0.0,0.0,0.3737564785028594,0.05669668839871883,0.0,0.6633516199448529,0.49173966950061276,0.7236392750459559,F:\BUET plasma\PCMMD_LOCAL\set1\non_plasma\IMG01120_p_2.jpg,0,non_plasma
0.03509521484375,0.92236328125,0.038049232398094227,0.03734321367489482,0.4106185214971405,0.0510358464717865,0.3127871323274672,0.5970729453890932,0.45505754059436276,0.7160139495251225,F:\BUET plasma\PCMMD_LOCAL\set1\non_plasma\IMG01120_p_3.jpg,0,non_plasma
0.1888427734375,0.8111572265625,0.2328066215199398,0.20929337613194332,0.47797923368566175,0.021420232757925987,0.31527472725568284,0.5331638710171569,0.41670328776041665,0.6161951401654412,F:\BUET plasma\PCMMD_LOCAL\set1\non_plasma\IMG01120_p_4.jpg,0,non_plasma
0.0755615234375,0.9241943359375,0.08175934486857747,0.07858873874380849,0.4696011412377451,0.017758159399032594,0.10655568554024206,0.5401166130514706,0.42463905484068626,0.6264409083946079,F:\BUET plasma\PCMMD_LOCAL\set1\non_plasma\IMG01120_p_5.jpg,0,non_plasma
0.08050537109375,0.91943359375,0.08755974508762612,0.08393642048327504,0.4606316061580882,0.014496613558381796,0.04737581723953028,0.5350571576286764,0.40718754787071076,0.675860476026348,F:\BUET plasma\PCMMD_LOCAL\set1\non_plasma\IMG01122_p_10.jpg,0,non_plasma
0.0,0.804931640625,0.0,0.0,0.30038105085784317,0.039916053533554076,0.0,0.7236916934742647,0.5579340916053922,0.8172310623468138,F:\BUET plasma\PCMMD_LOCAL\set1\non_plasma\IMG01122_p_11.jpg,0,non_plasma
0.0,0.84600830078125,0.0,0.0,0.3369493272569445,0.049222217734903095,0.0,0.6936145258884804,0.5225629021139706,0.7729745902267157,F:\BUET plasma\PCMMD_LOCAL\set1\non_plasma\IMG01122_p_12.jpg,0,non_plasma
0.0,0.89398193359375,0.0,0.0,0.39803315206290846,0.08289317619428038,0.0,0.6042226753982843,0.42625325520833335,0.7754246132046568,F:\BUET plasma\PCMMD_LOCAL\set1\non_plasma\IMG01122_p_13.jpg,0,non_plasma
0.0426025390625,0.86328125,0.049349547511312215,0.04817049365265419,0.3770728815614788,0.018222689088433983,0.04748419649719405,0.6259514303768382,0.4955911075367647,0.7472388174019607,F:\BUET plasma\PCMMD_LOCAL\set1\non_plasma\IMG01122_p_14.jpg,0,non_plasma
0.011474609375,0.91351318359375,0.012560967461749182,0.012482732962756468,0.35271666283700975,0.03707144778966904,0.23858928253457568,0.6665529737285539,0.50606689453125,0.7692301432291667,F:\BUET plasma\PCMMD_LOCAL\set1\non_plasma\IMG01122_p_15.jpg,0,non_plasma
0.11566162109375,0.88433837890625,0.1307888743184485,0.12291550801851207,0.44696005029616015,0.020668528974056244,0.1328659382357689,0.5698266122855392,0.4116246840533088,0.6776685527726716,F:\BUET plasma\PCMMD_LOCAL\set1\non_plasma\IMG01122_p_16.jpg,0,non_plasma
0.0751953125,0.9248046875,0.08130939809926083,0.07817271241337485,0.4635503631791259,0.029361115396022798,0.09224627395226592,0.5473302504595589,0.38468520220588237,0.6773334577971813,F:\BUET plasma\PCMMD_LOCAL\set1\non_plasma\IMG01122_p_17.jpg,0,non_plasma
0.37481689453125,0.62518310546875,0.5995313872888802,0.46971070340269977,0.5267462437448938,0.04331068890914321,0.44106995802118076,0.4809673234528186,0.3272494446997549,0.6115445006127451,F:\BUET plasma\PCMMD_LOCAL\set1\non_plasma\IMG01122_p_18.jpg,0,non_plasma
0.0,0.97650146484375,0.0,0.0,0.41734890407986114,0.06776327799260616,0.0,0.5932519052542892,0.4280361998314951,0.7266651826746323,F:\BUET plasma\PCMMD_LOCAL\set1\non_plasma\IMG01122_p_19.jpg,0,non_plasma
0.0,1.0,0.0,0.0,0.43816181257659315,0.03519023667275906,0.0,0.5935795802696079,0.4270359413296569,0.6648990406709558,F:\BUET plasma\PCMMD_LOCAL\set1\non_plasma\IMG01122_p_20.jpg,0,non_plasma
0.0,1.0,0.0,0.0,0.42233184614991826,0.04323474403843284,0.0,0.6044289981617647,0.44226026348039216,0.6863151999080882,F:\BUET plasma\PCMMD_LOCAL\set1\non_plasma\IMG01122_p_21.jpg,0,non_plasma
0.43682861328125,0.56317138671875,0.775658393844153,0.5741712802606785,0.5797537211499183,0.027914734330028296,0.35208742432328144,0.4361153396905637,0.30360825482536763,0.5210152420343137,F:\BUET plasma\PCMMD_LOCAL\set1\non_plasma\IMG01122_p_22.jpg,0,non_plasma
0.3814697265625,0.6185302734375,0.6167357410696664,0.48040914180337924,0.5926052517361111,0.014899944599717855,0.2698427378571892,0.394613587622549,0.2836689070159314,0.5439017501531863,F:\BUET plasma\PCMMD_LOCAL\set1\non_plasma\IMG01122_p_23.jpg,0,non_plasma
0.0,0.9622802734375,0.0,0.0,0.35143340864991823,0.11745290921628475,0.0,0.6517793543198529,0.5036288392310049,0.7902915804993873,F:\BUET plasma\PCMMD_LOCAL\set1\non_plasma\IMG01122_p_7.jpg,0,non_plasma
0.0001220703125,0.9998779296875,0.00012208521548040532,0.00012207776368698225,0.4820305319393382,0.03168668341636658,0.0,0.5099985160079656,0.3687598134957108,0.6751500746783088,F:\BUET plasma\PCMMD_LOCAL\set1\non_plasma\IMG01122_p_8.jpg,0,non_plasma
0.1279296875,0.8720703125,0.14669652855543114,0.13688522472295406,0.4843166775173612,0.015593967970460653,0.10702037593534755,0.507299565333946,0.3874104817708333,0.6523399203431373,F:\BUET plasma\PCMMD_LOCAL\set1\non_plasma\IMG01122_p_9.jpg,0,non_plasma
0.0,0.7200927734375,0.0,0.0,0.3003307866115196,0.07462555259093642,0.0,0.7063589058670343,0.5594192804074755,0.8332294538909314,F:\BUET plasma\PCMMD_LOCAL\set1\non_plasma\IMG01124_p_1.jpg,0,non_plasma
0.0,0.74664306640625,0.0,0.0,0.25251712175755725,0.1771708599179983,0.0,0.7739188399969362,0.5894655713848039,0.8790642233455882,F:\BUET plasma\PCMMD_LOCAL\set1\non_plasma\IMG01124_p_2.jpg,0,non_plasma
0.0,0.87982177734375,0.0,0.0,0.34394028607536764,0.05933970439061523,0.0,0.6672459022671569,0.5026953603707108,0.7982378791360294,F:\BUET plasma\PCMMD_LOCAL\set1\non_plasma\IMG01124_p_3.jpg,0,non_plasma
6.103515625e-05,0.7408447265625,8.238589553468446e-05,8.238250200317775e-05,0.34088836869383177,0.042481962408870456,0.0,0.6633140414368872,0.51978759765625,0.7942332548253677,F:\BUET plasma\PCMMD_LOCAL\set1\non_plasma\IMG01127_p_1.jpg,0,non_plasma
0.00640869140625,0.7235107421875,0.00885776952927282,0.008818769621023997,0.3555133495455475,0.046821772571653125,0.08062193407698318,0.6320274203431373,0.5097941080729167,0.7916384229473039,F:\BUET plasma\PCMMD_LOCAL\set1\non_plasma\IMG01127_p_2.jpg,0,non_plasma
0.0,0.7764892578125,0.0,0.0,0.3016038283803104,0.0611685372442007,0.0,0.719577205882353,0.5719934800091911,0.8036178289675245,F:\BUET plasma\PCMMD_LOCAL\set1\non_plasma\IMG01127_p_3.jpg,0,non_plasma
0.0,0.5467529296875,0.0,0.0,0.20862670100592318,0.12792950167879463,0.0,0.8194773954503677,0.666720521216299,0.8879219803155637,F:\BUET plasma\PCMMD_LOCAL\set1\non_plasma\IMG01127_p_4.jpg,0,non_plasma
0.0,0.5931396484375,0.0,0.0,0.22199627246732023,0.2024360794685781,0.0,0.8021778779871324,0.6436939912683823,0.8881393133425245,F:\BUET plasma\PCMMD_LOCAL\set1\non_plasma\IMG01127_p_5.jpg,0,non_plasma
0.01873779296875,0.95068359375,0.019709809964047253,0.019518086783119417,0.4387640261182598,0.04498016732931137,0.1331217303929912,0.5625864066329657,0.4349295821844363,0.6861919328278187,F:\BUET plasma\PCMMD_LOCAL\set1\non_plasma\IMG01127_p_6.jpg,0,non_plasma
0.0,0.94805908203125,0.0,0.0,0.3327325559129902,0.0926819382570684,0.0,0.6998571059283089,0.5507769416360294,0.7511682846966912,F:\BUET plasma\PCMMD_LOCAL\set1\non_plasma\IMG01129_p_1.jpg,0,non_plasma
0.0,0.87957763671875,0.0,0.0,0.33831994549121724,0.07239450338110327,0.0,0.6928205901501225,0.5369413488051471,0.7552782245710784,F:\BUET plasma\PCMMD_LOCAL\set1\non_plasma\IMG01129_p_2.jpg,0,non_plasma
0.006103515625,0.99383544921875,0.006141374439599582,0.006122593056043138,0.41884622012867645,0.05823260488733649,0.30796087491376245,0.606601131663603,0.47326157513786765,0.6635986328125,F:\BUET plasma\PCMMD_LOCAL\set1\non_plasma\IMG01129_p_3.jpg,0,non_plasma
0.0,0.91064453125,0.0,0.0,0.3297234030330882,0.13970605216920376,0.0,0.7027516084558824,0.5341923732383579,0.7738858092064951,F:\BUET plasma\PCMMD_LOCAL\set1\non_plasma\IMG01129_p_4.jpg,0,non_plasma
0.0,0.93572998046875,0.0,0.0,0.3340035232843137,0.11448988603055477,0.0,0.699713254442402,0.5438486136642157,0.7544275620404411,F:\BUET plasma\PCMMD_LOCAL\set1\non_plasma\IMG01129_p_5.jpg,0,non_plasma
0.0,0.9974365234375,0.0,0.0,0.43047226051879084,0.05055129097402096,0.0,0.5918253580729167,0.43349154603247547,0.6832663143382353,F:\BUET plasma\PCMMD_LOCAL\set1\non_plasma\IMG01129_p_6.jpg,0,non_plasma
0.009033203125,0.990966796875,0.009115545700911555,0.009074249880445983,0.45275990604575156,0.062260042890906336,0.5901071063554305,0.5765962488511029,0.4181018305759804,0.6470222024356618,F:\BUET plasma\PCMMD_LOCAL\set1\non_plasma\IMG01129_p_7.jpg,0,non_plasma
0.5565185546875,0.4434814453125,1.2548857693366364,0.8130993150580871,0.6619658426521651,0.02378385242447257,0.5414218372453492,0.3399655809589461,0.24363654641544116,0.43050034466911763,F:\BUET plasma\PCMMD_LOCAL\set1\non_plasma\IMG01129_p_8.jpg,0,non_plasma
0.0,0.79638671875,0.0,0.0,0.29661801406760624,0.09850928178057075,0.0,0.7252862668504902,0.5495662913602941,0.835293399586397,F:\BUET plasma\PCMMD_LOCAL\set1\non_plasma\IMG01130_p_1.jpg,0,non_plasma
0.0,0.8740234375,0.0,0.0,0.3403463924632353,0.08900639128684998,0.0,0.6768528358609068,0.5014236749387255,0.8006843118106618,F:\BUET plasma\PCMMD_LOCAL\set1\non_plasma\IMG01130_p_2.jpg,0,non_plasma
0.0,0.85516357421875,0.0,0.0,0.284311172385621,0.10266797266900539,0.0,0.7437938017003677,0.566485476026348,0.8367872051164216,F:\BUET plasma\PCMMD_LOCAL\set1\non_plasma\IMG01130_p_3.jpg,0,non_plasma
0.0,0.99017333984375,0.0,0.0,0.3796504001991422,0.06993376388773322,0.0,0.6449118221507353,0.4752187691482843,0.7409182081035539,F:\BUET plasma\PCMMD_LOCAL\set1\non_plasma\IMG01130_p_4.jpg,0,non_plasma
0.0,0.9974365234375,0.0,0.0,0.3779457241881128,0.06550003539025784,0.0,0.6467775831035539,0.4738925111060049,0.745492733226103,F:\BUET plasma\PCMMD_LOCAL\set1\non_plasma\IMG01130_p_5.jpg,0,non_plasma
6.103515625e-05,0.9559326171875,6.384880602732728e-05,6.384676777907107e-05,0.4162989398233251,0.037158443212509155,0.0,0.5702234604779411,0.43434891046262253,0.7465308095894608,F:\BUET plasma\PCMMD_LOCAL\set1\non_plasma\IMG01130_p_6.jpg,0,non_plasma
0.0,0.80438232421875,0.0,0.0,0.2591336518331291,0.19880142762884498,0.0,0.7734542547487745,0.5710006414675245,0.8781441482843138,F:\BUET plasma\PCMMD_LOCAL\set1\non_plasma\IMG01130_p_7.jpg,0,non_plasma
0.00103759765625,0.99896240234375,0.0010386753833934136,0.0010381363333504291,0.471539186963848,0.05470664399862289,0.5390120920947209,0.5145256491268382,0.3780247108609069,0.6928320791207108,F:\BUET plasma\PCMMD_LOCAL\set1\non_plasma\IMG01133_p_11.jpg,0,non_plasma
0.0,0.91326904296875,0.0,0.0,0.41586219937193625,0.05932013266906142,0.0,0.5712837967218137,0.4531240425857843,0.7280055625765931,F:\BUET plasma\PCMMD_LOCAL\set1\non_plasma\IMG01133_p_13.jpg,0,non_plasma
6.103515625e-05,0.8895263671875,6.861534239055853e-05,6.861298846562913e-05,0.3396188374438317,0.09604116969928145,0.0,0.6683179668351715,0.5187552657781863,0.7940702550551471,F:\BUET plasma\PCMMD_LOCAL\set1\non_plasma\IMG01133_p_14.jpg,0,non_plasma
0.0,0.99981689453125,0.0,0.0,0.42374810112847217,0.04857992027699947,0.0,0.6094118604473039,0.4539785347732843,0.6653653013939951,F:\BUET plasma\PCMMD_LOCAL\set1\non_plasma\IMG01133_p_15.jpg,0,non_plasma
0.1348876953125,0.864501953125,0.15602937023439706,0.1449911767045991,0.5150452856924019,0.022218931421637535,0.04202804403831455,0.44613013174019606,0.3470016180300245,0.6617323931525735,F:\BUET plasma\PCMMD_LOCAL\set1\non_plasma\IMG01133_p_16.jpg,0,non_plasma
0.0185546875,0.9635009765625,0.019257569998733053,0.019074489718081157,0.49599641288807195,0.01342176404222846,0.09637022851905673,0.47401529947916665,0.36971627029718135,0.6682791915594363,F:\BUET plasma\PCMMD_LOCAL\set1\non_plasma\IMG01133_p_17.jpg,0,non_plasma
0.07452392578125,0.8641357421875,0.08624099449074728,0.08272310710578895,0.5174716126685048,0.010671266496181489,0.04342992108270326,0.4461294136795343,0.3551851160386029,0.6462706322763481,F:\BUET plasma\PCMMD_LOCAL\set1\non_plasma\IMG01133_p_18.jpg,0,non_plasma
0.01165771484375,0.97216796875,0.011991461577096936,0.011920133652898941,0.49199059180964055,0.01664644232019782,0.11988365369093905,0.48223278569240197,0.38854358149509804,0.6532518573835784,F:\BUET plasma\PCMMD_LOCAL\set1\non_plasma\IMG01133_p_19.jpg,0,non_plasma
0.0230712890625,0.96795654296875,0.02383504634592345,0.023555426088513545,0.494930890650531,0.015815811451524497,0.07099649789405695,0.4886651731004902,0.3523935355392157,0.674148619408701,F:\BUET plasma\PCMMD_LOCAL\set1\non_plasma\IMG01133_p_20.jpg,0,non_plasma
0.162109375,0.837890625,0.19347319347319347,0.1768677061114908,0.5442978005004084,0.01052652496099472,0.1882004199514369,0.4369767731311274,0.3285565544577206,0.6015732709099265,F:\BUET plasma\PCMMD_LOCAL\set1\non_plasma\IMG01133_p_21.jpg,0,non_plasma
0.0,0.9775390625,0.0,0.0,0.3828206380208333,0.0938537179082632,0.0,0.598153866038603,0.4428088618259804,0.8105753580729167,F:\BUET plasma\PCMMD_LOCAL\set1\non_plasma\IMG01133_p_22.jpg,0,non_plasma
0.0281982421875,0.7926025390625,0.0355767749884491,0.034958542020019474,0.40000223396650325,0.03375272884592414,0.016936358330797895,0.5944738051470588,0.48728147020526963,0.7182380227481617,F:\BUET plasma\PCMMD_LOCAL\set1\non_plasma\IMG01133_p_23.jpg,0,non_plasma
0.0,0.9998779296875,0.0,0.0,0.4466679591758579,0.06138841050863266,0.0,0.5222287645526961,0.4048639035692402,0.7329034543504902,F:\BUET plasma\PCMMD_LOCAL\set1\non_plasma\IMG01133_p_24.jpg,0,non_plasma
0.0,0.9886474609375,0.0,0.0,0.337863019556781,0.09357328444346785,0.0,0.6715829886642157,0.4942863913143382,0.8205415613511029,F:\BUET plasma\PCMMD_LOCAL\set1\non_plasma\IMG01133_p_25.jpg,0,non_plasma
0.0,0.93084716796875,0.0,0.0,0.3918850368923611,0.13694316658005118,0.0,0.5805099188112746,0.4405419443167892,0.803293026194853,F:\BUET plasma\PCMMD_LOCAL\set1\non_plasma\IMG01133_p_26.jpg,0,non_plasma
0.0,0.9974365234375,0.0,0.0,0.3999699212367239,0.061727434244006875,0.0,0.5824223537071078,0.42938974417892156,0.788278138403799,F:\BUET plasma\PCMMD_LOCAL\set1\non_plasma\IMG01133_p_27.jpg,0,non_plasma
0.00445556640625,0.99554443359375,0.004475507326344185,0.0044655220252039765,0.4447340622446896,0.0559420166015625,0.08669986383319356,0.5484817804074755,0.4142805510876226,0.7030354817708333,F:\BUET plasma\PCMMD_LOCAL\set1\non_plasma\IMG01133_p_28.jpg,0,non_plasma
0.0,0.92059326171875,0.0,0.0,0.38015072891135626,0.09734326833486558,0.0,0.6046058804381127,0.47537889667585786,0.7795630361519608,F:\BUET plasma\PCMMD_LOCAL\set1\non_plasma\IMG01133_p_29.jpg,0,non_plasma
0.0,0.9154052734375,0.0,0.0,0.3475927415236928,0.053489858090877536,0.0,0.6767173617493872,0.5179163315716911,0.7625880821078431,F:\BUET plasma\PCMMD_LOCAL\set1\non_plasma\IMG01133_p_30.jpg,0,non_plasma
0.56939697265625,0.43060302734375,1.3223245924875975,0.84256866355232,0.6277165032679739,0.06459525913000107,0.31044114986797244,0.38486352060355394,0.2673162722120098,0.4646706973805147,F:\BUET plasma\PCMMD_LOCAL\set1\non_plasma\IMG01136_p_1.jpg,0,non_plasma
0.385986328125,0.614013671875,0.6286282306163022,0.4877380841855042,0.580672998366013,0.07803986647352576,0.34295773535968094,0.4251247032015931,0.3046420228247549,0.5282142788756128,F:\BUET plasma\PCMMD_LOCAL\set1\non_plasma\IMG01136_p_10.jpg,0,non_plasma
0.56488037109375,0.43511962890625,1.298218543975312,0.8321342767216058,0.6149856068729576,0.02851089384779334,0.7252535805509642,0.39286008348651963,0.281329226026348,0.4808538698682598,F:\BUET plasma\PCMMD_LOCAL\set1\non_plasma\IMG01136_p_2.jpg,0,non_plasma
0.4176025390625,0.5823974609375,0.7170404527352756,0.540602141763182,0.5580555236417484,0.036498452331870795,0.4434693650747028,0.45256850298713236,0.33586784811580883,0.5373970779718137,F:\BUET plasma\PCMMD_LOCAL\set1\non_plasma\IMG01136_p_3.jpg,0,non_plasma
0.32147216796875,0.67852783203125,0.47377889718449223,0.38782978060561935,0.5653153562857434,0.06427183717489243,0.2861959861781172,0.4438031364889706,0.3180350509344363,0.5422157437193628,F:\BUET plasma\PCMMD_LOCAL\set1\non_plasma\IMG01136_p_4.jpg,0,non_plasma
0.2386474609375,0.7613525390625,0.3134519801186468,0.2726587707531664,0.5650477590124592,0.05335710261762142,0.07735873779243471,0.4388801125919118,0.31175010531556374,0.554226505055147,F:\BUET plasma\PCMMD_LOCAL\set1\non_plasma\IMG01136_p_5.jpg,0,non_plasma
0.23040771484375,0.76959228515625,0.29938932508525656,0.26189440416600795,0.5543925366370507,0.07737055855616927,0.07587077662602572,0.45067641314338236,0.32635354434742647,0.5597924325980392,F:\BUET plasma\PCMMD_LOCAL\set1\non_plasma\IMG01136_p_6.jpg,0,non_plasma
0.23773193359375,0.76226806640625,0.3118744495155737,0.2714569919761492,0.5645772697099674,0.03257290028035641,0.6527790850234053,0.4262558880974265,0.34006706686580884,0.5399452359068627,F:\BUET plasma\PCMMD_LOCAL\set1\non_plasma\IMG01136_p_7.jpg,0,non_plasma
0.33746337890625,0.66253662109375,0.5093505297098111,0.4116794455268421,0.5321285073274101,0.04454565297067165,0.6289786144293609,0.48250612745098037,0.36643975949754903,0.5546685910692402,F:\BUET plasma\PCMMD_LOCAL\set1\non_plasma\IMG01136_p_8.jpg,0,non_plasma
0.58367919921875,0.41632080078125,1.4019938425450813,0.8762991601845149,0.6086736940870099,0.056574620570987465,0.5784096672510793,0.3914005055147059,0.26759535845588234,0.5149830537683824,F:\BUET plasma\PCMMD_LOCAL\set1\non_plasma\IMG01136_p_9.jpg,0,non_plasma
0.35321044921875,0.64678955078125,0.546097952250637,0.43573430666439833,0.5682228636897467,0.05500070753321051,0.23688533597518502,0.43015974456188727,0.32056741153492646,0.5446042528339461,F:\BUET plasma\PCMMD_LOCAL\set1\non_plasma\IMG01137_p_1.jpg,0,non_plasma
0.24530029296875,0.75469970703125,0.32503032753740396,0.2814353478837177,0.5263962290645425,0.042741292502731086,0.124244418365692,0.48854860791973037,0.37437552657781864,0.5578871783088235,F:\BUET plasma\PCMMD_LOCAL\set1\non_plasma\IMG01137_p_2.jpg,0,non_plasma
0.01177978515625,0.98822021484375,0.01192020258168118,0.011849716552481845,0.4878563974417892,0.07019064148887992,0.17014053784563196,0.5210267310049019,0.3979604683670343,0.6174436083026961,F:\BUET plasma\PCMMD_LOCAL\set1\non_plasma\IMG01137_p_3.jpg,0,non_plasma
0.0216064453125,0.9783935546875,0.022083593262632564,0.021843282235635697,0.4393142999387255,0.09496324067935348,0.06771339471782598,0.5740756165747549,0.47290230545343137,0.6350791781556373,F:\BUET plasma\PCMMD_LOCAL\set1\non_plasma\IMG01137_p_4.jpg,0,non_plasma
0.41131591796875,0.58868408203125,0.6987039917055469,0.5298656024994048,0.5685479058159723,0.03479882216081023,0.26532975805987347,0.4425249885110294,0.32649236940870097,0.525338924632353,F:\BUET plasma\PCMMD_LOCAL\set1\non_plasma\IMG01137_p_5.jpg,0,non_plasma
0.4779052734375,0.5220947265625,0.9153612345101707,0.6499062390523804,0.6219855813419117,0.011726740028709173,0.7110117447671568,0.37204709520526963,0.28952110140931375,0.47247505935968137,F:\BUET plasma\PCMMD_LOCAL\set1\non_plasma\IMG01137_p_6.jpg,0,non_plasma
0.0,0.94793701171875,0.0,0.0,0.35430437474468957,0.07838336258754135,0.0,0.6583139456954656,0.4920362285539216,0.7867367015165441,F:\BUET plasma\PCMMD_LOCAL\set1\non_plasma\IMG01141_p_4.jpg,0,non_plasma
0.0,1.0,0.0,0.0,0.4238700916564543,0.08081698916852474,0.0,0.5889875823376225,0.4213702033547794,0.7180319393382353,F:\BUET plasma\PCMMD_LOCAL\set1\non_plasma\IMG01141_p_5.jpg,0,non_plasma
0.0,0.8043212890625,0.0,0.0,0.3326609094158496,0.07672811689600348,0.0,0.6795031977634803,0.5342026654411764,0.7883114085477941,F:\BUET plasma\PCMMD_LOCAL\set1\non_plasma\IMG01141_p_6.jpg,0,non_plasma
6.103515625e-05,0.78857421875,7.739938080495357e-05,7.7396385627428e-05,0.33627921709048203,0.0794679716490209,0.0,0.6706234202665441,0.518755983838848,0.8017829446231618,F:\BUET plasma\PCMMD_LOCAL\set1\non_plasma\IMG01141_p_7.jpg,0,non_plasma
0.0,0.92529296875,0.0,0.0,0.33395533343545747,0.08826015371084213,0.0,0.6802720013786765,0.5153822954963235,0.8024797028186275,F:\BUET plasma\PCMMD_LOCAL\set1\non_plasma\IMG01141_p_8.jpg,0,non_plasma
0.0093994140625,0.881103515625,0.010667775006927126,0.010611275754152143,0.366690203099469,0.052547226812690494,0.16346682162362974,0.6393868240655637,0.4723321652879902,0.7882104013480392,F:\BUET plasma\PCMMD_LOCAL\set1\non_plasma\IMG01144_p_10.jpg,0,non_plasma
0.34722900390625,0.65277099609375,0.5319308087891538,0.42652890632272833,0.48434532015931375,0.013933573663234711,0.7823138666037336,0.4949429381127451,0.38621515012254903,0.6658059512867647,F:\BUET plasma\PCMMD_LOCAL\set1\non_plasma\IMG01144_p_11.jpg,0,non_plasma
0.30242919921875,0.63092041015625,0.4793460385024669,0.39160012424781865,0.4871775109783496,0.012924978163093329,0.36654004853771066,0.4919625076593137,0.37049177581188725,0.67601318359375,F:\BUET plasma\PCMMD_LOCAL\set1\non_plasma\IMG01144_p_12.jpg,0,non_plasma
0.0113525390625,0.84259033203125,0.013473379210431003,0.013383420369031087,0.3772271848192402,0.0673405098579824,0.29284453419337075,0.6083563112745098,0.4517721737132353,0.8081899605545343,F:\BUET plasma\PCMMD_LOCAL\set1\non_plasma\IMG01144_p_13.jpg,0,non_plasma
0.2474365234375,0.7525634765625,0.32879156528791564,0.28426993168084436,0.44646347145629084,0.027969215657562017,0.40188362146774387,0.5624693627450981,0.3988168753829657,0.6993233475030637,F:\BUET plasma\PCMMD_LOCAL\set1\non_plasma\IMG01144_p_14.jpg,0,non_plasma
0.1834716796875,0.81591796875,0.2248653500897666,0.20283091966116382,0.49132654526654407,0.07063832591474056,0.07847743362479766,0.48336181640625,0.33168370863970587,0.7109748391544117,F:\BUET plasma\PCMMD_LOCAL\set1\non_plasma\IMG01144_p_15.jpg,0,non_plasma
0.145263671875,0.854736328125,0.1699514424450157,0.15696224576467802,0.4408930759803922,0.07990901416540146,0.16035180084272652,0.5474441827512255,0.39747721354166665,0.7323993757659314,F:\BUET plasma\PCMMD_LOCAL\set1\non_plasma\IMG01144_p_16.jpg,0,non_plasma
0.001220703125,0.998779296875,0.0012221950623319481,0.0012214487899451477,0.4811652688419118,0.015037727296352386,0.06737651151184011,0.4972369025735294,0.31193225337009806,0.7473350375306372,F:\BUET plasma\PCMMD_LOCAL\set1\non_plasma\IMG01144_p_17.jpg,0,non_plasma
0.0067138671875,0.98211669921875,0.006836119569945932,0.006812859251268013,0.3865240757761438,0.07632252701744437,0.36531027778925523,0.6122058344822304,0.42240157781862747,0.8058203603707108,F:\BUET plasma\PCMMD_LOCAL\set1\non_plasma\IMG01144_p_18.jpg,0,non_plasma
0.05279541015625,0.94720458984375,0.05573812745666602,0.054240169167609556,0.4063736660028594,0.09227013564109803,0.12583508362912907,0.582449161305147,0.4047109566482843,0.7937188840379902,F:\BUET plasma\PCMMD_LOCAL\set1\non_plasma\IMG01144_p_19.jpg,0,non_plasma
0.01318359375,0.8902587890625,0.014808720691073632,0.014700142213233337,0.4162654303257761,0.04958708953484893,0.06928025832647954,0.5714341107536764,0.41251340379901963,0.7672561944699755,F:\BUET plasma\PCMMD_LOCAL\set1\non_plasma\IMG01144_p_20.jpg,0,non_plasma
0.0338134765625,0.96612548828125,0.03499905237222819,0.03440051113452503,0.5009745678870507,0.06994856327399611,0.3026010601006005,0.4590205173866422,0.29082988664215687,0.747225892310049,F:\BUET plasma\PCMMD_LOCAL\set1\non_plasma\IMG01144_p_7.jpg,0,non_plasma
0.2037353515625,0.79498291015625,0.2562763915547025,0.2281521008073279,0.47469490400326797,0.02922241745889187,0.16817237322753933,0.5302717620251225,0.36288368374693625,0.6827598422181372,F:\BUET plasma\PCMMD_LOCAL\set1\non_plasma\IMG01144_p_9.jpg,0,non_plasma
0.39306640625,0.60693359375,0.6476267095736122,0.4993358946486873,0.5051348517922793,0.02142418473958969,0.699060071977594,0.47492316750919117,0.3599398743872549,0.6497324027267157,F:\BUET plasma\PCMMD_LOCAL\set1\non_plasma\IMG01148_p_10.jpg,0,non_plasma
0.38580322265625,0.61419677734375,0.6281427009838021,0.48743991790590113,0.5683714224622141,0.017444206178188326,0.6295700939460618,0.4160955690870098,0.3078725777420343,0.5709175857843137,F:\BUET plasma\PCMMD_LOCAL\set1\non_plasma\IMG01148_p_11.jpg,0,non_plasma
0.365478515625,0.634521484375,0.5759907656791073,0.45488413207785344,0.5014133827359069,0.01866222858056426,0.5925341141160606,0.4757340973498774,0.36484087775735297,0.655184876685049,F:\BUET plasma\PCMMD_LOCAL\set1\non_plasma\IMG01148_p_12.jpg,0,non_plasma
0.30291748046875,0.69683837890625,0.4347026364193746,0.3609576057307332,0.49319948682598036,0.04038500438630581,0.6595200086255983,0.4950061274509804,0.38552652994791664,0.6398688821231617,F:\BUET plasma\PCMMD_LOCAL\set1\non_plasma\IMG01148_p_13.jpg,0,non_plasma
0.1085205078125,0.86590576171875,0.1253260026785085,0.11807277383689692,0.3989975873161765,0.0369936950057745,0.20916542310815453,0.6107316559436274,0.4573613185508578,0.7349142635569853,F:\BUET plasma\PCMMD_LOCAL\set1\non_plasma\IMG01148_p_14.jpg,0,non_plasma
0.0677490234375,0.8955078125,0.07565430752453653,0.07292913458473421,0.3904629576439951,0.0392740883231163,0.22317842477159233,0.6199716605392157,0.46430855545343136,0.7443309110753676,F:\BUET plasma\PCMMD_LOCAL\set1\non_plasma\IMG01148_p_15.jpg,0,non_plasma
0.157470703125,0.842529296875,0.18690234714575485,0.17134684362134028,0.4497320038041258,0.029873350366950036,0.2858751755392066,0.562130677466299,0.40781824448529413,0.6808550666360295,F:\BUET plasma\PCMMD_LOCAL\set1\non_plasma\IMG01148_p_16.jpg,0,non_plasma
0.23828125,0.76171875,0.3128205128205128,0.27217788591581565,0.4854696435866014,0.039322141036391256,0.12009248460029474,0.49737477022058824,0.36500962201286763,0.6812066770067402,F:\BUET plasma\PCMMD_LOCAL\set1\non_plasma\IMG01148_p_17.jpg,0,non_plasma
0.13909912109375,0.86090087890625,0.16157390996100673,0.14977590440313768,0.5071346507352941,0.04176498407125473,0.16419061579367464,0.4899859260110294,0.332662904028799,0.6559472177542892,F:\BUET plasma\PCMMD_LOCAL\set1\non_plasma\IMG01148_p_18.jpg,0,non_plasma
0.23095703125,0.76904296875,0.3003174603174603,0.26260843489966496,0.534433083129085,0.024408771276474,0.11428706993136241,0.47697251263786766,0.3379279641544118,0.5818002738204657,F:\BUET plasma\PCMMD_LOCAL\set1\non_plasma\IMG01148_p_19.jpg,0,non_plasma
0.4049072265625,0.5950927734375,0.6804102564102564,0.5190379638473416,0.566726744408701,0.05080311238393188,0.030756159752048304,0.4265392827052696,0.2741835650275735,0.5990969190410539,F:\BUET plasma\PCMMD_LOCAL\set1\non_plasma\IMG01148_p_20.jpg,0,non_plasma
0.05609130859375,0.94378662109375,0.05943219297678329,0.05773309760011687,0.4735834258833741,0.026097706016153098,0.14820554834474525,0.5151376761642157,0.3648480583639706,0.6992639878216912,F:\BUET plasma\PCMMD_LOCAL\set1\non_plasma\IMG01148_p_21.jpg,0,non_plasma
0.2327880859375,0.76544189453125,0.30412247827127026,0.26553038414843455,0.49741952933517153,0.04223172229155898,0.18148964624223446,0.4772123448988971,0.35307760799632354,0.6774514590992647,F:\BUET plasma\PCMMD_LOCAL\set1\non_plasma\IMG01148_p_22.jpg,0,non_plasma
0.44708251953125,0.55291748046875,0.8085881443867977,0.5925465101699465,0.5471571180555556,0.021418468054383993,0.3128396195034244,0.4186355890012255,0.2937215169270833,0.6461715399050245,F:\BUET plasma\PCMMD_LOCAL\set1\non_plasma\IMG01148_p_23.jpg,0,non_plasma
0.30657958984375,0.69342041015625,0.4421265733650207,0.3661188112693298,0.5517358717575571,0.021101225193589927,0.18286658193035474,0.4169062595741422,0.2712225222120098,0.6566636029411764,F:\BUET plasma\PCMMD_LOCAL\set1\non_plasma\IMG01148_p_24.jpg,0,non_plasma
0.42041015625,0.57958984375,0.7253580454928391,0.5454345915497303,0.5477778416053922,0.019433094963431357,0.25301644258898703,0.4219357958026961,0.300546204810049,0.6341844745710784,F:\BUET plasma\PCMMD_LOCAL\set1\non_plasma\IMG01148_p_25.jpg,0,non_plasma
0.52691650390625,0.47308349609375,1.1137917688040253,0.7484833815577229,0.5799035564746733,0.011964581474661827,0.24440799580999303,0.37860298904718137,0.252520632276348,0.629165709252451,F:\BUET plasma\PCMMD_LOCAL\set1\non_plasma\IMG01148_p_26.jpg,0,non_plasma
0.64447021484375,0.35552978515625,1.8127038626609442,1.034146249405333,0.5866419175091913,0.008856014635413885,0.35488019517077435,0.37048268037683824,0.23491043390012256,0.6346811331954657,F:\BUET plasma\PCMMD_LOCAL\set1\non_plasma\IMG01148_p_27.jpg,0,non_plasma
0.46820068359375,0.53179931640625,0.880408584873178,0.6314890856079475,0.5822369344873366,0.014580559194087982,0.09661198403919344,0.37329053691789216,0.23353726256127452,0.6464613970588236,F:\BUET plasma\PCMMD_LOCAL\set1\non_plasma\IMG01148_p_28.jpg,0,non_plasma
0.562255859375,0.437744140625,1.2844394868934745,0.8261206931142108,0.5603603387969771,0.0147284378670156,0.40534816696690984,0.4017786362591912,0.2827071844362745,0.634433162913603,F:\BUET plasma\PCMMD_LOCAL\set1\non_plasma\IMG01148_p_29.jpg,0,non_plasma
0.612548828125,0.387451171875,1.580970384373031,0.9481654461929346,0.5606368719362744,0.011999971330165863,0.49251182466230514,0.4039316214767157,0.278973508348652,0.6351842543658088,F:\BUET plasma\PCMMD_LOCAL\set1\non_plasma\IMG01148_p_30.jpg,0,non_plasma
0.442138671875,0.55645751953125,0.7945596139080838,0.5847596513981738,0.5315561331954657,0.0262391458414495,0.25287753769782567,0.43688007429534315,0.3123958812040441,0.6560556449142156,F:\BUET plasma\PCMMD_LOCAL\set1\non_plasma\IMG01148_p_31.jpg,0,non_plasma
0.55029296875,0.44970703125,1.223669923995657,0.7991589499040916,0.5911662581699346,0.01603018093109131,0.22584092009001228,0.390411496629902,0.27294658586090687,0.5631431429993873,F:\BUET plasma\PCMMD_LOCAL\set1\non_plasma\IMG01148_p_32.jpg,0,non_plasma
0.32025146484375,0.67974853515625,0.4711322618299362,0.38603235044613415,0.5535847183925654,0.03507302149757743,0.3735767297495456,0.4360239066329657,0.3421697878370098,0.5610521503523285,F:\BUET plasma\PCMMD_LOCAL\set1\non_plasma\IMG01148_p_33.jpg,0,non_plasma
0.159912109375,0.840087890625,0.19035164196454518,0.1742487609218633,0.5169059404360703,0.05086501383408904,0.03786372435138723,0.4741254021139706,0.3461495193780637,0.6290072571997549,F:\BUET plasma\PCMMD_LOCAL\set1\non_plasma\IMG01148_p_5.jpg,0,non_plasma
0.4462890625,0.5537109375,0.8059964726631393,0.5911125018717011,0.5576571595435049,0.04438559317588806,0.5445044131305761,0.4495739506740196,0.32564673330269606,0.5518078373927696,F:\BUET plasma\PCMMD_LOCAL\set1\non_plasma\IMG01148_p_6.jpg,0,non_plasma
0.34466552734375,0.65533447265625,0.5259383440439601,0.4226095284050988,0.5486071218852124,0.020334354754537345,0.4513260064966409,0.46993815104166664,0.3346722771139706,0.5495682061887255,F:\BUET plasma\PCMMD_LOCAL\set1\non_plasma\IMG01148_p_7.jpg,0,non_plasma
0.24462890625,0.75537109375,0.32385261797026504,0.2805461355863323,0.5013424542994281,0.0203043742030859,0.27193176231712335,0.4996881223192402,0.36255385454963235,0.6337306602328432,F:\BUET plasma\PCMMD_LOCAL\set1\non_plasma\IMG01148_p_8.jpg,0,non_plasma
0.47412109375,0.52587890625,0.9015784586815228,0.6426843090030099,0.579843079810049,0.013710206028074027,0.4289071606277444,0.40683641620710786,0.29798990885416665,0.5556444355085784,F:\BUET plasma\PCMMD_LOCAL\set1\non_plasma\IMG01148_p_9.jpg,0,non_plasma
0.2001953125,0.791748046875,0.2528522972556275,0.2254227896804088,0.5049382627399919,0.024988074243068696,0.08419749187530862,0.48128207337622547,0.3572339824601716,0.6466691559436275,F:\BUET plasma\PCMMD_LOCAL\set1\non_plasma\IMG01151_p_10.jpg,0,non_plasma
0.0,0.97967529296875,0.0,0.0,0.4051655688316994,0.053310278996825215,0.0,0.6095327339920343,0.43817665249693627,0.7367939070159314,F:\BUET plasma\PCMMD_LOCAL\set1\non_plasma\IMG01151_p_11.jpg,0,non_plasma
0.0601806640625,0.9398193359375,0.06403429016755423,0.062067618001239465,0.4663052428002451,0.03991402905806899,0.12687781799080394,0.5516589594822304,0.39516218596813724,0.654263126148897,F:\BUET plasma\PCMMD_LOCAL\set1\non_plasma\IMG01151_p_12.jpg,0,non_plasma
0.2236328125,0.7763671875,0.2880503144654088,0.2531296909451212,0.5340650371476716,0.026435046181082725,0.392173424894314,0.4812076344209559,0.33178998161764706,0.5848072725183824,F:\BUET plasma\PCMMD_LOCAL\set1\non_plasma\IMG01151_p_13.jpg,0,non_plasma
0.00091552734375,0.99365234375,0.0009213759213759214,0.0009209517151306254,0.4527212105545343,0.06795181535184383,0.7853981633974483,0.5388023226868872,0.36649744370404413,0.7365366019454657,F:\BUET plasma\PCMMD_LOCAL\set1\non_plasma\IMG01151_p_14.jpg,0,non_plasma
0.24737548828125,0.74139404296875,0.33366263274882685,0.28792901652020464,0.4610920426113153,0.032867976292967796,0.15546022378618002,0.5478008195465687,0.40307234221813726,0.665850710401348,F:\BUET plasma\PCMMD_LOCAL\set1\non_plasma\IMG01151_p_3.jpg,0,non_plasma
0.16558837890625,0.73443603515625,0.22546330923294275,0.20331898411143334,0.45320390688827605,0.018877606060355902,0.2953191467589894,0.5300120634191177,0.3938246783088235,0.7165515376072303,F:\BUET plasma\PCMMD_LOCAL\set1\non_plasma\IMG01151_p_4.jpg,0,non_plasma
0.05743408203125,0.81903076171875,0.07012445040614054,0.06777495050125738,0.38581120110804745,0.035771048929542304,0.09721822358770514,0.611566042432598,0.4632848403033088,0.767715513939951,F:\BUET plasma\PCMMD_LOCAL\set1\non_plasma\IMG01151_p_5.jpg,0,non_plasma
0.01385498046875,0.8734130859375,0.01586303284416492,0.0157385298758283,0.3792875402113971,0.06740244683250785,0.04023739513371478,0.6242637484681373,0.4649715647977941,0.7729020660998774,F:\BUET plasma\PCMMD_LOCAL\set1\non_plasma\IMG01151_p_6.jpg,0,non_plasma
0.25604248046875,0.74395751953125,0.3441627697103946,0.2957713431833979,0.46716101154003276,0.015880531072616576,0.8342967240005879,0.5205554438572304,0.4319955863204657,0.6459659352022059,F:\BUET plasma\PCMMD_LOCAL\set1\non_plasma\IMG01151_p_7.jpg,0,non_plasma
0.16656494140625,0.72296142578125,0.2303925707049388,0.20733328163734166,0.42534602545445255,0.034955813970416784,0.24817803707195926,0.5730890012254902,0.43808402267156865,0.7127888997395834,F:\BUET plasma\PCMMD_LOCAL\set1\non_plasma\IMG01151_p_8.jpg,0,non_plasma
0.1234130859375,0.8765869140625,0.140788191059741,0.1317194191689715,0.5315505482792076,0.03424087756499648,0.059158052009045184,0.4337792490042892,0.31694694967830883,0.6546221564797794,F:\BUET plasma\PCMMD_LOCAL\set1\non_plasma\IMG01151_p_9.jpg,0,non_plasma
0.47723388671875,0.52276611328125,0.912901342673672,0.6486211170810141,0.5861282647824755,0.01859369085729122,0.5561617571690566,0.4182351505055147,0.310638547411152,0.5127415077359069,F:\BUET plasma\PCMMD_LOCAL\set1\non_plasma\IMG01154_p_10.jpg,0,non_plasma
0.3316650390625,0.6683349609375,0.49625570776255706,0.4029657925945874,0.5367141224979575,0.021491125460714102,0.5872316832459329,0.47810896331188724,0.3623937270220588,0.5493549421721814,F:\BUET plasma\PCMMD_LOCAL\set1\non_plasma\IMG01154_p_11.jpg,0,non_plasma
0.0927734375,0.9072265625,0.10226049515608181,0.09736306678561457,0.48521249808517153,0.02711199691519141,0.3842789237968996,0.509319948682598,0.37380801930147056,0.6612345377604166,F:\BUET plasma\PCMMD_LOCAL\set1\non_plasma\IMG01154_p_12.jpg,0,non_plasma
0.35052490234375,0.64947509765625,0.5397049149516023,0.43159078439750287,0.5101463567197713,0.022910104658454656,0.5279162059039417,0.4869042490042892,0.3705329446231618,0.6121237362132353,F:\BUET plasma\PCMMD_LOCAL\set1\non_plasma\IMG01154_p_13.jpg,0,non_plasma
0.2266845703125,0.7733154296875,0.29313338595106553,0.25706825452404963,0.5132069706137663,0.040367159351706504,0.23837555854222625,0.46716811236213235,0.3382036994485294,0.6550072763480392,F:\BUET plasma\PCMMD_LOCAL\set1\non_plasma\IMG01154_p_14.jpg,0,non_plasma
0.1260986328125,0.8739013671875,0.14429389579550217,0.134787761883104,0.5069245780994689,0.06182960980758071,0.4996514025860573,0.47485973881740196,0.34834965724571076,0.6560168696384804,F:\BUET plasma\PCMMD_LOCAL\set1\non_plasma\IMG01154_p_15.jpg,0,non_plasma
0.26202392578125,0.73797607421875,0.3550574807708213,0.3038438746649876,0.555890171823938,0.014781351670622826,0.21557228295386835,0.41816813151041665,0.29054361979166665,0.6236177332261029,F:\BUET plasma\PCMMD_LOCAL\set1\non_plasma\IMG01154_p_16.jpg,0,non_plasma
0.3460693359375,0.6539306640625,0.52921411237633,0.42475395139832867,0.5409055223651961,0.04388756988942623,0.25097816400904843,0.4486139035692402,0.3245751474417892,0.6040943818933824,F:\BUET plasma\PCMMD_LOCAL\set1\non_plasma\IMG01154_p_17.jpg,0,non_plasma
0.29193115234375,0.70806884765625,0.4122920437893285,0.34521394756382756,0.5434300640829248,0.050042236268520356,0.3212799375165488,0.4174560546875,0.3143322514552696,0.6379215016084558,F:\BUET plasma\PCMMD_LOCAL\set1\non_plasma\IMG01154_p_18.jpg,0,non_plasma
0.35784912109375,0.64215087890625,0.5572664195418686,0.4429319890309465,0.5684320586958742,0.045800909996032715,0.2683657974427573,0.39958208869485295,0.29370380476409313,0.6014179304534314,F:\BUET plasma\PCMMD_LOCAL\set1\non_plasma\IMG01154_p_19.jpg,0,non_plasma
0.59039306640625,0.40960693359375,1.441364923260319,0.892557277680995,0.6105921128216911,0.04521299743652344,0.09083527257737563,0.3465339211856618,0.24750354243259803,0.5741861979166667,F:\BUET plasma\PCMMD_LOCAL\set1\non_plasma\IMG01154_p_20.jpg,0,non_plasma
0.5919189453125,0.4080810546875,1.4504935686509124,0.8962894608591905,0.6271260978349673,0.015319082405418157,0.3500537195287058,0.3483707203584559,0.2571346507352941,0.513116335401348,F:\BUET plasma\PCMMD_LOCAL\set1\non_plasma\IMG01154_p_21.jpg,0,non_plasma
0.24395751953125,0.75604248046875,0.3226770000807298,0.2796577132850344,0.5404491549223855,0.06374416898190975,0.06518673274140147,0.45940539790134804,0.33703876570159313,0.5822083716299019,F:\BUET plasma\PCMMD_LOCAL\set1\non_plasma\IMG01154_p_22.jpg,0,non_plasma
0.09722900390625,0.90277099609375,0.10770062876073287,0.10228636116786431,0.48482075610192,0.02786596166715026,0.11897086320055618,0.5258501838235294,0.3797346526501226,0.6399528952205882,F:\BUET plasma\PCMMD_LOCAL\set1\non_plasma\IMG01154_p_23.jpg,0,non_plasma
0.28155517578125,0.71844482421875,0.39189533599524257,0.3306663694267537,0.5073961843852124,0.01811855572089553,0.5474551688511297,0.4966540766697304,0.3816107058057598,0.5995466643688725,F:\BUET plasma\PCMMD_LOCAL\set1\non_plasma\IMG01154_p_24.jpg,0,non_plasma
0.619873046875,0.380126953125,1.6307000642260758,0.9672499948853454,0.5959768656811684,0.03426187287271023,0.4193999607939391,0.402984738817402,0.2919660979626226,0.5171185661764706,F:\BUET plasma\PCMMD_LOCAL\set1\non_plasma\IMG01154_p_25.jpg,0,non_plasma
0.3780517578125,0.6219482421875,0.6078508341511285,0.47489840162246383,0.5525714550142974,0.039836011674255135,0.5826443733566702,0.4492132448682598,0.31415321499693627,0.5789191750919118,F:\BUET plasma\PCMMD_LOCAL\set1\non_plasma\IMG01154_p_26.jpg,0,non_plasma
0.423095703125,0.576904296875,0.7333897587812104,0.5500788895324359,0.5606998219209559,0.02669976232945919,0.2984586476015983,0.4104690850949755,0.2848721373314951,0.6225593118106618,F:\BUET plasma\PCMMD_LOCAL\set1\non_plasma\IMG01154_p_27.jpg,0,non_plasma
0.27227783203125,0.72772216796875,0.3741508009729095,0.3178359410331023,0.530014137816585,0.02181664552912116,0.2144716585728703,0.4564967735140931,0.32315913181678924,0.6303016812193627,F:\BUET plasma\PCMMD_LOCAL\set1\non_plasma\IMG01154_p_28.jpg,0,non_plasma
0.2100830078125,0.7899169921875,0.26595580281254827,0.23582741222202294,0.47545756421058005,0.026518095400184395,0.13936535373712985,0.528783940333946,0.39081432866115196,0.6540290383731617,F:\BUET plasma\PCMMD_LOCAL\set1\non_plasma\IMG01154_p_29.jpg,0,non_plasma
0.3204345703125,0.679443359375,0.4716133668702839,0.386359327429766,0.5365808025684232,0.02683922551572323,0.3147658466874431,0.4481076708026961,0.33255519492953434,0.6095947265625,F:\BUET plasma\PCMMD_LOCAL\set1\non_plasma\IMG01154_p_30.jpg,0,non_plasma
0.32720947265625,0.67279052734375,0.48634672956545405,0.3963212498759189,0.5275732900582109,0.02076317352056503,0.22854284568132924,0.4803775562959559,0.33860030828737747,0.5983022652420343,F:\BUET plasma\PCMMD_LOCAL\set1\non_plasma\IMG01154_p_9.jpg,0,non_plasma
0.31842041015625,0.68157958984375,0.46718008417659174,0.3833422483934422,0.5075980392156862,0.04557015248760581,0.10986873234945406,0.4903710458792892,0.3633841720281863,0.6234506644454657,F:\BUET plasma\PCMMD_LOCAL\set1\non_plasma\IMG01159_p_10.jpg,0,non_plasma
0.38690185546875,0.61309814453125,0.6310602289696366,0.4892302505901996,0.5530038871017157,0.03002679770812392,0.16153153902933076,0.45427629059436275,0.3179060393688726,0.5688060087316177,F:\BUET plasma\PCMMD_LOCAL\set1\non_plasma\IMG01159_p_11.jpg,0,non_plasma
0.54168701171875,0.45831298828125,1.1819150352909842,0.7802029477393504,0.613336221532884,0.04907741683721542,0.4903120793332864,0.38802801393995096,0.2769121955422794,0.49505112591911765,F:\BUET plasma\PCMMD_LOCAL\set1\non_plasma\IMG01159_p_12.jpg,0,non_plasma
0.00128173828125,0.99871826171875,0.0012833832426816598,0.001282560410338781,0.4676380431729984,0.033288917001336814,0.16122901519013072,0.5344199984681373,0.4053265739889706,0.657339298023897,F:\BUET plasma\PCMMD_LOCAL\set1\non_plasma\IMG01159_p_13.jpg,0,non_plasma
0.4056396484375,0.5943603515625,0.6824810022591908,0.5202694910965882,0.5612689248876634,0.018699552297592164,0.3548503467798979,0.4228707107843137,0.3036228553921569,0.5896996591605392,F:\BUET plasma\PCMMD_LOCAL\set1\non_plasma\IMG01159_p_14.jpg,0,non_plasma
0.408203125,0.591796875,0.6897689768976898,0.5245918195301387,0.5581113728043301,0.023143431529402732,0.6854839320954844,0.4328168083639706,0.3221706016390931,0.570678471583946,F:\BUET plasma\PCMMD_LOCAL\set1\non_plasma\IMG01159_p_15.jpg,0,non_plasma
0.33123779296875,0.66876220703125,0.49529980834169934,0.402326727433841,0.5458026162939134,0.020917184591293336,0.7086584140193941,0.45694747625612747,0.348174929151348,0.5574697457107843,F:\BUET plasma\PCMMD_LOCAL\set1\non_plasma\IMG01159_p_16.jpg,0,non_plasma
0.04669189453125,0.95330810546875,0.048978807862219094,0.047817126981511894,0.47119531569138073,0.04687600537762046,0.13890802798639265,0.5420520258884803,0.4011910232843137,0.6431710037530637,F:\BUET plasma\PCMMD_LOCAL\set1\non_plasma\IMG01159_p_17.jpg,0,non_plasma
0.22882080078125,0.77117919921875,0.29671547289275824,0.2598345080169398,0.5163629270067402,0.03037512344121933,0.15794967958769177,0.4974118700214461,0.37645431219362746,0.5770450367647059,F:\BUET plasma\PCMMD_LOCAL\set1\non_plasma\IMG01159_p_18.jpg,0,non_plasma
0.4002685546875,0.5997314453125,0.6674129859556279,0.5112733151106408,0.5542332069546569,0.014025836706161499,0.6121659585639829,0.41464173560049017,0.3205114028033088,0.6021472407322304,F:\BUET plasma\PCMMD_LOCAL\set1\non_plasma\IMG01159_p_4.jpg,0,non_plasma
0.2525634765625,0.7474365234375,0.3379062551037073,0.2911058958013345,0.4958346896701389,0.05095901953801513,0.6625547448593464,0.4793677236519608,0.39579096775428924,0.6373372395833333,F:\BUET plasma\PCMMD_LOCAL\set1\non_plasma\IMG01159_p_5.jpg,0,non_plasma
0.05609130859375,0.94244384765625,0.05951687066899812,0.05781302183587383,0.471383926291871,0.0561269968599081,0.13951669991956123,0.5327694163602941,0.40222311580882353,0.6508556889552696,F:\BUET plasma\PCMMD_LOCAL\set1\non_plasma\IMG01159_p_6.jpg,0,non_plasma
0.00335693359375,0.99371337890625,0.003378170874024937,0.0033724776729322768,0.41981105430453436,0.13663843201100825,0.15997338049075616,0.6136161056219362,0.4525668275122549,0.6743839039522059,F:\BUET plasma\PCMMD_LOCAL\set1\non_plasma\IMG01159_p_7.jpg,0,non_plasma
0.000732421875,0.997802734375,0.0007340347443112308,0.0007337654725701213,0.45480502259497546,0.10681641668081283,0.05358572650647264,0.5527042164522059,0.4114549823835784,0.6714257333792892,F:\BUET plasma\PCMMD_LOCAL\set1\non_plasma\IMG01159_p_8.jpg,0,non_plasma
0.03143310546875,0.96856689453125,0.03245321066229756,0.03193772827639203,0.49177405662785945,0.03347070847451687,0.3070395661668448,0.5105736825980393,0.3701736749387255,0.6439304725796569,F:\BUET plasma\PCMMD_LOCAL\set1\non_plasma\IMG01159_p_9.jpg,0,non_plasma
0.1163330078125,0.8834228515625,0.13168439961309936,0.12370714198098742,0.497915629467933,0.00505722713470459,0.19419679729352635,0.5305302638633579,0.38674747242647056,0.5889753753063726,F:\BUET plasma\PCMMD_LOCAL\set1\non_plasma\IMG01160_p_10.jpg,0,non_plasma
0.43853759765625,0.56146240234375,0.781063159039026,0.5772104663620771,0.6406079261131536,0.0027424926422536374,0.2975959542179566,0.38437643612132355,0.27707423789828434,0.4167255476409314,F:\BUET plasma\PCMMD_LOCAL\set1\non_plasma\IMG01160_p_100.jpg,0,non_plasma
0.69635009765625,0.30364990234375,2.2932663316582915,1.1918798782465412,0.68851908764808,0.00343438720703125,0.8204349989412595,0.31704771752450983,0.21601418887867646,0.4013808306525735,F:\BUET plasma\PCMMD_LOCAL\set1\non_plasma\IMG01160_p_101.jpg,0,non_plasma
0.776611328125,0.223388671875,3.476502732240437,1.4988421014438225,0.6976343890420752,0.0071137847751379015,0.6155300979881932,0.32461751302083336,0.22468884037990197,0.3577904794730392,F:\BUET plasma\PCMMD_LOCAL\set1\non_plasma\IMG01160_p_102.jpg,0,non_plasma
0.30914306640625,0.69085693359375,0.44747769237565155,0.36982251920681414,0.6067044526143791,0.0036061311922967435,0.7688783497808251,0.41974379595588235,0.3037832222732843,0.4563596239276961,F:\BUET plasma\PCMMD_LOCAL\set1\non_plasma\IMG01160_p_103.jpg,0,non_plasma
0.27349853515625,0.72650146484375,0.3764597160379736,0.31951477967135455,0.5689348607281455,0.0034008096419274807,0.45698253111709586,0.45236600988051473,0.35283466413909315,0.48799474379595587,F:\BUET plasma\PCMMD_LOCAL\set1\non_plasma\IMG01160_p_104.jpg,0,non_plasma
0.40411376953125,0.59588623046875,0.67817269281983,0.5177055186135628,0.5673140382455066,0.0036972032450139523,0.7216156369442779,0.44718831380208335,0.3213792987898284,0.5294902726715687,F:\BUET plasma\PCMMD_LOCAL\set1\non_plasma\IMG01160_p_105.jpg,0,non_plasma
0.5350341796875,0.4649658203125,1.1506957206615909,0.765791380800685,0.5850804547079248,0.003987243618816137,0.8258378769475415,0.43383382161458334,0.30630170036764703,0.5046231138939951,F:\BUET plasma\PCMMD_LOCAL\set1\non_plasma\IMG01160_p_106.jpg,0,non_plasma
0.50982666015625,0.49017333984375,1.0400946332959782,0.7129961956507722,0.5797447054993873,0.0033610227666795254,0.8359733233168178,0.44043232038909313,0.3146908030790441,0.505642760033701,F:\BUET plasma\PCMMD_LOCAL\set1\non_plasma\IMG01160_p_107.jpg,0,non_plasma
0.2666015625,0.7333984375,0.36351531291611183,0.3100661538353183,0.5232622134140115,0.0063673811815679075,0.15508299593140115,0.49552145565257355,0.35609753178615194,0.5785943723192402,F:\BUET plasma\PCMMD_LOCAL\set1\non_plasma\IMG01160_p_108.jpg,0,non_plasma
0.05560302734375,0.94439697265625,0.05887675305370646,0.057208679349561704,0.4864935980902778,0.004990587558597327,0.681850296499822,0.5490662817861519,0.4070714613970588,0.5843814625459559,F:\BUET plasma\PCMMD_LOCAL\set1\non_plasma\IMG01160_p_109.jpg,0,non_plasma
0.42144775390625,0.57855224609375,0.7284523683932904,0.5472264233861928,0.5548457126991422,0.004388170182704925,0.7480634997665413,0.460824525122549,0.3213603898590686,0.5532779469209559,F:\BUET plasma\PCMMD_LOCAL\set1\non_plasma\IMG01160_p_11.jpg,0,non_plasma
0.28314208984375,0.71685791015625,0.3949765857811835,0.3328776307462212,0.5399394914215686,0.004700374837964773,0.6385551695190672,0.4852474437040441,0.3532958984375,0.54163818359375,F:\BUET plasma\PCMMD_LOCAL\set1\non_plasma\IMG01160_p_110.jpg,0,non_plasma
0.02435302734375,0.97564697265625,0.024960900844541757,0.02465446634529251,0.503201353783701,0.004553283508867026,0.5460669613527664,0.5359537760416667,0.3946612189797794,0.559780943627451,F:\BUET plasma\PCMMD_LOCAL\set1\non_plasma\IMG01160_p_111.jpg,0,non_plasma
0.12103271484375,0.87847900390625,0.1377753074411172,0.12907487107845472,0.45047759012459154,0.005370661403983831,0.4185739388619255,0.6050819546568628,0.44908806295955883,0.5943972120098039,F:\BUET plasma\PCMMD_LOCAL\set1\non_plasma\IMG01160_p_112.jpg,0,non_plasma
0.317626953125,0.682373046875,0.46547406082289805,0.3821787811301442,0.4941932029973447,0.005920376893132925,0.6930774812776022,0.5321954465379902,0.3989494772518382,0.5862754672181373,F:\BUET plasma\PCMMD_LOCAL\set1\non_plasma\IMG01160_p_113.jpg,0,non_plasma
0.1717529296875,0.8282470703125,0.20736919675755341,0.1884437750103195,0.44331900403390523,0.007985168006271123,0.3747956937162355,0.592676020603554,0.46625354243259803,0.6111134248621324,F:\BUET plasma\PCMMD_LOCAL\set1\non_plasma\IMG01160_p_114.jpg,0,non_plasma
0.19219970703125,0.80780029296875,0.23792973177181714,0.21344041317803267,0.4721931008731618,0.0063156806491315364,0.31337031654486647,0.5631390739889706,0.43445566214767156,0.5858259612438725,F:\BUET plasma\PCMMD_LOCAL\set1\non_plasma\IMG01160_p_115.jpg,0,non_plasma
0.17138671875,0.82861328125,0.20683559222156747,0.1880017209251721,0.501415935840482,0.005100384458899498,0.3183625233643116,0.5394859164368873,0.3960865693933823,0.5601797066482843,F:\BUET plasma\PCMMD_LOCAL\set1\non_plasma\IMG01160_p_116.jpg,0,non_plasma
0.24139404296875,0.75860595703125,0.31820741813500686,0.2762727970937229,0.5615014169730392,0.003583057578653097,0.3642642748126126,0.47087210860906864,0.35479233685661765,0.48983130361519606,F:\BUET plasma\PCMMD_LOCAL\set1\non_plasma\IMG01160_p_117.jpg,0,non_plasma
0.4542236328125,0.5457763671875,0.8322522925520018,0.6055459710453085,0.6210612777011846,0.0035835155099630356,0.36679089120830266,0.40077646292892155,0.28089216643688725,0.45514753753063725,F:\BUET plasma\PCMMD_LOCAL\set1\non_plasma\IMG01160_p_118.jpg,0,non_plasma
0.55621337890625,0.44378662109375,1.2533351671021868,0.8124114151891775,0.6627804425806781,0.0027174534760415554,0.7263543478577099,0.3563253963694853,0.24473924823835785,0.41059402765012254,F:\BUET plasma\PCMMD_LOCAL\set1\non_plasma\IMG01160_p_119.jpg,0,non_plasma
0.249267578125,0.750732421875,0.33203252032520325,0.28670598647872547,0.5544120040594362,0.007441372778266668,0.24147527608773364,0.46200262331495096,0.328738463158701,0.5460229013480392,F:\BUET plasma\PCMMD_LOCAL\set1\non_plasma\IMG01160_p_12.jpg,0,non_plasma
0.1978759765625,0.8021240234375,0.24669000152183837,0.22049204038142114,0.4976982964409722,0.0052972412109375,0.3052707040985007,0.5366778205422794,0.41635790058210786,0.553869389552696,F:\BUET plasma\PCMMD_LOCAL\set1\non_plasma\IMG01160_p_120.jpg,0,non_plasma
0.2789306640625,0.7210693359375,0.38682918571186725,0.32701997997205373,0.5372615240757761,0.004369200821965933,0.3552767380998977,0.5020158356311275,0.35695082720588234,0.5292487649356618,F:\BUET plasma\PCMMD_LOCAL\set1\non_plasma\IMG01160_p_121.jpg,0,non_plasma
0.338623046875,0.661376953125,0.5119970468807679,0.41343132463424864,0.5444710126889297,0.00468168955668807,0.5363042459672102,0.4841131472120098,0.35937667547487745,0.5230971392463235,F:\BUET plasma\PCMMD_LOCAL\set1\non_plasma\IMG01160_p_122.jpg,0,non_plasma
0.144775390625,0.855224609375,0.16928347131030544,0.15639114352185687,0.45532282411662583,0.008651773478835821,0.11366141153799017,0.5850593118106617,0.4518710267310049,0.5971011891084559,F:\BUET plasma\PCMMD_LOCAL\set1\non_plasma\IMG01160_p_123.jpg,0,non_plasma
0.2740478515625,0.7259521484375,0.3775012611400706,0.32027117757269535,0.46346962124693625,0.004373165130615234,0.4322616670625164,0.5598163679534314,0.43813309015012253,0.6116416781556373,F:\BUET plasma\PCMMD_LOCAL\set1\non_plasma\IMG01160_p_124.jpg,0,non_plasma
0.47955322265625,0.52044677734375,0.9214260584027207,0.6530676490971847,0.6340346392463235,0.0037402733229100703,0.6721440369015478,0.3845904181985294,0.2606344784007353,0.45267118566176473,F:\BUET plasma\PCMMD_LOCAL\set1\non_plasma\IMG01160_p_125.jpg,0,non_plasma
0.43377685546875,0.56622314453125,0.7660881750565915,0.5687670301859629,0.6514476102941176,0.002666594445705414,0.42921026865333317,0.37353587431066176,0.2628547219669118,0.4092665728400735,F:\BUET plasma\PCMMD_LOCAL\set1\non_plasma\IMG01160_p_126.jpg,0,non_plasma
0.57196044921875,0.42803955078125,1.3362327106801655,0.8485396793023239,0.6646519480187909,0.002652562841773033,0.8230310306606308,0.35531197342218135,0.2445712220435049,0.4061609604779412,F:\BUET plasma\PCMMD_LOCAL\set1\non_plasma\IMG01160_p_127.jpg,0,non_plasma
0.4058837890625,0.5941162109375,0.6831723854530511,0.5206803374458348,0.5891079771752451,0.0031346435546875,0.788787046934266,0.43246663411458336,0.304586732153799,0.49562270220588234,F:\BUET plasma\PCMMD_LOCAL\set1\non_plasma\IMG01160_p_13.jpg,0,non_plasma
0.20660400390625,0.79339599609375,0.2604046465112701,0.23143281743121522,0.5406733494178921,0.005168688919395209,0.3089222536685885,0.47531857958026963,0.33136512905943627,0.5712962431066176,F:\BUET plasma\PCMMD_LOCAL\set1\non_plasma\IMG01160_p_14.jpg,0,non_plasma
0.2633056640625,0.7366943359375,0.35741507870753936,0.30558221374765715,0.562243732128268,0.005291565176099538,0.10292949441881612,0.4442928538602941,0.3069268918504902,0.5620490579044117,F:\BUET plasma\PCMMD_LOCAL\set1\non_plasma\IMG01160_p_15.jpg,0,non_plasma
0.29742431640625,0.70257568359375,0.42333420206758754,0.3530021489241723,0.4902803308823529,0.004469357833266258,0.6431399336131716,0.5315175972732843,0.40408265356924017,0.5935587565104167,F:\BUET plasma\PCMMD_LOCAL\set1\non_plasma\IMG01160_p_16.jpg,0,non_plasma
0.249267578125,0.750732421875,0.33203252032520325,0.28670598647872547,0.47881210426879084,0.005498474117368459,0.24911502783433834,0.5489521101409314,0.42445810355392155,0.5901534734987746,F:\BUET plasma\PCMMD_LOCAL\set1\non_plasma\IMG01160_p_17.jpg,0,non_plasma
0.2681884765625,0.7318115234375,0.3664720600500417,0.3122322798176744,0.5469925225949754,0.0038301309309899806,0.4034576756371845,0.47807880476409315,0.3684627757352941,0.5124808517156862,F:\BUET plasma\PCMMD_LOCAL\set1\non_plasma\IMG01160_p_18.jpg,0,non_plasma
0.2598876953125,0.7401123046875,0.35114629721260104,0.30095334120755834,0.5548587175755719,0.004233214255422354,0.30943609430126123,0.4733865176930147,0.3501108206954657,0.511926508884804,F:\BUET plasma\PCMMD_LOCAL\set1\non_plasma\IMG01160_p_19.jpg,0,non_plasma
0.34100341796875,0.65899658203125,0.5174585533018431,0.41703693109209394,0.5458151424632354,0.004106933355331421,0.5428611047290736,0.4785146675857843,0.3560872395833333,0.5279526654411765,F:\BUET plasma\PCMMD_LOCAL\set1\non_plasma\IMG01160_p_20.jpg,0,non_plasma
0.27783203125,0.72216796875,0.38471940500338064,0.3254975234485986,0.5557239806729983,0.0037503049932420254,0.45738166852454226,0.4767621208639706,0.3505225088082108,0.5055434283088235,F:\BUET plasma\PCMMD_LOCAL\set1\non_plasma\IMG01160_p_21.jpg,0,non_plasma
0.098876953125,0.901123046875,0.10972636141966946,0.10411346368934513,0.4774762720843545,0.005295504674315453,0.40199973423273727,0.5573962641697304,0.4277310240502451,0.5824438955269607,F:\BUET plasma\PCMMD_LOCAL\set1\non_plasma\IMG01160_p_22.jpg,0,non_plasma
0.1513671875,0.8486328125,0.17836593785960875,0.16412868033406106,0.45513229868770433,0.005244750440120697,0.36255057633481086,0.5823373831954657,0.4662621591605392,0.5860035615808824,F:\BUET plasma\PCMMD_LOCAL\set1\non_plasma\IMG01160_p_23.jpg,0,non_plasma
0.2421875,0.7578125,0.31958762886597936,0.27731928541623435,0.5279140497344772,0.00318943589925766,0.46533076493356706,0.5013229070925245,0.38273758233762256,0.5321973613664216,F:\BUET plasma\PCMMD_LOCAL\set1\non_plasma\IMG01160_p_24.jpg,0,non_plasma
0.18707275390625,0.81292724609375,0.2301223815601772,0.2071136616382038,0.48750255310457513,0.004740407790988684,0.29292659287871553,0.5417580997242647,0.43568091299019607,0.5600533279718137,F:\BUET plasma\PCMMD_LOCAL\set1\non_plasma\IMG01160_p_25.jpg,0,non_plasma
0.01239013671875,0.98687744140625,0.012554888985094935,0.012476729872479025,0.4096454695159314,0.00789216338098049,0.2911035787367317,0.6309807272518382,0.5016393324908088,0.6384435317095588,F:\BUET plasma\PCMMD_LOCAL\set1\non_plasma\IMG01160_p_26.jpg,0,non_plasma
0.153076171875,0.846923828125,0.18074373018160853,0.166144519749594,0.4842094471252043,0.00442376708611846,0.25181184343708973,0.5447885550704656,0.40358312270220587,0.5989999808517157,F:\BUET plasma\PCMMD_LOCAL\set1\non_plasma\IMG01160_p_27.jpg,0,non_plasma
0.262451171875,0.73663330078125,0.35628469632943904,0.3047491205264567,0.4533215890522876,0.004751446589827538,0.7866628943375114,0.5712538775275735,0.4620069316789216,0.6067744236366421,F:\BUET plasma\PCMMD_LOCAL\set1\non_plasma\IMG01160_p_28.jpg,0,non_plasma
0.04547119140625,0.9541015625,0.047658648925281474,0.04655781616730332,0.480374205346201,0.008137674912810325,0.4391756095423058,0.5489949544270833,0.41035802504595587,0.5995244044883579,F:\BUET plasma\PCMMD_LOCAL\set1\non_plasma\IMG01160_p_29.jpg,0,non_plasma
0.23297119140625,0.76702880859375,0.3037319964987666,0.26523091822408973,0.47893744574652786,0.007623047824949026,0.21259730757903597,0.541650390625,0.41026228362438727,0.6112749885110295,F:\BUET plasma\PCMMD_LOCAL\set1\non_plasma\IMG01160_p_30.jpg,0,non_plasma
0.3140869140625,0.6859130859375,0.45791066025983274,0.3770043561670908,0.4835197099673202,0.005857234954833985,0.7277267206371534,0.5381352443321078,0.4221447514552696,0.5891608743106618,F:\BUET plasma\PCMMD_LOCAL\set1\non_plasma\IMG01160_p_31.jpg,0,non_plasma
0.19873046875,0.80126953125,0.24801950030469225,0.2215578950693075,0.4428378236060049,0.007868749365210533,0.5418667377765911,0.5919993681066177,0.46272738587622547,0.6167597751991422,F:\BUET plasma\PCMMD_LOCAL\set1\non_plasma\IMG01160_p_32.jpg,0,non_plasma
0.11907958984375,0.88092041015625,0.1351763320169057,0.12678799747167094,0.48029035181781043,0.01688371055945754,0.07914695588389016,0.5431604721966912,0.41646465226715684,0.5995038200827206,F:\BUET plasma\PCMMD_LOCAL\set1\non_plasma\IMG01160_p_33.jpg,0,non_plasma
0.63214111328125,0.36785888671875,1.7184337149493945,1.0000558743561903,0.5801412345537174,0.01128766479715705,0.7303190574772372,0.429656862745098,0.30437035654105393,0.525549077052696,F:\BUET plasma\PCMMD_LOCAL\set1\non_plasma\IMG01160_p_34.jpg,0,non_plasma
0.1619873046875,0.8380126953125,0.19329934450109248,0.1767220290772176,0.4950353285845588,0.007899797782301902,0.26987844013267254,0.5268748563878677,0.4093436446844363,0.5786755131740197,F:\BUET plasma\PCMMD_LOCAL\set1\non_plasma\IMG01160_p_35.jpg,0,non_plasma
0.19378662109375,0.80621337890625,0.24036641683700508,0.2154068334153708,0.4831284466911765,0.005649840679019689,0.18516308317004632,0.5513054342830882,0.434256041283701,0.5650531843596813,F:\BUET plasma\PCMMD_LOCAL\set1\non_plasma\IMG01160_p_36.jpg,0,non_plasma
0.31805419921875,0.68194580078125,0.4663921954712253,0.3828050952918964,0.5625876034007353,0.0054742123745381835,0.29683265310299417,0.45833022173713234,0.3258114085477941,0.5280955595128677,F:\BUET plasma\PCMMD_LOCAL\set1\non_plasma\IMG01160_p_37.jpg,0,non_plasma
0.32513427734375,0.67486572265625,0.48177625033915167,0.3932415372968326,0.5224813623366014,0.004894329365342855,0.3728200972967459,0.5123487285539216,0.38810077742034316,0.5321064070159314,F:\BUET plasma\PCMMD_LOCAL\set1\non_plasma\IMG01160_p_38.jpg,0,non_plasma
0.2974853515625,0.7025146484375,0.4234578627280626,0.35308902612330606,0.5820391486672793,0.0038362786620855334,0.39129138323204943,0.4542001761642157,0.3361072016697304,0.4635751761642157,F:\BUET plasma\PCMMD_LOCAL\set1\non_plasma\IMG01160_p_39.jpg,0,non_plasma
0.34185791015625,0.65814208984375,0.5194287304089771,0.41833442895716194,0.592614825878268,0.004038732882589101,0.4901134802512152,0.43909959980085783,0.3225784600949755,0.4604774624693627,F:\BUET plasma\PCMMD_LOCAL\set1\non_plasma\IMG01160_p_40.jpg,0,non_plasma
0.44744873046875,0.55255126953125,0.8097868110018779,0.593209054363794,0.6439592747906454,0.0032123870849609373,0.35871943426517566,0.38774773092830883,0.27774251302083336,0.4026319316789216,F:\BUET plasma\PCMMD_LOCAL\set1\non_plasma\IMG01160_p_41.jpg,0,non_plasma
0.39898681640625,0.60101318359375,0.6638570122880065,0.5091384085914323,0.6290269639756945,0.003208371505141258,0.34494809423579836,0.4069857728247549,0.2810723996629902,0.4248609355851716,F:\BUET plasma\PCMMD_LOCAL\set1\non_plasma\IMG01160_p_42.jpg,0,non_plasma
0.27313232421875,0.72686767578125,0.3757662272231086,0.31901083207123854,0.604956294041054,0.0035775750540196897,0.4890785266488691,0.4333826401654412,0.31334156709558825,0.43840691061580883,F:\BUET plasma\PCMMD_LOCAL\set1\non_plasma\IMG01160_p_43.jpg,0,non_plasma
0.45513916015625,0.54486083984375,0.8353310182592136,0.6072248566598722,0.6283065097783905,0.005979488834738731,0.776241859131903,0.4033124138327206,0.2818263633578431,0.4299416934742647,F:\BUET plasma\PCMMD_LOCAL\set1\non_plasma\IMG01160_p_44.jpg,0,non_plasma
0.5557861328125,0.4442138671875,1.251167903270129,0.8114491496671291,0.642831201491013,0.004063064992427826,0.6874485765962338,0.37910898246017155,0.2574240291819853,0.43497338388480394,F:\BUET plasma\PCMMD_LOCAL\set1\non_plasma\IMG01160_p_45.jpg,0,non_plasma
0.6346435546875,0.3653564453125,1.737053123955897,1.0068818394265902,0.6499994415083742,0.0032440597377717496,0.7354990346785475,0.3632666494332108,0.25412190755208336,0.43261311848958334,F:\BUET plasma\PCMMD_LOCAL\set1\non_plasma\IMG01160_p_46.jpg,0,non_plasma
0.29327392578125,0.70672607421875,0.414975386475516,0.3471121362269613,0.5299215079912174,0.004962863683700561,0.561883792872692,0.5021031996783089,0.37451435163909313,0.5336179247089461,F:\BUET plasma\PCMMD_LOCAL\set1\non_plasma\IMG01160_p_47.jpg,0,non_plasma
0.415283203125,0.584716796875,0.7102296450939457,0.536627656874328,0.5816918466605392,0.0033559570163488386,0.7373533291524117,0.443450808057598,0.32189438763786765,0.48957926432291665,F:\BUET plasma\PCMMD_LOCAL\set1\non_plasma\IMG01160_p_48.jpg,0,non_plasma
0.35980224609375,0.64019775390625,0.5620173515111069,0.44597815987763045,0.562963946972018,0.003934987869113684,0.5248211175814693,0.46221397250306373,0.3480234183517157,0.5008707682291667,F:\BUET plasma\PCMMD_LOCAL\set1\non_plasma\IMG01160_p_49.jpg,0,non_plasma
0.32781982421875,0.67218017578125,0.48769635884863344,0.3972288556742904,0.5540800206801471,0.004083797689527273,0.8188976558970852,0.4761062921262255,0.3523669672947304,0.509286678538603,F:\BUET plasma\PCMMD_LOCAL\set1\non_plasma\IMG01160_p_50.jpg,0,non_plasma
0.3349609375,0.6650390625,0.5036710719530103,0.40790949944994076,0.5727674696180556,0.003659483518451452,0.41111091867252825,0.4538732192095588,0.3401922487745098,0.4876321231617647,F:\BUET plasma\PCMMD_LOCAL\set1\non_plasma\IMG01160_p_51.jpg,0,non_plasma
0.3377685546875,0.6622314453125,0.5100460829493088,0.4121401688706287,0.5442670036764705,0.0044990844391286375,0.47609474188762196,0.48323854932598037,0.3593221028645833,0.5246383367800245,F:\BUET plasma\PCMMD_LOCAL\set1\non_plasma\IMG01160_p_52.jpg,0,non_plasma
0.28271484375,0.71728515625,0.39414567733151806,0.3322818099855211,0.5317168192146651,0.005345525916665792,0.26789509205776096,0.4913808785232843,0.37534347234987747,0.5381251914828431,F:\BUET plasma\PCMMD_LOCAL\set1\non_plasma\IMG01160_p_53.jpg,0,non_plasma
0.28265380859375,0.71734619140625,0.39402705692163703,0.3321967217063802,0.5242317548764297,0.005229064639657736,0.1488788587247843,0.5025067497702206,0.3765567555147059,0.5482412300857843,F:\BUET plasma\PCMMD_LOCAL\set1\non_plasma\IMG01160_p_54.jpg,0,non_plasma
0.16864013671875,0.83135986328125,0.20284854269143235,0.1846925293918927,0.49011685240502456,0.0053565666526556015,0.31411276695800966,0.5421077952665441,0.41679160922181374,0.5707500382965687,F:\BUET plasma\PCMMD_LOCAL\set1\non_plasma\IMG01160_p_55.jpg,0,non_plasma
0.2784423828125,0.7215576171875,0.3858907122314329,0.3263430464549195,0.5379100126378676,0.006022128846496343,0.21033854607313343,0.4990969190410539,0.37741483800551473,0.5097582050398284,F:\BUET plasma\PCMMD_LOCAL\set1\non_plasma\IMG01160_p_56.jpg,0,non_plasma
0.18505859375,0.81494140625,0.22708208508088676,0.20463906249756333,0.4773014642054739,0.006910448458045721,0.15095351757163541,0.562350643382353,0.42120504940257353,0.584539914598652,F:\BUET plasma\PCMMD_LOCAL\set1\non_plasma\IMG01160_p_57.jpg,0,non_plasma
0.17919921875,0.82080078125,0.2183224271267103,0.19747485275078278,0.46020818972120103,0.006801276206970215,0.29156089124964046,0.5772070791207108,0.4525486366421569,0.5896197150735294,F:\BUET plasma\PCMMD_LOCAL\set1\non_plasma\IMG01160_p_58.jpg,0,non_plasma
0.20068359375,0.79931640625,0.2510690287110568,0.22399840878826346,0.47183837890625,0.0054751535914838315,0.2796956631301322,0.5596366134344363,0.42627024931066176,0.598578000536152,F:\BUET plasma\PCMMD_LOCAL\set1\non_plasma\IMG01160_p_59.jpg,0,non_plasma
0.49884033203125,0.50115966796875,0.9953720618682256,0.6908305301304456,0.5469172857945261,0.00619006310403347,0.8339980848390554,0.44344889322916664,0.3515347349877451,0.5642645143995098,F:\BUET plasma\PCMMD_LOCAL\set1\non_plasma\IMG01160_p_60.jpg,0,non_plasma
0.24652099609375,0.75347900390625,0.3271769947347104,0.2830541260599545,0.5201732760161356,0.003970153626054526,0.2684279713134543,0.5105229396446078,0.3895407284007353,0.53941650390625,F:\BUET plasma\PCMMD_LOCAL\set1\non_plasma\IMG01160_p_61.jpg,0,non_plasma
0.29937744140625,0.70062255859375,0.42730202979353604,0.3557859697737376,0.5228754180708741,0.004816711392253637,0.311408290070816,0.49864525888480393,0.38036822150735294,0.5523602653952205,F:\BUET plasma\PCMMD_LOCAL\set1\non_plasma\IMG01160_p_62.jpg,0,non_plasma
0.2138671875,0.7861328125,0.2720496894409938,0.2406295281808897,0.4910722720077614,0.003947018131613731,0.793790835174394,0.5372003293504902,0.42242048674938726,0.5671623678768383,F:\BUET plasma\PCMMD_LOCAL\set1\non_plasma\IMG01160_p_63.jpg,0,non_plasma
0.455810546875,0.544189453125,0.8375953342305967,0.6084578333334748,0.5895106496374591,0.00416961669549346,0.41111812349620386,0.4167691099877451,0.31403329886642156,0.5006656422334559,F:\BUET plasma\PCMMD_LOCAL\set1\non_plasma\IMG01160_p_64.jpg,0,non_plasma
0.31689453125,0.68310546875,0.4639027877055039,0.3811060114939172,0.5642298879187091,0.0041232299469411374,0.3205266500419968,0.45960884842218136,0.34132486979166665,0.5063766180300245,F:\BUET plasma\PCMMD_LOCAL\set1\non_plasma\IMG01160_p_65.jpg,0,non_plasma
0.54498291015625,0.45501708984375,1.197719651240778,0.7874203006403955,0.5659254684946895,0.007314818248152733,0.8445784769795196,0.4386302274816177,0.3232577454810049,0.5403356215533088,F:\BUET plasma\PCMMD_LOCAL\set1\non_plasma\IMG01160_p_66.jpg,0,non_plasma
0.267578125,0.732421875,0.36533333333333334,0.311398599069097,0.5020862055759804,0.0051017384380102155,0.3254711135964921,0.5229192995557598,0.38824199601715687,0.5825800876991422,F:\BUET plasma\PCMMD_LOCAL\set1\non_plasma\IMG01160_p_67.jpg,0,non_plasma
0.21197509765625,0.78802490234375,0.2689954302532724,0.23822558766451568,0.4681506587009804,0.005079100072383881,0.3154077049772555,0.5650886086856618,0.4389940448835784,0.5914653703278187,F:\BUET plasma\PCMMD_LOCAL\set1\non_plasma\IMG01160_p_68.jpg,0,non_plasma
0.2403564453125,0.7596435546875,0.3164068777117146,0.2749059627100711,0.46617670994178917,0.005636280234903097,0.2142298663119021,0.5603388767616422,0.43180434283088237,0.6093266505821079,F:\BUET plasma\PCMMD_LOCAL\set1\non_plasma\IMG01160_p_69.jpg,0,non_plasma
0.410888671875,0.589111328125,0.6974720265230004,0.529140101094312,0.5284535526450164,0.004828286673873663,0.5531488289142692,0.48855387369791664,0.34848225911458336,0.577603209252451,F:\BUET plasma\PCMMD_LOCAL\set1\non_plasma\IMG01160_p_7.jpg,0,non_plasma
0.25958251953125,0.74041748046875,0.3505893990602588,0.3005410890683149,0.4972749597886029,0.004639404281973839,0.33249440095843497,0.523315669041054,0.40001053155637256,0.5848489200367647,F:\BUET plasma\PCMMD_LOCAL\set1\non_plasma\IMG01160_p_70.jpg,0,non_plasma
0.31280517578125,0.68719482421875,0.45519140243360867,0.37513744003610383,0.5140444686989379,0.0033977661095559598,0.6502479488018782,0.49858757467830883,0.3887264476102941,0.5705525716145833,F:\BUET plasma\PCMMD_LOCAL\set1\non_plasma\IMG01160_p_71.jpg,0,non_plasma
0.33380126953125,0.66619873046875,0.5010535959688502,0.40616725885519006,0.5677606719771242,0.0046403085552155976,0.3281012720759237,0.46264121859681373,0.3303921568627451,0.5036846086090686,F:\BUET plasma\PCMMD_LOCAL\set1\non_plasma\IMG01160_p_72.jpg,0,non_plasma
0.28814697265625,0.71185302734375,0.4047843607991083,0.33988381114818444,0.5116319444444444,0.004845306739211083,0.4507954839623253,0.5212507659313725,0.384259152879902,0.5595942478553921,F:\BUET plasma\PCMMD_LOCAL\set1\non_plasma\IMG01160_p_73.jpg,0,non_plasma
0.37255859375,0.62744140625,0.5937743190661479,0.4661049888300782,0.5755662307240605,0.003971920013427734,0.1953431969700743,0.45526410271139706,0.31286453546262255,0.505172669653799,F:\BUET plasma\PCMMD_LOCAL\set1\non_plasma\IMG01160_p_74.jpg,0,non_plasma
0.44732666015625,0.55267333984375,0.8093870789618995,0.5929881575217206,0.5568603515625,0.0040029906891286375,0.6809423503205596,0.46722603592218137,0.31836655560661764,0.543826353783701,F:\BUET plasma\PCMMD_LOCAL\set1\non_plasma\IMG01160_p_75.jpg,0,non_plasma
0.3568115234375,0.6431884765625,0.5547542228126779,0.4413174770700033,0.5301966847937092,0.005157032992690802,0.7311227986378088,0.49398863549325983,0.3584659352022059,0.5569553749234069,F:\BUET plasma\PCMMD_LOCAL\set1\non_plasma\IMG01160_p_76.jpg,0,non_plasma
0.32159423828125,0.67840576171875,0.47404408457040037,0.3880097014409374,0.48340801164215685,0.004228554572910071,0.6501983254094679,0.5368630801930147,0.40590006510416665,0.607012819776348,F:\BUET plasma\PCMMD_LOCAL\set1\non_plasma\IMG01160_p_77.jpg,0,non_plasma
0.23687744140625,0.76312255859375,0.31040550267935696,0.27033663334423463,0.4884007672079249,0.007076353058218956,0.1625930534356863,0.5420242608762255,0.38682454427083335,0.6059488932291667,F:\BUET plasma\PCMMD_LOCAL\set1\non_plasma\IMG01160_p_78.jpg,0,non_plasma
0.20904541015625,0.79095458984375,0.2642950844972606,0.23451472140381985,0.4721320657169118,0.00522703991830349,0.31081921236285287,0.5591638901654412,0.4180740655637255,0.606365847120098,F:\BUET plasma\PCMMD_LOCAL\set1\non_plasma\IMG01160_p_79.jpg,0,non_plasma
0.26324462890625,0.73675537109375,0.3573026261287383,0.30549936713810727,0.5140070497600082,0.011406355798244476,0.41233786859278326,0.5116510129442402,0.37762451171875,0.5687033260569853,F:\BUET plasma\PCMMD_LOCAL\set1\non_plasma\IMG01160_p_8.jpg,0,non_plasma
0.5947265625,0.4052734375,1.4674698795180723,0.9031932853687548,0.5590378306270425,0.008912927206605673,0.667634114866352,0.44256304572610294,0.30578780828737745,0.5745356541053922,F:\BUET plasma\PCMMD_LOCAL\set1\non_plasma\IMG01160_p_80.jpg,0,non_plasma
0.2618408203125,0.7381591796875,0.35472134942946915,0.3035957870060761,0.49645357817606217,0.006760012593120337,0.559481963971258,0.5206581265318627,0.3919337852328431,0.5980473537071078,F:\BUET plasma\PCMMD_LOCAL\set1\non_plasma\IMG01160_p_81.jpg,0,non_plasma
0.21337890625,0.78662109375,0.271260086902545,0.24000860298242402,0.45963868783190354,0.005760617598891259,0.3586148276895218,0.5747458065257353,0.44011493757659315,0.6062231924019608,F:\BUET plasma\PCMMD_LOCAL\set1\non_plasma\IMG01160_p_82.jpg,0,non_plasma
0.31427001953125,0.68572998046875,0.45829995549621716,0.37727134321980477,0.49644711563010624,0.004381519492715597,0.8426778838336099,0.513131893382353,0.4073766371783088,0.5901501225490197,F:\BUET plasma\PCMMD_LOCAL\set1\non_plasma\IMG01160_p_83.jpg,0,non_plasma
0.24298095703125,0.75701904296875,0.32097073288720473,0.2783668700239048,0.47247178819444446,0.005863335397094488,0.604616836194982,0.5500134037990196,0.4256050857843137,0.6069661458333333,F:\BUET plasma\PCMMD_LOCAL\set1\non_plasma\IMG01160_p_84.jpg,0,non_plasma
0.19970703125,0.80029296875,0.24954240390482002,0.22277740741556873,0.4688989576950572,0.005011944636702538,0.7636242519272882,0.5613367417279411,0.4301245595894608,0.6018418255974265,F:\BUET plasma\PCMMD_LOCAL\set1\non_plasma\IMG01160_p_85.jpg,0,non_plasma
0.156005859375,0.843994140625,0.18484234885739081,0.16960972679771918,0.5120492174734477,0.006193146169185639,0.14763832693531567,0.5166757621017157,0.36932636335784313,0.5778502221200981,F:\BUET plasma\PCMMD_LOCAL\set1\non_plasma\IMG01160_p_86.jpg,0,non_plasma
0.20794677734375,0.79205322265625,0.2625414194343839,0.23312668910200382,0.5082899305555555,0.005915846824645996,0.1530580687444603,0.5205437155330882,0.39114918428308826,0.5634373085171569,F:\BUET plasma\PCMMD_LOCAL\set1\non_plasma\IMG01160_p_87.jpg,0,non_plasma
0.4056396484375,0.5943603515625,0.6824810022591908,0.5202694910965882,0.551629917917688,0.005261585738509893,0.280360623168674,0.4684093998927696,0.32402702780330883,0.5526738185508578,F:\BUET plasma\PCMMD_LOCAL\set1\non_plasma\IMG01160_p_88.jpg,0,non_plasma
0.2813720703125,0.7186279296875,0.39154068286054017,0.33041153825102765,0.5491777407577614,0.008363543774932623,0.10387568958434701,0.4704170975030637,0.3254315544577206,0.5566181257659314,F:\BUET plasma\PCMMD_LOCAL\set1\non_plasma\IMG01160_p_89.jpg,0,non_plasma
0.29974365234375,0.70025634765625,0.4280484616055086,0.3563088000400913,0.48793969247855395,0.004824399884790182,0.33766564352008765,0.5434048521752451,0.40701617072610297,0.5857598996629902,F:\BUET plasma\PCMMD_LOCAL\set1\non_plasma\IMG01160_p_9.jpg,0,non_plasma
0.36016845703125,0.63983154296875,0.5629113803300582,0.44655035138666166,0.5353528390522876,0.004941649436950683,0.7008925462934307,0.49144646139705883,0.34071092792585783,0.5617840935202206,F:\BUET plasma\PCMMD_LOCAL\set1\non_plasma\IMG01160_p_90.jpg,0,non_plasma
0.48529052734375,0.51470947265625,0.9428435906557572,0.6641526682645928,0.5705246470332925,0.0044662683010101316,0.3043643439813584,0.43884660309436274,0.32086109834558824,0.5287183574601716,F:\BUET plasma\PCMMD_LOCAL\set1\non_plasma\IMG01160_p_91.jpg,0,non_plasma
0.4854736328125,0.5145263671875,0.9435349940688019,0.6645084768433331,0.5897503223294527,0.0032487792819738386,0.8105301585068946,0.42122324027267155,0.2992855296415441,0.5102402630974264,F:\BUET plasma\PCMMD_LOCAL\set1\non_plasma\IMG01160_p_92.jpg,0,non_plasma
0.4688720703125,0.5311279296875,0.8827855665364284,0.632752364558609,0.5854262408088236,0.006576184477657079,0.5157323002665749,0.43313897824754904,0.3013339173560049,0.5092483819699755,F:\BUET plasma\PCMMD_LOCAL\set1\non_plasma\IMG01160_p_93.jpg,0,non_plasma
0.4827880859375,0.5172119140625,0.9334434741562426,0.6593025966527297,0.6335126091452206,0.005514472723007202,0.13884575302419186,0.37206193512561275,0.2516613530177696,0.4757388844209559,F:\BUET plasma\PCMMD_LOCAL\set1\non_plasma\IMG01160_p_94.jpg,0,non_plasma
0.45269775390625,0.54730224609375,0.8271439723430356,0.6027540768871869,0.5969053979013481,0.003529432412236929,0.5834799127389773,0.42489803538602944,0.2956475949754902,0.48873817593443625,F:\BUET plasma\PCMMD_LOCAL\set1\non_plasma\IMG01160_p_95.jpg,0,non_plasma
0.294189453125,0.705810546875,0.41681079211345556,0.34840842470299765,0.5762732013378268,0.0033444715589284898,0.3356094985293943,0.4481866574754902,0.3381007774203431,0.48489296109068625,F:\BUET plasma\PCMMD_LOCAL\set1\non_plasma\IMG01160_p_96.jpg,0,non_plasma
0.3966064453125,0.6033935546875,0.6572931418167105,0.5051856339723297,0.5744847515829248,0.0039668077789247035,0.7208817508977053,0.44694752412683825,0.32293318206188726,0.5066650390625,F:\BUET plasma\PCMMD_LOCAL\set1\non_plasma\IMG01160_p_97.jpg,0,non_plasma
0.37506103515625,0.62493896484375,0.6001562652602793,0.4701012902644176,0.5958512848498774,0.011200209345668554,0.5862514505943557,0.42457586550245097,0.3017247817095588,0.48614549823835784,F:\BUET plasma\PCMMD_LOCAL\set1\non_plasma\IMG01160_p_98.jpg,0,non_plasma
0.3009033203125,0.6990966796875,0.43041732145975203,0.3579662348854317,0.6006791258169935,0.0036720505617558958,0.46620859048927943,0.4287796319699755,0.319711243872549,0.4494717467064951,F:\BUET plasma\PCMMD_LOCAL\set1\non_plasma\IMG01160_p_99.jpg,0,non_plasma
0.67474365234375,0.32525634765625,2.07449802964909,1.123141645542452,0.6860996221405229,0.002859061595052481,0.6519671396831627,0.33477519914215687,0.2400811887254902,0.3668447457107843,F:\BUET plasma\PCMMD_LOCAL\set1\non_plasma\IMG01162_p_1.jpg,0,non_plasma
0.74017333984375,0.25982666015625,2.8487197556965,1.347740562011082,0.7051735472834968,0.0023883666060864925,0.36475270517951625,0.31402779373468137,0.2178169998468137,0.35263456456801473,F:\BUET plasma\PCMMD_LOCAL\set1\non_plasma\IMG01162_p_10.jpg,0,non_plasma
0.54766845703125,0.45233154296875,1.2107677776278505,0.7933398658878754,0.6830418007046568,0.002649290785193443,0.8054729162413566,0.3379186293658088,0.25082313687193625,0.3621328316482843,F:\BUET plasma\PCMMD_LOCAL\set1\non_plasma\IMG01162_p_11.jpg,0,non_plasma
0.44268798828125,0.55731201171875,0.7943270178512759,0.5846300312228943,0.6271944731668708,0.0033723534010350704,0.3370654508950349,0.39930946499693626,0.29479788985906863,0.42430922564338236,F:\BUET plasma\PCMMD_LOCAL\set1\non_plasma\IMG01162_p_12.jpg,0,non_plasma
0.46923828125,0.53076171875,0.8840846366145354,0.6334420990381889,0.6523816476460376,0.004286634560674429,0.4426632272950281,0.37535232843137256,0.2661357804840686,0.4013669481464461,F:\BUET plasma\PCMMD_LOCAL\set1\non_plasma\IMG01162_p_13.jpg,0,non_plasma
0.81854248046875,0.18145751953125,4.510931718802556,1.7067337048411366,0.7247001697814542,0.006719239439815282,0.5769090858682844,0.29444436465992646,0.20175422219669117,0.3297009037990196,F:\BUET plasma\PCMMD_LOCAL\set1\non_plasma\IMG01162_p_14.jpg,0,non_plasma
0.601806640625,0.398193359375,1.5113427345187003,0.9208175640983299,0.6749291513480392,0.0029353074096143245,0.8371470370001369,0.3382886699601716,0.25072380514705883,0.386200070848652,F:\BUET plasma\PCMMD_LOCAL\set1\non_plasma\IMG01162_p_15.jpg,0,non_plasma
0.44049072265625,0.55950927734375,0.7872804625286354,0.5806951698774587,0.6150497536254085,0.0032949418388307093,0.5352938449770018,0.41674278109681373,0.3031640146292892,0.43494394339767156,F:\BUET plasma\PCMMD_LOCAL\set1\non_plasma\IMG01162_p_16.jpg,0,non_plasma
0.3514404296875,0.6485595703125,0.5418784114436288,0.43300142082834575,0.5937539094413806,0.0061652976125478745,0.47781284904300664,0.43182779947916666,0.33614142922794116,0.45076904296875,F:\BUET plasma\PCMMD_LOCAL\set1\non_plasma\IMG01162_p_17.jpg,0,non_plasma
0.3282470703125,0.6717529296875,0.4886425586043976,0.3978646702195302,0.6100850822099673,0.0035239785872399807,0.25449702164823634,0.41570757697610294,0.3220971200980392,0.4319400562959559,F:\BUET plasma\PCMMD_LOCAL\set1\non_plasma\IMG01162_p_18.jpg,0,non_plasma
0.66656494140625,0.33343505859375,1.9990847519677832,1.0983071594435165,0.6613979364532272,0.0042270863614976405,0.6998104916600258,0.3544536515778186,0.24936140471813725,0.41199113434436274,F:\BUET plasma\PCMMD_LOCAL\set1\non_plasma\IMG01162_p_19.jpg,0,non_plasma
0.78546142578125,0.21453857421875,3.661166429587482,1.539265723594469,0.7008427638633579,0.0036250491105020047,0.5918440026902234,0.3185060987285539,0.22634229473039216,0.35262331495098037,F:\BUET plasma\PCMMD_LOCAL\set1\non_plasma\IMG01162_p_2.jpg,0,non_plasma
0.41693115234375,0.58306884765625,0.7150633308908196,0.539450007569226,0.6042276220383986,0.004032958745956421,0.5293765287295786,0.42588369332107845,0.3216236787683823,0.43980976179534315,F:\BUET plasma\PCMMD_LOCAL\set1\non_plasma\IMG01162_p_20.jpg,0,non_plasma
0.63311767578125,0.36688232421875,1.7256696057228416,1.0027141248000724,0.674337788500817,0.0029642181396484376,0.49922045266739234,0.3522008559283088,0.24996194278492648,0.3748238357843137,F:\BUET plasma\PCMMD_LOCAL\set1\non_plasma\IMG01162_p_21.jpg,0,non_plasma
0.7403564453125,0.2596435546875,2.851433944522802,1.3484455320790518,0.6838543262357026,0.003207659985870123,0.5009421231164737,0.33546429802389705,0.23386493757659313,0.37910778569240194,F:\BUET plasma\PCMMD_LOCAL\set1\non_plasma\IMG01162_p_22.jpg,0,non_plasma
0.81414794921875,0.18585205078125,4.380623973727422,1.682804347695237,0.7026347241370507,0.003245217740535736,0.5725676741556797,0.3142046760110294,0.21352060355392158,0.36437054802389707,F:\BUET plasma\PCMMD_LOCAL\set1\non_plasma\IMG01162_p_23.jpg,0,non_plasma
0.906494140625,0.093505859375,9.694516971279374,2.3697311775386978,0.7233384076286764,0.003748984336853027,0.5089331313329192,0.2907161937040441,0.19919601141237744,0.34007257199754903,F:\BUET plasma\PCMMD_LOCAL\set1\non_plasma\IMG01162_p_24.jpg,0,non_plasma
0.7684326171875,0.2315673828125,3.3183974696889824,1.4628843773442746,0.7124960905586193,0.0037548593841493128,0.4946556245800763,0.2992201861213235,0.2083117915134804,0.35497975068933824,F:\BUET plasma\PCMMD_LOCAL\set1\non_plasma\IMG01162_p_25.jpg,0,non_plasma
0.689208984375,0.310791015625,2.217596229379419,1.1686345681619372,0.7147413066789216,0.002527017619460821,0.8139764556003134,0.3047336952359069,0.22054419424019608,0.33049819048713236,F:\BUET plasma\PCMMD_LOCAL\set1\non_plasma\IMG01162_p_26.jpg,0,non_plasma
0.775390625,0.224609375,3.4521739130434783,1.4933924966762577,0.704989564185049,0.004826448854058981,0.5653935861136101,0.31185996859681375,0.22029191559436276,0.3528794232536765,F:\BUET plasma\PCMMD_LOCAL\set1\non_plasma\IMG01162_p_27.jpg,0,non_plasma
0.7421875,0.2578125,2.878787878787879,1.3555227024531369,0.6906416749642565,0.0029266027808189394,0.5392078861066925,0.32752877029718136,0.2393212411917892,0.3612249636182598,F:\BUET plasma\PCMMD_LOCAL\set1\non_plasma\IMG01162_p_28.jpg,0,non_plasma
0.23028564453125,0.76971435546875,0.299183252715883,0.2617357998833598,0.5911068187040441,0.0038318172954022885,0.7516674946522998,0.43929874195772056,0.3546391505821078,0.4327416513480392,F:\BUET plasma\PCMMD_LOCAL\set1\non_plasma\IMG01162_p_29.jpg,0,non_plasma
0.388916015625,0.611083984375,0.6364362764682381,0.4925208752875695,0.6500908745659723,0.0026018281541764737,0.4305691746372114,0.3751275754442402,0.2768815582873774,0.3977182425704657,F:\BUET plasma\PCMMD_LOCAL\set1\non_plasma\IMG01162_p_3.jpg,0,non_plasma
0.77386474609375,0.22613525390625,3.422132253711201,1.486621990109047,0.6941221149918301,0.004305608212947846,0.5796634070390997,0.3176743451286765,0.23800359987745098,0.36195571001838234,F:\BUET plasma\PCMMD_LOCAL\set1\non_plasma\IMG01162_p_30.jpg,0,non_plasma
0.5306396484375,0.4693603515625,1.130559167750325,0.7563844653395446,0.6483227698631536,0.004721699651330709,0.2731937591764966,0.37662377450980394,0.27141711665134804,0.40699079924938725,F:\BUET plasma\PCMMD_LOCAL\set1\non_plasma\IMG01162_p_31.jpg,0,non_plasma
0.6673583984375,0.3326416015625,2.0062385321100917,1.1006896401819446,0.6846607881433824,0.007079953908920288,0.4549379518622012,0.32550575405943627,0.2556295955882353,0.36488228592218136,F:\BUET plasma\PCMMD_LOCAL\set1\non_plasma\IMG01162_p_32.jpg,0,non_plasma
0.35736083984375,0.64263916015625,0.55608319878431,0.442171893982475,0.6009791953890931,0.004604928731918335,0.44574839608363487,0.4359765146292892,0.3165869619332108,0.4444989372702206,F:\BUET plasma\PCMMD_LOCAL\set1\non_plasma\IMG01162_p_33.jpg,0,non_plasma
0.5,0.5,1.0,0.6931471805599453,0.6156212501276552,0.00407359117269516,0.4349260276099743,0.41585765165441174,0.2941236308976716,0.443154967064951,F:\BUET plasma\PCMMD_LOCAL\set1\non_plasma\IMG01162_p_34.jpg,0,non_plasma
0.24359130859375,0.75640869140625,0.32203663358347456,0.2791734517743601,0.5503223294526144,0.004106375332921744,0.33591160177135965,0.4865665211397059,0.38731737323835785,0.47514911726409315,F:\BUET plasma\PCMMD_LOCAL\set1\non_plasma\IMG01162_p_35.jpg,0,non_plasma
0.38250732421875,0.61749267578125,0.6194524068399723,0.4820880716333439,0.609164448657067,0.0058089132308959965,0.5403385693876189,0.4197378121170343,0.3209147135416667,0.431854128370098,F:\BUET plasma\PCMMD_LOCAL\set1\non_plasma\IMG01162_p_36.jpg,0,non_plasma
0.38818359375,0.61181640625,0.6344772545889864,0.49132303126333005,0.6460328744127859,0.0045303342901170255,0.700123252414343,0.38007309857536764,0.2869693531709559,0.3948589250153186,F:\BUET plasma\PCMMD_LOCAL\set1\non_plasma\IMG01162_p_37.jpg,0,non_plasma
0.8345947265625,0.1654052734375,5.0457564575645755,1.7993566139654877,0.7211775237438726,0.0039929371736943725,0.3877170748583889,0.2948775945925245,0.21072399662990196,0.3308658375459559,F:\BUET plasma\PCMMD_LOCAL\set1\non_plasma\IMG01162_p_38.jpg,0,non_plasma
0.3480224609375,0.6519775390625,0.5337951694439244,0.4277451669395187,0.6430809270322713,0.002875179048627615,0.4325952938323179,0.37485064338235297,0.30085640701593136,0.395050168504902,F:\BUET plasma\PCMMD_LOCAL\set1\non_plasma\IMG01162_p_39.jpg,0,non_plasma
0.56256103515625,0.43743896484375,1.2860332077577787,0.8268180918453151,0.6597057068270016,0.0030045663677155973,0.3733378511811311,0.36396771599264705,0.26485356349571076,0.3920616000306373,F:\BUET plasma\PCMMD_LOCAL\set1\non_plasma\IMG01162_p_4.jpg,0,non_plasma
0.480712890625,0.519287109375,0.925716972261401,0.6552983515191064,0.6441370346966913,0.0035485124848783018,0.6742657891900528,0.37288698682598037,0.28451334635416664,0.41018856272977944,F:\BUET plasma\PCMMD_LOCAL\set1\non_plasma\IMG01162_p_40.jpg,0,non_plasma
0.40484619140625,0.59515380859375,0.6802379243154548,0.5189354050041153,0.6157098109426062,0.004002684339880943,0.6896831118799466,0.41163042853860293,0.31915283203125,0.4220873066023284,F:\BUET plasma\PCMMD_LOCAL\set1\non_plasma\IMG01162_p_41.jpg,0,non_plasma
0.37677001953125,0.62322998046875,0.6045441190872588,0.47283967828369633,0.6146832235498365,0.004310098674148321,0.6138215529006054,0.40767128140318626,0.3200951669730392,0.4281838809742647,F:\BUET plasma\PCMMD_LOCAL\set1\non_plasma\IMG01162_p_42.jpg,0,non_plasma
0.39447021484375,0.60552978515625,0.6514464267714948,0.5016515261893318,0.5837135065614787,0.004926253851503134,0.33510368370537,0.45198519837622547,0.3320415422028186,0.4648327397365196,F:\BUET plasma\PCMMD_LOCAL\set1\non_plasma\IMG01162_p_43.jpg,0,non_plasma
0.2890625,0.7109375,0.4065934065934066,0.3411707574027671,0.5762990515216503,0.004603999078273773,0.2674096793863903,0.46548641429227944,0.34851361443014706,0.45710281671262254,F:\BUET plasma\PCMMD_LOCAL\set1\non_plasma\IMG01162_p_44.jpg,0,non_plasma
0.429931640625,0.570068359375,0.7541755888650964,0.5619989966163461,0.5998020546109069,0.006124797727912665,0.6502579413094683,0.43632046568627453,0.30757003484987744,0.45670333563112747,F:\BUET plasma\PCMMD_LOCAL\set1\non_plasma\IMG01162_p_45.jpg,0,non_plasma
0.33367919921875,0.66632080078125,0.5007786021800861,0.40598404155896484,0.5760941648794935,0.0036047835014760493,0.5312342121729465,0.4667356004901961,0.3422205307904412,0.46276137408088236,F:\BUET plasma\PCMMD_LOCAL\set1\non_plasma\IMG01162_p_46.jpg,0,non_plasma
0.27215576171875,0.72784423828125,0.3739203354297694,0.31766821208269236,0.5694054298151552,0.0034161941669881343,0.30745297862337906,0.47330370136335786,0.36025223077512253,0.45822777841605394,F:\BUET plasma\PCMMD_LOCAL\set1\non_plasma\IMG01162_p_47.jpg,0,non_plasma
0.30810546875,0.69189453125,0.4453069865913903,0.36832174646871796,0.598180992774714,0.004213520392775535,0.3019017129072133,0.4474872663909314,0.3200037339154412,0.4379660213694853,F:\BUET plasma\PCMMD_LOCAL\set1\non_plasma\IMG01162_p_48.jpg,0,non_plasma
0.389892578125,0.610107421875,0.6390556222488996,0.4941202358843913,0.5824616874744689,0.004570186123251915,0.7179275081743735,0.4643363204656863,0.3280771292892157,0.4602014878216912,F:\BUET plasma\PCMMD_LOCAL\set1\non_plasma\IMG01162_p_49.jpg,0,non_plasma
0.47064208984375,0.52935791015625,0.8890810561512741,0.6360904971547786,0.65797749438317,0.0032022679895162584,0.5067618224960406,0.36829235600490196,0.26748022939644606,0.3902949314491422,F:\BUET plasma\PCMMD_LOCAL\set1\non_plasma\IMG01162_p_5.jpg,0,non_plasma
0.3367919921875,0.6632080078125,0.5078225658015829,0.41066660072776595,0.5693525326797386,0.004451806750148534,0.7679330701379027,0.47080221737132355,0.348916685814951,0.4722234987745098,F:\BUET plasma\PCMMD_LOCAL\set1\non_plasma\IMG01162_p_50.jpg,0,non_plasma
0.41729736328125,0.58270263671875,0.716141196187284,0.5400782798412012,0.626187193627451,0.003003839548677206,0.40493349189313277,0.41369485294117647,0.2936465992647059,0.41409696691176473,F:\BUET plasma\PCMMD_LOCAL\set1\non_plasma\IMG01162_p_51.jpg,0,non_plasma
0.40625,0.59375,0.6842105263157895,0.5212969236332862,0.6076621859681373,0.003354556977748871,0.7065884106215806,0.43063294653799017,0.31220344094669117,0.4341770546109069,F:\BUET plasma\PCMMD_LOCAL\set1\non_plasma\IMG01162_p_52.jpg,0,non_plasma
0.3895263671875,0.6104736328125,0.6380723855228955,0.4935201758603854,0.6448013205933415,0.0030308480113744735,0.40596512772781485,0.3839566099877451,0.2851294424019608,0.3965099858302696,F:\BUET plasma\PCMMD_LOCAL\set1\non_plasma\IMG01162_p_53.jpg,0,non_plasma
0.3258056640625,0.6741943359375,0.48325185587543,0.3942368773781015,0.6056228139042075,0.0031645919643342496,0.570150240466758,0.42661587584252453,0.3268760531556373,0.4296396292892157,F:\BUET plasma\PCMMD_LOCAL\set1\non_plasma\IMG01162_p_54.jpg,0,non_plasma
0.33502197265625,0.66497802734375,0.5038090867370353,0.40800128046051404,0.6222522212009804,0.003149516820907593,0.6135113439908654,0.4093163583792892,0.3102206361060049,0.4137063419117647,F:\BUET plasma\PCMMD_LOCAL\set1\non_plasma\IMG01162_p_55.jpg,0,non_plasma
0.52862548828125,0.47137451171875,1.121455392982002,0.7521023592699705,0.6528495040594362,0.0044341422282159326,0.21902581170904736,0.37204182942708336,0.2762561274509804,0.3931535309436274,F:\BUET plasma\PCMMD_LOCAL\set1\non_plasma\IMG01162_p_56.jpg,0,non_plasma
0.38427734375,0.61572265625,0.6241078509119746,0.48495865019447887,0.6304153741574755,0.0033345301114022733,0.43913261078044963,0.40199836282169116,0.300433229932598,0.4063222847732843,F:\BUET plasma\PCMMD_LOCAL\set1\non_plasma\IMG01162_p_57.jpg,0,non_plasma
0.4820556640625,0.5179443359375,0.9307094037237803,0.6578875020769641,0.6352428959865196,0.003026155885308981,0.7797791452554701,0.3940108953737745,0.2906108781403186,0.40964953852634806,F:\BUET plasma\PCMMD_LOCAL\set1\non_plasma\IMG01162_p_58.jpg,0,non_plasma
0.66973876953125,0.33026123046875,2.0279061171687305,1.107871330196499,0.6888225081699346,0.0033502341359853745,0.43468911029938534,0.3393896963082108,0.23410692401960784,0.36003585516237746,F:\BUET plasma\PCMMD_LOCAL\set1\non_plasma\IMG01162_p_59.jpg,0,non_plasma
0.50738525390625,0.49261474609375,1.0299838929500682,0.708027858514862,0.6459906684027777,0.0026254084669053556,0.7682539188823416,0.37826334635416664,0.27479774624693626,0.40896690219056375,F:\BUET plasma\PCMMD_LOCAL\set1\non_plasma\IMG01162_p_6.jpg,0,non_plasma
0.38983154296875,0.61016845703125,0.6388916675002501,0.4940202008720536,0.6038800008935865,0.0034246587753295897,0.443790499629992,0.43684584673713234,0.3078139361213235,0.44370021446078434,F:\BUET plasma\PCMMD_LOCAL\set1\non_plasma\IMG01162_p_60.jpg,0,non_plasma
0.37164306640625,0.62835693359375,0.591452161243322,0.4646469083773445,0.6159279418147467,0.003431451257318258,0.4076873587376289,0.4203103458180147,0.3037987802542892,0.4281070484834559,F:\BUET plasma\PCMMD_LOCAL\set1\non_plasma\IMG01162_p_61.jpg,0,non_plasma
0.44757080078125,0.55242919921875,0.8101867196994808,0.5934300000120636,0.6385187685100082,0.004960829522460699,0.6254570584685417,0.3931616689644608,0.29015826056985294,0.40112376493566176,F:\BUET plasma\PCMMD_LOCAL\set1\non_plasma\IMG01162_p_62.jpg,0,non_plasma
0.42889404296875,0.57110595703125,0.7509885647109116,0.5601805225633214,0.6218501870149101,0.0029501006565988063,0.5216469097242287,0.4137008367800245,0.29944781135110293,0.4213007908241422,F:\BUET plasma\PCMMD_LOCAL\set1\non_plasma\IMG01162_p_63.jpg,0,non_plasma
0.5712890625,0.4287109375,1.3325740318906605,0.8469723925242817,0.6698578878165851,0.0030441257022321222,0.3438191711208316,0.3580631031709559,0.25467457490808826,0.377688658471201,F:\BUET plasma\PCMMD_LOCAL\set1\non_plasma\IMG01162_p_64.jpg,0,non_plasma
0.45172119140625,0.54827880859375,0.8238895691862407,0.6009713466100277,0.6598983864379084,0.0028748779147863388,0.6185725017781237,0.3661489449295343,0.2824592141544118,0.37169668160232844,F:\BUET plasma\PCMMD_LOCAL\set1\non_plasma\IMG01162_p_65.jpg,0,non_plasma
0.46392822265625,0.53607177734375,0.8654218376408972,0.623487213922117,0.6645603553921569,0.0028322141729295253,0.6572157731833158,0.3633154775582108,0.27293964460784315,0.3700638116574755,F:\BUET plasma\PCMMD_LOCAL\set1\non_plasma\IMG01162_p_66.jpg,0,non_plasma
0.375732421875,0.624267578125,0.6018771998435667,0.4711761914281571,0.619204691967933,0.003570427358150482,0.526354195752263,0.42537913602941174,0.30831155215992645,0.40869523590686274,F:\BUET plasma\PCMMD_LOCAL\set1\non_plasma\IMG01162_p_67.jpg,0,non_plasma
0.4210205078125,0.5789794921875,0.7271768922622812,0.5464882214017073,0.6196124706392974,0.003641896829009056,0.6242376645081553,0.41982517616421566,0.3002932081035539,0.4210442038143382,F:\BUET plasma\PCMMD_LOCAL\set1\non_plasma\IMG01162_p_68.jpg,0,non_plasma
0.37908935546875,0.62091064453125,0.6105376978275828,0.476568097045486,0.6112605475132762,0.003301740523427725,0.6866824039671195,0.4329355277267157,0.30731009689031863,0.42597273284313725,F:\BUET plasma\PCMMD_LOCAL\set1\non_plasma\IMG01162_p_69.jpg,0,non_plasma
0.27197265625,0.72802734375,0.3735747820254863,0.31741667139466,0.6291733685661764,0.004219156291335821,0.4541730111681454,0.40129442401960785,0.30639050053615197,0.4047949697457108,F:\BUET plasma\PCMMD_LOCAL\set1\non_plasma\IMG01162_p_7.jpg,0,non_plasma
0.3929443359375,0.6070556640625,0.6472953951337221,0.4991347885645505,0.6192787320006128,0.0033782958984375,0.7091965028065585,0.4216117110906863,0.2977728151807598,0.4227792777267157,F:\BUET plasma\PCMMD_LOCAL\set1\non_plasma\IMG01162_p_70.jpg,0,non_plasma
0.363037109375,0.636962890625,0.5699501724798773,0.45104388158261527,0.5799390605851715,0.0038964206241071226,0.44177859280427684,0.4666360294117647,0.33768238740808826,0.45586440142463236,F:\BUET plasma\PCMMD_LOCAL\set1\non_plasma\IMG01162_p_71.jpg,0,non_plasma
0.29046630859375,0.70953369140625,0.4093763440860215,0.3431472973836773,0.5881271063112745,0.003965620994567871,0.737104236004841,0.4538409064797794,0.3338792987898284,0.4478984757965686,F:\BUET plasma\PCMMD_LOCAL\set1\non_plasma\IMG01162_p_72.jpg,0,non_plasma
0.5048828125,0.4951171875,1.0197238658777121,0.7029608020082699,0.6466716292636846,0.0030307182669639587,0.8011119660953833,0.3842041015625,0.2708491306678922,0.4049318799785539,F:\BUET plasma\PCMMD_LOCAL\set1\non_plasma\IMG01162_p_73.jpg,0,non_plasma
0.40179443359375,0.59820556640625,0.6716661565146413,0.5138208275700544,0.6269778582005718,0.002794055700302124,0.8554563339965301,0.39946097579656864,0.29645708869485293,0.42314836090686275,F:\BUET plasma\PCMMD_LOCAL\set1\non_plasma\IMG01162_p_74.jpg,0,non_plasma
0.4588623046875,0.5411376953125,0.8479584931197834,0.6140815125342355,0.6417821148641748,0.004017835732549429,0.5167741918047617,0.39684555951286765,0.2801980411305147,0.3976100547640931,F:\BUET plasma\PCMMD_LOCAL\set1\non_plasma\IMG01162_p_75.jpg,0,non_plasma
0.46051025390625,0.53948974609375,0.8536033487951126,0.6171315007782864,0.657647744970384,0.003236377891153097,0.612188126637442,0.3798536113664216,0.26764993106617646,0.37955322265625,F:\BUET plasma\PCMMD_LOCAL\set1\non_plasma\IMG01162_p_76.jpg,0,non_plasma
0.58782958984375,0.41217041015625,1.4261809566118762,0.8863183982643924,0.6768699097477533,0.003245352443307638,0.5523712625287674,0.35759564568014707,0.23971449908088235,0.3720801259957108,F:\BUET plasma\PCMMD_LOCAL\set1\non_plasma\IMG01162_p_77.jpg,0,non_plasma
0.863037109375,0.136962890625,6.301247771836007,1.9880452611966473,0.7214864493974673,0.0039084691405296326,0.48443495953057986,0.31311106962316176,0.20616455078125,0.3162650314031863,F:\BUET plasma\PCMMD_LOCAL\set1\non_plasma\IMG01162_p_78.jpg,0,non_plasma
0.39892578125,0.60107421875,0.6636880584890333,0.509036859974945,0.6198079427083334,0.0034399380534887313,0.5198435972928893,0.4202928730085784,0.3097364238664216,0.410546875,F:\BUET plasma\PCMMD_LOCAL\set1\non_plasma\IMG01162_p_79.jpg,0,non_plasma
0.66876220703125,0.33123779296875,2.0189791781831583,1.1049187537758296,0.7032109279258578,0.0034163313768804074,0.6414812753551922,0.31788736979166665,0.2217593922334559,0.3507204541973039,F:\BUET plasma\PCMMD_LOCAL\set1\non_plasma\IMG01162_p_8.jpg,0,non_plasma
0.75494384765625,0.24505615234375,3.0806973848069736,1.4062679014583723,0.7116343379799837,0.0028056488037109376,0.34238369074919367,0.3242934283088235,0.22645072189031862,0.31435283586090684,F:\BUET plasma\PCMMD_LOCAL\set1\non_plasma\IMG01162_p_80.jpg,0,non_plasma
0.82440185546875,0.17559814453125,4.694820994091067,1.7395571642876864,0.7180249183006536,0.003228249967098236,0.6499545877185318,0.3124387254901961,0.21781771790747548,0.31566880170036765,F:\BUET plasma\PCMMD_LOCAL\set1\non_plasma\IMG01162_p_81.jpg,0,non_plasma
0.3890380859375,0.6109619140625,0.6367632367632368,0.4927206555299681,0.6551349315767974,0.002897504236549139,0.288818946485394,0.3805252374387255,0.2806219362745098,0.3734480315563726,F:\BUET plasma\PCMMD_LOCAL\set1\non_plasma\IMG01162_p_82.jpg,0,non_plasma
0.3704833984375,0.6295166015625,0.5885204576304053,0.4628030532283301,0.6321482141033496,0.0037265531867742537,0.35733938085045613,0.4067629346660539,0.2994116689644608,0.3973807540594363,F:\BUET plasma\PCMMD_LOCAL\set1\non_plasma\IMG01162_p_83.jpg,0,non_plasma
0.47564697265625,0.52435302734375,0.9071120940519148,0.6455901052011779,0.6411425621680964,0.004196092989295721,0.29710927033968515,0.3995947744332108,0.28672042547487747,0.39025711358762255,F:\BUET plasma\PCMMD_LOCAL\set1\non_plasma\IMG01162_p_84.jpg,0,non_plasma
0.89447021484375,0.10552978515625,8.475997686524002,2.2487620421559438,0.7361165364583333,0.0024494435787200926,0.6721914511479063,0.2941872989430147,0.209481751685049,0.28798133999693626,F:\BUET plasma\PCMMD_LOCAL\set1\non_plasma\IMG01162_p_85.jpg,0,non_plasma
0.7723388671875,0.2276611328125,3.3924932975871314,1.4798970152013733,0.7392271752450981,0.004529025793075562,0.6911762642032452,0.2893758138020833,0.2013403799019608,0.2916022805606618,F:\BUET plasma\PCMMD_LOCAL\set1\non_plasma\IMG01162_p_86.jpg,0,non_plasma
0.8223876953125,0.1776123046875,4.630240549828179,1.7281521676736962,0.7442617378982843,0.0025858713649213314,0.643187361195898,0.28524576822916664,0.19808421415441177,0.2838848039215686,F:\BUET plasma\PCMMD_LOCAL\set1\non_plasma\IMG01162_p_87.jpg,0,non_plasma
0.8721923828125,0.1278076171875,6.8242597898758355,2.0572291364087523,0.7419755125357435,0.0025216026306152345,0.40429200630113693,0.29041245404411764,0.19655402688419119,0.2871069814644608,F:\BUET plasma\PCMMD_LOCAL\set1\non_plasma\IMG01162_p_88.jpg,0,non_plasma
0.79437255859375,0.20562744140625,3.863164143662808,1.5816892844326815,0.7250585618361929,0.002826039731502533,0.5694439728010773,0.3043461818321078,0.20663200827205883,0.3138461243872549,F:\BUET plasma\PCMMD_LOCAL\set1\non_plasma\IMG01162_p_89.jpg,0,non_plasma
0.701416015625,0.298583984375,2.349141455437449,1.2087040310321715,0.6940973020067402,0.0029878523610532286,0.632957283929526,0.3314319087009804,0.2247659122242647,0.3615102730545343,F:\BUET plasma\PCMMD_LOCAL\set1\non_plasma\IMG01162_p_9.jpg,0,non_plasma
0.57281494140625,0.42718505859375,1.340905843691956,0.8505379671496948,0.6877035303053514,0.0028404388427734377,0.32067950635301573,0.3483163871017157,0.24920582490808824,0.33936719707414215,F:\BUET plasma\PCMMD_LOCAL\set1\non_plasma\IMG01162_p_90.jpg,0,non_plasma
0.46490478515625,0.53509521484375,0.8688262803695677,0.6253105762506487,0.6594933204401552,0.0025444946251809595,0.8162412030039793,0.3683462105545343,0.2747979856004902,0.3783758425245098,F:\BUET plasma\PCMMD_LOCAL\set1\non_plasma\IMG01162_p_91.jpg,0,non_plasma
0.6053466796875,0.3946533203125,1.5338694710794927,0.9297475695538558,0.69426859936683,0.0027096348069608213,0.521127532535249,0.3282858455882353,0.2293413947610294,0.3595669615502451,F:\BUET plasma\PCMMD_LOCAL\set1\non_plasma\IMG01162_p_92.jpg,0,non_plasma
0.67352294921875,0.32647705078125,2.063002430360815,1.119395621307984,0.689932310814951,0.002899653375148773,0.1621156930973354,0.33437571806066174,0.23545783547794116,0.3603695140165441,F:\BUET plasma\PCMMD_LOCAL\set1\non_plasma\IMG01162_p_93.jpg,0,non_plasma
0.5093994140625,0.4906005859375,1.0383179895496393,0.7121249528300879,0.66187744140625,0.0031673490852117537,0.4077017845356003,0.3609173943014706,0.26869399126838234,0.38475629021139707,F:\BUET plasma\PCMMD_LOCAL\set1\non_plasma\IMG01162_p_94.jpg,0,non_plasma
0.51617431640625,0.48382568359375,1.0668600983978807,0.7260305950020784,0.6537830627042484,0.004800403356552124,0.6473184300195759,0.36733709597120096,0.26764179304534313,0.4036719228707108,F:\BUET plasma\PCMMD_LOCAL\set1\non_plasma\IMG01162_p_95.jpg,0,non_plasma
0.4873046875,0.5126953125,0.9504761904761905,0.6680735430078294,0.6375145207822712,0.003257482290267944,0.4871989179026231,0.38228376799938724,0.28511388442095587,0.4200587852328431,F:\BUET plasma\PCMMD_LOCAL\set1\non_plasma\IMG01162_p_96.jpg,0,non_plasma
0.58734130859375,0.41265869140625,1.4233101612187546,0.8851344407485564,0.6564461103451797,0.03640290236473084,0.38878722123723225,0.36161151960784316,0.2565161611519608,0.41253398820465687,F:\BUET plasma\PCMMD_LOCAL\set1\non_plasma\IMG01169_p_10.jpg,0,non_plasma
0.38916015625,0.61083984375,0.6370903277378097,0.49292047569248726,0.6264447380514706,0.02111949458345771,0.3212458588910774,0.38669122434129904,0.29116761450674017,0.442806946997549,F:\BUET plasma\PCMMD_LOCAL\set1\non_plasma\IMG01169_p_11.jpg,0,non_plasma
0.45013427734375,0.54986572265625,0.8186258186258186,0.5980811711877944,0.6167095907373366,0.03241254037618637,0.29566375051746097,0.38865129059436276,0.28272992302389705,0.4784900141697304,F:\BUET plasma\PCMMD_LOCAL\set1\non_plasma\IMG01169_p_12.jpg,0,non_plasma
0.51397705078125,0.48602294921875,1.0575160115534346,0.7214994355817894,0.6095117506638073,0.062164995059370995,0.11017951519162647,0.4000344669117647,0.2810779047947304,0.49035237630208334,F:\BUET plasma\PCMMD_LOCAL\set1\non_plasma\IMG01169_p_6.jpg,0,non_plasma
0.25732421875,0.74267578125,0.34648257725180803,0.29749569390010555,0.5725719177645017,0.04152605232223868,0.3634791725005651,0.4476296817555147,0.3167456533394608,0.5179089116115196,F:\BUET plasma\PCMMD_LOCAL\set1\non_plasma\IMG01169_p_7.jpg,0,non_plasma
0.22686767578125,0.77313232421875,0.2934396463250967,0.25730506235560185,0.5547222860498366,0.04727070342004299,0.14211832156495485,0.45433708639705883,0.34352548636642155,0.5379705690870098,F:\BUET plasma\PCMMD_LOCAL\set1\non_plasma\IMG01169_p_8.jpg,0,non_plasma
0.6202392578125,0.3797607421875,1.6332369013179042,0.9682138503816521,0.6758158764808007,0.01001510702073574,0.39614309431777117,0.3210729262408088,0.23861993527879902,0.4128595090379902,F:\BUET plasma\PCMMD_LOCAL\set1\non_plasma\IMG01169_p_9.jpg,0,non_plasma
0.00750732421875,0.99249267578125,0.007564110448311912,0.007535646013511884,0.4888442095588236,0.08372991874441504,0.30316243491172673,0.5232536764705882,0.3916987400428922,0.618514954810049,F:\BUET plasma\PCMMD_LOCAL\set1\non_plasma\IMG01170_p_0.jpg,0,non_plasma
0.013427734375,0.986572265625,0.013610492452363277,0.013518701640870039,0.47001953124999996,0.05773027750477195,0.4065991251281923,0.5452593635110294,0.4096246457567402,0.6350573969822304,F:\BUET plasma\PCMMD_LOCAL\set1\non_plasma\IMG01170_p_10.jpg,0,non_plasma
0.10052490234375,0.89947509765625,0.11175951686231933,0.10594391062597139,0.47639168134701804,0.05916846146807075,0.1225309650500597,0.551446413526348,0.4143042470894608,0.6050742953431373,F:\BUET plasma\PCMMD_LOCAL\set1\non_plasma\IMG01170_p_11.jpg,0,non_plasma
0.251708984375,0.748291015625,0.3363784665579119,0.28996331834903194,0.524072185840482,0.019984012112021447,0.8182432792654607,0.4826028262867647,0.3823615579044118,0.5628190582873774,F:\BUET plasma\PCMMD_LOCAL\set1\non_plasma\IMG01170_p_12.jpg,0,non_plasma
0.00732421875,0.99267578125,0.0073782587309394985,0.007351172531051771,0.46105653850081707,0.060118246495723726,0.4491710143321621,0.5618374693627451,0.4178715724571078,0.637121342677696,F:\BUET plasma\PCMMD_LOCAL\set1\non_plasma\IMG01170_p_13.jpg,0,non_plasma
0.14013671875,0.85986328125,0.1629755820556502,0.15098187766319224,0.518509130540237,0.035654877290129665,0.23816443588054861,0.4911020316329657,0.33983633003982844,0.6135342467064951,F:\BUET plasma\PCMMD_LOCAL\set1\non_plasma\IMG01170_p_14.jpg,0,non_plasma
0.162353515625,0.837646484375,0.19382104342757214,0.177159123860894,0.47749845218035136,0.04397264003753662,0.05256476553729045,0.5401695101868873,0.4138406192555147,0.6134945140165441,F:\BUET plasma\PCMMD_LOCAL\set1\non_plasma\IMG01170_p_15.jpg,0,non_plasma
0.20184326171875,0.79815673828125,0.2528867477250134,0.22545028693273206,0.5127449384701797,0.04981032691895962,0.10107333909641647,0.5204810049019608,0.3945807961856618,0.5467033835018382,F:\BUET plasma\PCMMD_LOCAL\set1\non_plasma\IMG01170_p_7.jpg,0,non_plasma
0.15765380859375,0.84234619140625,0.18716035069922468,0.17156419555119432,0.5133945440155229,0.041519659996032715,0.26435133760339063,0.5147508808210784,0.389178347120098,0.5558871400122549,F:\BUET plasma\PCMMD_LOCAL\set1\non_plasma\IMG01170_p_8.jpg,0,non_plasma
0.344970703125,0.655029296875,0.5266492732016399,0.4230753162937195,0.5295659083946078,0.020628049239516257,0.7771073497769192,0.47088359757965687,0.37424029181985297,0.5661783854166667,F:\BUET plasma\PCMMD_LOCAL\set1\non_plasma\IMG01170_p_9.jpg,0,non_plasma
0.48883056640625,0.51116943359375,0.9562985074626865,0.6710541711459672,0.6505148494944852,0.017649194225668907,0.48441096980520654,0.3508109298406863,0.27672956878063726,0.4209149528952206,F:\BUET plasma\PCMMD_LOCAL\set1\non_plasma\IMG01182_p_4.jpg,0,non_plasma
0.90167236328125,0.09832763671875,9.17008069522036,2.3194501446622597,0.7269126742493872,0.03387487196922302,0.3418759059327531,0.2851083792892157,0.20614276960784314,0.3280108283547794,F:\BUET plasma\PCMMD_LOCAL\set1\non_plasma\IMG01182_p_5.jpg,0,non_plasma
0.68475341796875,0.31524658203125,2.1721200387221686,1.1544001462854954,0.7024150773590686,0.03680918138846755,0.31661649833878297,0.30393999885110295,0.22676236021752452,0.3620524088541667,F:\BUET plasma\PCMMD_LOCAL\set1\non_plasma\IMG01182_p_6.jpg,0,non_plasma
0.46038818359375,0.53961181640625,0.8531840289560004,0.6169052564334299,0.5225426368464052,0.07990053552389145,0.4352563788180701,0.47359714882046566,0.3642769607843137,0.5944979798560049,F:\BUET plasma\PCMMD_LOCAL\set1\non_plasma\IMG01183_p_0.jpg,0,non_plasma
0.2740478515625,0.7259521484375,0.3775012611400706,0.32027117757269535,0.5446565914777369,0.031668689489364625,0.6949672306256073,0.46569872089460784,0.367544615502451,0.5327868891697304,F:\BUET plasma\PCMMD_LOCAL\set1\non_plasma\IMG01183_p_1.jpg,0,non_plasma
0.31158447265625,0.68841552734375,0.45261104707864175,0.37336265919931755,0.5337140650531046,0.03075592574104667,0.3349013698298945,0.4849709903492647,0.36579996744791665,0.5480868470435049,F:\BUET plasma\PCMMD_LOCAL\set1\non_plasma\IMG01183_p_2.jpg,0,non_plasma
0.06939697265625,0.93060302734375,0.07457204696005772,0.07192248646732728,0.4681112451491013,0.10096928184852004,0.12520087320600318,0.5486052868412991,0.42718218635110294,0.6198787913602941,F:\BUET plasma\PCMMD_LOCAL\set1\non_plasma\IMG01183_p_4.jpg,0,non_plasma
0.23553466796875,0.76446533203125,0.30810379241516966,0.2685786018861688,0.5101191501991422,0.03617922561988234,0.18998655088510252,0.5072706035539216,0.3760974360447304,0.5862745098039216,F:\BUET plasma\PCMMD_LOCAL\set1\non_plasma\IMG01183_p_5.jpg,0,non_plasma
0.28558349609375,0.71441650390625,0.3997436992738146,0.33628914791422315,0.5303083831188726,0.04042772951349616,0.20799890947164462,0.48909098307291665,0.3579556334252451,0.5620282341452206,F:\BUET plasma\PCMMD_LOCAL\set1\non_plasma\IMG01183_p_6.jpg,0,non_plasma
0.39251708984375,0.60748291015625,0.6461368431628655,0.49843123559317076,0.541372900071487,0.02648637294769287,0.6873120599402716,0.4619547526041667,0.3685372146905637,0.5453893324908088,F:\BUET plasma\PCMMD_LOCAL\set1\non_plasma\IMG01185_p_2.jpg,0,non_plasma
0.600830078125,0.399169921875,1.5051987767584099,0.91836808338799,0.5896264169730392,0.0593643798828125,0.21741985165664332,0.4153509401807598,0.30522293390012256,0.510546875,F:\BUET plasma\PCMMD_LOCAL\set1\non_plasma\IMG01185_p_3.jpg,0,non_plasma
0.07275390625,0.92724609375,0.0784623486045287,0.07553627534711252,0.4958076427185457,0.0678964152187109,0.06995961805062448,0.5232146618412991,0.4128851198682598,0.576477290134804,F:\BUET plasma\PCMMD_LOCAL\set1\non_plasma\IMG01185_p_4.jpg,0,non_plasma
0.08612060546875,0.91387939453125,0.09423629199225272,0.09005666970151541,0.467633096532884,0.08000106571614743,0.10082434471422538,0.5579838771446078,0.4488209443933823,0.5902958888633578,F:\BUET plasma\PCMMD_LOCAL\set1\non_plasma\IMG01185_p_5.jpg,0,non_plasma
0.19610595703125,0.80389404296875,0.24394503074937363,0.21828780584018784,0.4901691910488153,0.08897270046174527,0.2684717787123118,0.5314807368259804,0.41992043887867647,0.578091251148897,F:\BUET plasma\PCMMD_LOCAL\set1\non_plasma\IMG01185_p_6.jpg,0,non_plasma
0.1602783203125,0.8397216796875,0.1908707660997238,0.1746847757532749,0.5028491849213643,0.05145095371827483,0.10022891994883876,0.522958314185049,0.3976861691942402,0.5708079618566176,F:\BUET plasma\PCMMD_LOCAL\set1\non_plasma\IMG01185_p_7.jpg,0,non_plasma
0.89190673828125,0.10809326171875,8.251270468661772,2.224760890056401,0.7379306768280229,0.027023923978209494,0.39470862903570636,0.27334199793198527,0.20042868221507354,0.31243728936887255,F:\BUET plasma\PCMMD_LOCAL\set1\non_plasma\IMG01199_p_0.jpg,0,non_plasma
0.99530029296875,0.00469970703125,25.0,3.258096538021482,0.7450026967167076,0.040280663128942254,0.7827942845772616,0.26406920189950983,0.19082007314644608,0.3101026348039216,F:\BUET plasma\PCMMD_LOCAL\set1\non_plasma\IMG01199_p_14.jpg,0,non_plasma
0.890625,0.109375,8.142857142857142,2.2129729343043585,0.7345904979830473,0.04084876769781113,0.4330204629056441,0.2708670821844363,0.2082809149050245,0.31708050896139706,F:\BUET plasma\PCMMD_LOCAL\set1\non_plasma\IMG01200_p_0.jpg,0,non_plasma
0.85845947265625,0.14154052734375,6.0651142733937045,1.9551691905837028,0.7401967167075163,0.01935310719907284,0.41803871811716237,0.2600806142769608,0.20108905867034313,0.31824017693014706,F:\BUET plasma\PCMMD_LOCAL\set1\non_plasma\IMG01200_p_1.jpg,0,non_plasma
0.84185791015625,0.15814208984375,5.323427248166731,1.8442613472771243,0.7120228885825164,0.04591585316881537,0.3783438727901017,0.30280139399509803,0.2333694757199755,0.32776046453737745,F:\BUET plasma\PCMMD_LOCAL\set1\non_plasma\IMG01200_p_4.jpg,0,non_plasma
0.58154296875,0.41845703125,1.3897316219369895,0.8711810675616186,0.6911960177951388,0.047938720688223836,0.05702258482568613,0.321929811963848,0.2576770258884804,0.3468051087622549,F:\BUET plasma\PCMMD_LOCAL\set1\non_plasma\IMG01200_p_5.jpg,0,non_plasma
0.7529296875,0.2470703125,3.047430830039526,1.3980823168719327,0.7306627859477124,0.01300479632243514,0.41190208222353214,0.2679737764246323,0.21970573874080881,0.32033212699142155,F:\BUET plasma\PCMMD_LOCAL\set1\non_plasma\IMG01200_p_6.jpg,0,non_plasma
0.771240234375,0.228759765625,3.3713980789754534,1.4750828844809214,0.7351792279411764,0.013378108736127615,0.4085352846409992,0.26619154986213234,0.2158626780790441,0.3124080882352941,F:\BUET plasma\PCMMD_LOCAL\set1\non_plasma\IMG01200_p_7.jpg,0,non_plasma
0.9544677734375,0.0455322265625,20.962466487935657,3.0893349276354733,0.760028036279616,0.015093131065368652,0.5179505542532963,0.2507144703584559,0.18398940142463235,0.28521201937806373,F:\BUET plasma\PCMMD_LOCAL\set1\non_plasma\IMG01200_p_8.jpg,0,non_plasma
0.99700927734375,0.00299072265625,25.0,3.258096538021482,0.7567922155841503,0.0321654045432806,0.7776247419219514,0.25752120672487744,0.19004169538909313,0.2820604511335784,F:\BUET plasma\PCMMD_LOCAL\set1\non_plasma\IMG01200_p_9.jpg,0,non_plasma
0.2408447265625,0.7591552734375,0.31725357774561824,0.2755489461753997,0.5729028639450572,0.051484162271022794,0.3312288682266662,0.44187825520833335,0.3408791934742647,0.4985339594822304,F:\BUET plasma\PCMMD_LOCAL\set1\non_plasma\IMG01204_p_10.jpg,0,non_plasma
0.22314453125,0.77685546875,0.2872407291011942,0.2525009578216115,0.5663917292177287,0.05185208797454834,0.10684197269005334,0.4530378753063726,0.34847292432598037,0.4993140127144608,F:\BUET plasma\PCMMD_LOCAL\set1\non_plasma\IMG01204_p_11.jpg,0,non_plasma
0.33935546875,0.66064453125,0.5136733185513673,0.41453935798861036,0.6050681519352532,0.038478771533817055,0.11833844500357649,0.4063696767769608,0.3000299191942402,0.4783959482230392,F:\BUET plasma\PCMMD_LOCAL\set1\non_plasma\IMG01204_p_12.jpg,0,non_plasma
0.42071533203125,0.57928466796875,0.7262669897797914,0.5459612677087422,0.6436274509803921,0.021294362008571623,0.1438766327315486,0.35814568014705883,0.28414282705269606,0.4268291398590686,F:\BUET plasma\PCMMD_LOCAL\set1\non_plasma\IMG01204_p_13.jpg,0,non_plasma
0.46124267578125,0.53875732421875,0.8561232581851138,0.6184900428190014,0.6548774669372958,0.026136221155524254,0.27131389252295374,0.35431865617340685,0.2653574027267157,0.4156915402879902,F:\BUET plasma\PCMMD_LOCAL\set1\non_plasma\IMG01204_p_14.jpg,0,non_plasma
0.25726318359375,0.74273681640625,0.34637192867121375,0.2974135145024343,0.599533180785335,0.034929976880550384,0.3482591157879714,0.41285041360294117,0.3114147709865196,0.4771352730545343,F:\BUET plasma\PCMMD_LOCAL\set1\non_plasma\IMG01204_p_15.jpg,0,non_plasma
0.3568115234375,0.6431884765625,0.5547542228126779,0.4413174770700033,0.6127421460120507,0.023220089420676233,0.2704804171984568,0.3949786017922794,0.288330078125,0.4784648820465686,F:\BUET plasma\PCMMD_LOCAL\set1\non_plasma\IMG01204_p_16.jpg,0,non_plasma
0.387451171875,0.612548828125,0.6325229174970107,0.49012662035292137,0.6147871827767566,0.03497832741960883,0.679045827786029,0.3956097771139706,0.2830755495557598,0.476953125,F:\BUET plasma\PCMMD_LOCAL\set1\non_plasma\IMG01204_p_17.jpg,0,non_plasma
0.263916015625,0.736083984375,0.3585406301824212,0.30641105755805786,0.6217771841809641,0.03914713480696082,0.2865786290765566,0.3899899950214461,0.2971868776807598,0.447491574754902,F:\BUET plasma\PCMMD_LOCAL\set1\non_plasma\IMG01204_p_18.jpg,0,non_plasma
0.69842529296875,0.30157470703125,2.3159279498077314,1.1987375089934844,0.7026691112642973,0.013380591392517089,0.5114433075132563,0.3003798540900735,0.21715494791666667,0.37445786420036764,F:\BUET plasma\PCMMD_LOCAL\set1\non_plasma\IMG01204_p_19.jpg,0,non_plasma
0.509033203125,0.490966796875,1.0367976131277972,0.7113787769466917,0.6212143841911765,0.08571362315118312,0.17161581418341806,0.3849599800857843,0.27953024471507354,0.47186662262561274,F:\BUET plasma\PCMMD_LOCAL\set1\non_plasma\IMG01204_p_20.jpg,0,non_plasma
0.276123046875,0.723876953125,0.38145025295109614,0.3231338552875179,0.5886429132199755,0.03572760939598083,0.314033054317929,0.42753499348958335,0.3243815104166667,0.48215475643382355,F:\BUET plasma\PCMMD_LOCAL\set1\non_plasma\IMG01204_p_9.jpg,0,non_plasma
0.8074951171875,0.1925048828125,4.194673430564363,1.6476337603162505,0.7273835624744689,0.02309472618997097,0.4864232241951394,0.27193029067095587,0.20296678730085785,0.3429522346047794,F:\BUET plasma\PCMMD_LOCAL\set1\non_plasma\IMG01205_p_2.jpg,0,non_plasma
0.899169921875,0.100830078125,8.91767554479419,2.294318573758311,0.7426529628778595,0.025548805501312017,0.46488023379429844,0.25547784543504903,0.18375770718443626,0.3328055587469363,F:\BUET plasma\PCMMD_LOCAL\set1\non_plasma\IMG01205_p_3.jpg,0,non_plasma
0.7078857421875,0.2921142578125,2.423318010865023,1.2306102593709158,0.7185869204452615,0.025240838762372732,0.4904109025422037,0.27991440716911764,0.22668050130208334,0.3376443301930147,F:\BUET plasma\PCMMD_LOCAL\set1\non_plasma\IMG01205_p_4.jpg,0,non_plasma
0.84033203125,0.15966796875,5.2629969418960245,1.834658815262145,0.7306466694750817,0.031166666135191916,0.3279056559579465,0.26694814644607845,0.2039359298406863,0.3371759152879902,F:\BUET plasma\PCMMD_LOCAL\set1\non_plasma\IMG01205_p_5.jpg,0,non_plasma
0.78289794921875,0.21710205078125,3.6061287601911722,1.5273877558907791,0.729455646190768,0.027410352494567632,0.5243331065986576,0.2650136910232843,0.205514466528799,0.34110490387561276,F:\BUET plasma\PCMMD_LOCAL\set1\non_plasma\IMG01205_p_6.jpg,0,non_plasma
0.95098876953125,0.04901123046875,19.40348692403487,3.0157058138924726,0.7563093596813726,0.02551993640884757,0.5339904709277352,0.23962091184129902,0.17488870059742648,0.3165623085171569,F:\BUET plasma\PCMMD_LOCAL\set1\non_plasma\IMG01205_p_7.jpg,0,non_plasma
0.82476806640625,0.17523193359375,4.706722396377569,1.7416448477181705,0.7416200725081699,0.03864430132135749,0.5575274555895648,0.2548509784773284,0.19201468673406863,0.3282741172640931,F:\BUET plasma\PCMMD_LOCAL\set1\non_plasma\IMG01205_p_8.jpg,0,non_plasma
0.9866943359375,0.0133056640625,25.0,3.258096538021482,0.7920253778594771,0.04918492494523525,0.650520458293847,0.2010074391084559,0.13599326937806372,0.286923157935049,F:\BUET plasma\PCMMD_LOCAL\set1\non_plasma\IMG01206_p_0.jpg,0,non_plasma
0.84527587890625,0.15472412109375,5.463116370808678,1.8661116118139507,0.7429243100234886,0.026116562005132436,0.4124898364976941,0.2514660405177696,0.1887393727022059,0.3310216567095588,F:\BUET plasma\PCMMD_LOCAL\set1\non_plasma\IMG01206_p_1.jpg,0,non_plasma
0.95111083984375,0.04888916015625,19.454431960049938,3.018199580770875,0.7850644180198121,0.022244215156883,0.6905322672096009,0.21145043466605393,0.1497860179227941,0.2835702933517157,F:\BUET plasma\PCMMD_LOCAL\set1\non_plasma\IMG01206_p_2.jpg,0,non_plasma
0.90924072265625,0.09075927734375,10.018157363819771,2.3995445813790792,0.7786402484170751,0.024063388612121345,0.5368556078965764,0.21770761527267157,0.1583917356004902,0.28797990387561273,F:\BUET plasma\PCMMD_LOCAL\set1\non_plasma\IMG01206_p_3.jpg,0,non_plasma
0.9989013671875,0.0010986328125,25.0,3.258096538021482,0.7995777803308823,0.019604666348546743,0.7570725998076357,0.19875057444852942,0.13159897748161764,0.2709171070772059,F:\BUET plasma\PCMMD_LOCAL\set1\non_plasma\IMG01206_p_4.jpg,0,non_plasma
0.915283203125,0.084716796875,10.804034582132564,2.4684413867724846,0.7299232632506127,0.03303433194383979,0.7132264969655954,0.2724362840839461,0.1983829273897059,0.3394109987745098,F:\BUET plasma\PCMMD_LOCAL\set1\non_plasma\IMG01206_p_7.jpg,0,non_plasma
0.570556640625,0.429443359375,1.3285957930642411,0.8452654219817856,0.6857050876991422,0.02318347989022732,0.18049591019703592,0.32056047028186274,0.2639452167585784,0.35837904986213237,F:\BUET plasma\PCMMD_LOCAL\set1\non_plasma\IMG01206_p_8.jpg,0,non_plasma
0.7628173828125,0.2371826171875,3.2161605764282037,1.4389248979018487,0.7247688642514297,0.014417613442987203,0.6589135793312152,0.2656683229932598,0.22080508961397058,0.3392199946384804,F:\BUET plasma\PCMMD_LOCAL\set1\non_plasma\IMG01206_p_9.jpg,0,non_plasma
0.355224609375,0.644775390625,0.550927678909504,0.4388532544222115,0.5722945867800244,0.028936665888875723,0.2965326444548684,0.43584463082107844,0.28936264935661765,0.5579089594822304,F:\BUET plasma\PCMMD_LOCAL\set1\non_plasma\IMG01211_p_25.jpg,0,non_plasma
0.3729248046875,0.6270751953125,0.5947050807864512,0.4666888168120212,0.5506156971252043,0.02364535294473171,0.2479172099559012,0.4573828603707108,0.3252843520220588,0.5654856962316176,F:\BUET plasma\PCMMD_LOCAL\set1\non_plasma\IMG01211_p_26.jpg,0,non_plasma
0.0006103515625,0.92828369140625,0.0006575054244197515,0.0006572893624309464,0.3981634401807598,0.02418788903951645,0.5390120920947209,0.6593417298560049,0.3976940678615196,0.748473881740196,F:\BUET plasma\PCMMD_LOCAL\set1\non_plasma\IMG_0050_p_10.jpg,0,non_plasma
0.0885009765625,0.8642578125,0.10240112994350282,0.097490646261767,0.3625663009344363,0.03835033323988318,0.28956298949315085,0.6399404488357843,0.5152640548406863,0.7570965935202206,F:\BUET plasma\PCMMD_LOCAL\set1\non_plasma\IMG_0050_p_11.jpg,0,non_plasma
0.2103271484375,0.7830810546875,0.26858924395947,0.23790545151189846,0.42670571320976314,0.007751445706933736,0.4121618510951251,0.5614083084405638,0.45062112247242647,0.7078534294577206,F:\BUET plasma\PCMMD_LOCAL\set1\non_plasma\IMG_0050_p_12.jpg,0,non_plasma
0.0482177734375,0.8905029296875,0.05414667580534613,0.05273160154280364,0.3871074601715686,0.032364154126495126,0.15943655548691807,0.6293114755667892,0.4774670170802696,0.7318991268382353,F:\BUET plasma\PCMMD_LOCAL\set1\non_plasma\IMG_0050_p_13.jpg,0,non_plasma
6.103515625e-05,0.935546875,6.524008350730688e-05,6.523795546561411e-05,0.38424008438010626,0.01957979008182883,0.0,0.6386043772977941,0.44679816750919116,0.761877202052696,F:\BUET plasma\PCMMD_LOCAL\set1\non_plasma\IMG_0050_p_14.jpg,0,non_plasma
0.1661376953125,0.74517822265625,0.22295028257842575,0.20126620385780844,0.44690069061478765,0.01806362709030509,0.13004872484344554,0.5390842811734069,0.3996359432444853,0.7205777037377451,F:\BUET plasma\PCMMD_LOCAL\set1\non_plasma\IMG_0050_p_15.jpg,0,non_plasma
0.2313232421875,0.5849609375,0.3954507512520868,0.33321748225869324,0.4058995863970588,0.0197496337890625,0.27778138356820475,0.5808040843290441,0.4736103132659314,0.727886843213848,F:\BUET plasma\PCMMD_LOCAL\set1\non_plasma\IMG_0050_p_16.jpg,0,non_plasma
0.002685546875,0.81982421875,0.003275759380583681,0.0032704057690667427,0.37049464805453436,0.014354006763547658,0.3627652797170688,0.6604848824295343,0.4754559685202206,0.7525752048866422,F:\BUET plasma\PCMMD_LOCAL\set1\non_plasma\IMG_0050_p_17.jpg,0,non_plasma
0.11016845703125,0.7974853515625,0.13814480330629114,0.12939957128798793,0.4365778505412582,0.014944738116115332,0.1221244039026473,0.5620507333792892,0.41932205499387254,0.7088936600030638,F:\BUET plasma\PCMMD_LOCAL\set1\non_plasma\IMG_0050_p_18.jpg,0,non_plasma
0.002685546875,0.81915283203125,0.0032784442291930557,0.0032730818478933664,0.3631325316584967,0.020451854169368743,0.32096182796021827,0.6649440391390932,0.49519689223345587,0.7504614736519608,F:\BUET plasma\PCMMD_LOCAL\set1\non_plasma\IMG_0050_p_19.jpg,0,non_plasma
0.00048828125,0.7506103515625,0.0006505122784192552,0.0006503007870205989,0.3150935553257761,0.022159334406256677,0.7853981633974483,0.7238290824142157,0.5382743087469363,0.7926159428615196,F:\BUET plasma\PCMMD_LOCAL\set1\non_plasma\IMG_0050_p_20.jpg,0,non_plasma
0.00030517578125,0.8985595703125,0.00033962776796630893,0.0003395701075109471,0.39057114545036764,0.02018811696767807,0.6430287075658971,0.6314493815104166,0.44854449103860294,0.7482926910998775,F:\BUET plasma\PCMMD_LOCAL\set1\non_plasma\IMG_0050_p_21.jpg,0,non_plasma
0.0,0.99017333984375,0.0,0.0,0.3671650805504494,0.02495398208126426,0.0,0.701983762254902,0.47016649433210783,0.7263545017616422,F:\BUET plasma\PCMMD_LOCAL\set1\non_plasma\IMG_0050_p_22.jpg,0,non_plasma
0.00048828125,0.67413330078125,0.0007243096423721141,0.0007240474567378474,0.313137957005719,0.026415993895381688,0.5390120920947209,0.7220834769454657,0.57374267578125,0.7647599762561275,F:\BUET plasma\PCMMD_LOCAL\set1\non_plasma\IMG_0050_p_3.jpg,0,non_plasma
0.0001220703125,0.767578125,0.00015903307888040714,0.00015902043446088757,0.30160526450163394,0.040137775000184776,0.0,0.7405711454503676,0.56868896484375,0.7859240962009804,F:\BUET plasma\PCMMD_LOCAL\set1\non_plasma\IMG_0050_p_4.jpg,0,non_plasma
0.0069580078125,0.86773681640625,0.008018569318421608,0.007986591422373547,0.3521777184180964,0.0221519917845726,0.12490954199013245,0.6557849360447304,0.5442533605238971,0.7434285481770834,F:\BUET plasma\PCMMD_LOCAL\set1\non_plasma\IMG_0050_p_5.jpg,0,non_plasma
0.0091552734375,0.80023193359375,0.011440774921821372,0.01137582417819716,0.3223615259906045,0.021372460782527924,0.537836012499196,0.7226840150122549,0.5435561236213236,0.7666752833946079,F:\BUET plasma\PCMMD_LOCAL\set1\non_plasma\IMG_0050_p_6.jpg,0,non_plasma
0.00042724609375,0.9222412109375,0.0004632693580410324,0.00046316208192252945,0.37610573363459965,0.023010848999023437,0.0,0.6572320676317402,0.4575741038602941,0.7568766276041666,F:\BUET plasma\PCMMD_LOCAL\set1\non_plasma\IMG_0050_p_7.jpg,0,non_plasma
0.12017822265625,0.74267578125,0.16181788297172914,0.14998591892790378,0.40180991179023684,0.01399459206685424,0.2165337730539413,0.6034407073376226,0.4689120423560049,0.7222175149356618,F:\BUET plasma\PCMMD_LOCAL\set1\non_plasma\IMG_0050_p_8.jpg,0,non_plasma
0.00079345703125,0.8681640625,0.0009139482564679415,0.0009135308600599772,0.36357525594873374,0.041053154453635214,0.5390120920947209,0.6833663641237745,0.46293753829656864,0.7629703297334559,F:\BUET plasma\PCMMD_LOCAL\set1\non_plasma\IMG_0050_p_9.jpg,0,non_plasma
0.0,0.7388916015625,0.0,0.0,0.354473757276348,0.024677303314208983,0.0,0.7320264629289216,0.5704197303921569,0.6341325348498774,F:\BUET plasma\PCMMD_LOCAL\set1\non_plasma\IMG_0343_p_10.jpg,0,non_plasma
0.0,0.97857666015625,0.0,0.0,0.46079013799530233,0.014955942716449499,0.0,0.5797032973345588,0.4821248372395833,0.555801451439951,F:\BUET plasma\PCMMD_LOCAL\set1\non_plasma\IMG_0343_p_11.jpg,0,non_plasma
0.0,0.934326171875,0.0,0.0,0.43648952907986116,0.01956793784722686,0.0,0.6320331648284314,0.47952473958333336,0.5789735083486519,F:\BUET plasma\PCMMD_LOCAL\set1\non_plasma\IMG_0343_p_12.jpg,0,non_plasma
0.0,0.91162109375,0.0,0.0,0.4229885525173611,0.01689436811208725,0.0,0.6383123659620098,0.50439453125,0.5883274452359069,F:\BUET plasma\PCMMD_LOCAL\set1\non_plasma\IMG_0343_p_13.jpg,0,non_plasma
0.0,0.86944580078125,0.0,0.0,0.45625406901041665,0.030184422433376313,0.0,0.611642635569853,0.45150553385416664,0.5680896235447304,F:\BUET plasma\PCMMD_LOCAL\set1\non_plasma\IMG_0343_p_14.jpg,0,non_plasma
0.0,0.86383056640625,0.0,0.0,0.3657186670241014,0.016718532025814057,0.0,0.7268592984068627,0.5329702339920344,0.643014466528799,F:\BUET plasma\PCMMD_LOCAL\set1\non_plasma\IMG_0343_p_15.jpg,0,non_plasma
0.0,0.8646240234375,0.0,0.0,0.37855216630923194,0.017707665860652925,0.0,0.7023755840226715,0.5172784543504902,0.6446894626991422,F:\BUET plasma\PCMMD_LOCAL\set1\non_plasma\IMG_0343_p_9.jpg,0,non_plasma
0.0,0.807861328125,0.0,0.0,0.3942823223039216,0.03318510841950774,0.0,0.6678708543964461,0.520114315257353,0.6291678634344363,F:\BUET plasma\PCMMD_LOCAL\set1\non_plasma\IMG_0344_p_2.jpg,0,non_plasma
0.0,0.8424072265625,0.0,0.0,0.3803993374693627,0.022027890622615814,0.0,0.7017767214307598,0.5380483589920343,0.6189769071691177,F:\BUET plasma\PCMMD_LOCAL\set1\non_plasma\IMG_0344_p_3.jpg,0,non_plasma
0.2701416015625,0.63946533203125,0.4224491743819796,0.3523801565958279,0.5319698957056781,0.0073593219481408595,0.6897023469976692,0.49921156939338235,0.4038528741574755,0.5010258693321078,F:\BUET plasma\PCMMD_LOCAL\set1\non_plasma\IMG_0348_p_1.jpg,0,non_plasma
0.03472900390625,0.793701171875,0.043755767456167334,0.04282552287416915,0.3448025173611111,0.07625894020497799,0.4236674193865986,0.7618037205116421,0.5800680721507353,0.6237206552542892,F:\BUET plasma\PCMMD_LOCAL\set1\non_plasma\IMG_0348_p_2.jpg,0,non_plasma
0.0003662109375,0.997314453125,0.0003671970624235006,0.00036712966208114143,0.4936907998876634,0.01916431087255478,0.5390120920947209,0.5405141793045343,0.4245050168504902,0.5539084041819853,F:\BUET plasma\PCMMD_LOCAL\set1\non_plasma\IMG_0348_p_3.jpg,0,non_plasma
0.0,0.87249755859375,0.0,0.0,0.4078709820516748,0.022635219514369965,0.0,0.6750660615808823,0.49463512944240196,0.6066858628216911,F:\BUET plasma\PCMMD_LOCAL\set1\non_plasma\IMG_0348_p_4.jpg,0,non_plasma
0.0,0.97503662109375,0.0,0.0,0.4513800328073938,0.02124543469771743,0.0,0.6450654871323529,0.44529837814031864,0.5554960363051471,F:\BUET plasma\PCMMD_LOCAL\set1\non_plasma\IMG_0348_p_5.jpg,0,non_plasma
0.00665283203125,0.9285888671875,0.0071644537925594845,0.007138911020929763,0.4293305440665849,0.025597232565283776,0.6334838752914688,0.6798801796109069,0.4651817172181373,0.566946470971201,F:\BUET plasma\PCMMD_LOCAL\set1\non_plasma\IMG_0348_p_6.jpg,0,non_plasma
0.31854248046875,0.56561279296875,0.5631811805330743,0.44672296316857996,0.4920017616421568,0.016432156052440406,0.324656338269402,0.5498439414828431,0.45137460746017155,0.5227761661305147,F:\BUET plasma\PCMMD_LOCAL\set1\non_plasma\IMG_0348_p_7.jpg,0,non_plasma
0.27734375,0.68084716796875,0.407350963693411,0.3417091881736846,0.49843614366319444,0.009384639725089074,0.22514340107228484,0.5523794136795344,0.4304129806219363,0.5218991747089461,F:\BUET plasma\PCMMD_LOCAL\set1\non_plasma\IMG_0348_p_8.jpg,0,non_plasma
0.32135009765625,0.666015625,0.4824963343108504,0.3937273792464507,0.5264386744281047,0.014263815745711327,0.2535591086202271,0.5111490885416666,0.3980112113204657,0.5115236768535539,F:\BUET plasma\PCMMD_LOCAL\set1\non_plasma\IMG_0348_p_9.jpg,0,non_plasma
0.0,0.8553466796875,0.0,0.0,0.35556098090277777,0.031065490689128637,0.0,0.7341495289522059,0.5745059742647058,0.6246615540747549,F:\BUET plasma\PCMMD_LOCAL\set1\non_plasma\IMG_0349_p_10.jpg,0,non_plasma
0.0,0.82611083984375,0.0,0.0,0.32979943767871733,0.03613760840520263,0.0,0.7611514820772058,0.6196061676623774,0.6298440372242647,F:\BUET plasma\PCMMD_LOCAL\set1\non_plasma\IMG_0349_p_11.jpg,0,non_plasma
0.0,0.7867431640625,0.0,0.0,0.38809870302287586,0.021476671781390906,0.0,0.6796279009650735,0.5279237036611519,0.6281522863051471,F:\BUET plasma\PCMMD_LOCAL\set1\non_plasma\IMG_0349_p_12.jpg,0,non_plasma
0.0,0.92218017578125,0.0,0.0,0.41975273182189543,0.02243142369017005,0.0,0.6441243489583334,0.49367101332720587,0.6029464422487745,F:\BUET plasma\PCMMD_LOCAL\set1\non_plasma\IMG_0349_p_9.jpg,0,non_plasma
0.5391845703125,0.35076904296875,1.5371498172959805,0.9310413318085438,0.5296830320669934,0.029759190496057273,0.6253029461828639,0.4997479607077206,0.35019890280330884,0.5610040402879902,F:\BUET plasma\PCMMD_LOCAL\set1\non_plasma\IMG_0495_p_10.jpg,0,non_plasma
0.0,0.81805419921875,0.0,0.0,0.3238042694291259,0.010713756140321494,0.0,0.7371050666360294,0.5542411056219363,0.7372410194546568,F:\BUET plasma\PCMMD_LOCAL\set1\non_plasma\IMG_0495_p_5.jpg,0,non_plasma
0.1463623046875,0.755126953125,0.19382476559974135,0.17716224172046524,0.4413759318831699,0.042560104098170994,0.18762778012319056,0.5913930855545343,0.4031010646446078,0.681378054151348,F:\BUET plasma\PCMMD_LOCAL\set1\non_plasma\IMG_0495_p_6.jpg,0,non_plasma
0.44647216796875,0.47021484375,0.9495067497403946,0.6675763917276193,0.5300821142258987,0.04133018964529037,0.2472645929102293,0.4949295343137255,0.33922047334558825,0.5756036496629902,F:\BUET plasma\PCMMD_LOCAL\set1\non_plasma\IMG_0495_p_7.jpg,0,non_plasma
0.3480224609375,0.5087890625,0.684021113243762,0.5211844532972187,0.4936197118821487,0.03562598606571555,0.16632477528844636,0.5295443665747549,0.3959295534620098,0.5936669443167892,F:\BUET plasma\PCMMD_LOCAL\set1\non_plasma\IMG_0495_p_8.jpg,0,non_plasma
0.0206298828125,0.93817138671875,0.021989460672695336,0.021751179275007606,0.4623314153135212,0.022908929288387298,0.36916537618539547,0.5917822744332107,0.4143111883425245,0.6069122912837009,F:\BUET plasma\PCMMD_LOCAL\set1\non_plasma\IMG_0495_p_9.jpg,0,non_plasma
0.3873291015625,0.42669677734375,0.9077385209555142,0.6459185201104094,0.4666397792841095,0.05967693418264389,0.3433288248306271,0.572491574754902,0.3755438112745098,0.6520452761182598,F:\BUET plasma\PCMMD_LOCAL\set1\non_plasma\IMG_0499_p_2.jpg,0,non_plasma
6.103515625e-05,0.84698486328125,7.206168480219068e-05,7.205908848371171e-05,0.33902500127655233,0.04660798048973083,0.0,0.7546578201593137,0.470049929151348,0.7582172468596814,F:\BUET plasma\PCMMD_LOCAL\set1\non_plasma\IMG_0499_p_3.jpg,0,non_plasma
0.144287109375,0.8443603515625,0.1708833309238109,0.15775844764840516,0.5209913864634395,0.055841545220464466,0.10737939817179179,0.5391252106311275,0.33454541973039215,0.5633552102481618,F:\BUET plasma\PCMMD_LOCAL\set1\non_plasma\IMG_0514_p_3.jpg,0,non_plasma
0.038330078125,0.94476318359375,0.04057109632405194,0.03976969351680169,0.4544628267973857,0.10751002162694931,0.08857432910109185,0.6163356407015932,0.4174960267310049,0.6027798521752451,F:\BUET plasma\PCMMD_LOCAL\set1\non_plasma\IMG_0514_p_4.jpg,0,non_plasma
0.25286865234375,0.70513916015625,0.35860815372630483,0.30646075932212574,0.46492369408700984,0.05823861997947097,0.16387385613852457,0.5834817325367647,0.4115591011795343,0.6101880840226716,F:\BUET plasma\PCMMD_LOCAL\set1\non_plasma\IMG_0514_p_5.jpg,0,non_plasma
0.00250244140625,0.96246337890625,0.0026000380493373075,0.002596663797930835,0.4352711397058824,0.07174567031487823,0.0778323954097527,0.6223800359987746,0.4627841126685049,0.6090224322150736,F:\BUET plasma\PCMMD_LOCAL\set1\non_plasma\IMG_0514_p_6.jpg,0,non_plasma
0.047119140625,0.9140625,0.051549145299145296,0.05026445334625485,0.4720083997140523,0.07220379781350493,0.4295370072675476,0.5707612879136029,0.387338196997549,0.6258753159466912,F:\BUET plasma\PCMMD_LOCAL\set1\non_plasma\IMG_0527_p_0.jpg,0,non_plasma
0.0,0.95361328125,0.0,0.0,0.35187996259701804,0.01142006304487586,0.0,0.704580748314951,0.5056559244791666,0.7341234394148284,F:\BUET plasma\PCMMD_LOCAL\set1\non_plasma\IMG_0527_p_6.jpg,0,non_plasma
0.31201171875,0.64337158203125,0.4849634759510483,0.3953901766330337,0.5285509695414624,0.1308155174255371,0.07896366224298786,0.5159447763480393,0.32897685929840687,0.5694254557291667,F:\BUET plasma\PCMMD_LOCAL\set1\non_plasma\IMG_0530_p_0.jpg,0,non_plasma
0.401611328125,0.545166015625,0.7366771159874608,0.5519735839624392,0.4738469541462418,0.019606423642486333,0.6087530442267352,0.5637123257506127,0.31956069048713237,0.6951861213235294,F:\BUET plasma\PCMMD_LOCAL\set1\non_plasma\IMG_0536_p_10.jpg,0,non_plasma
0.53033447265625,0.4293212890625,1.2352857549047485,0.8043690744363482,0.4701779035181781,0.029317208394408226,0.3872435535117739,0.6085018382352941,0.2596775428921569,0.7212869083180147,F:\BUET plasma\PCMMD_LOCAL\set1\non_plasma\IMG_0536_p_100.jpg,0,non_plasma
0.517333984375,0.47808837890625,1.082088599514873,0.7333715242896792,0.5327817829605801,0.02310574196279049,0.6406476242345779,0.4943292356004902,0.22603400735294119,0.6812914081648285,F:\BUET plasma\PCMMD_LOCAL\set1\non_plasma\IMG_0536_p_11.jpg,0,non_plasma
0.3853759765625,0.61236572265625,0.629323233330011,0.48816473432559526,0.5180851556117239,0.03390285041555762,0.4040110061883889,0.511807310814951,0.25369873046875,0.6802384918811275,F:\BUET plasma\PCMMD_LOCAL\set1\non_plasma\IMG_0536_p_12.jpg,0,non_plasma
0.46051025390625,0.53948974609375,0.8536033487951126,0.6171315007782864,0.5403956195108253,0.023508991833776235,0.4613906722533031,0.4908471200980392,0.24376053155637256,0.6442054898131128,F:\BUET plasma\PCMMD_LOCAL\set1\non_plasma\IMG_0536_p_13.jpg,0,non_plasma
0.419189453125,0.53228759765625,0.7875243664717348,0.5808316270856952,0.4647927676930147,0.020452159628272057,0.6520775386849474,0.5676982804840687,0.3223752489276961,0.7155481675091911,F:\BUET plasma\PCMMD_LOCAL\set1\non_plasma\IMG_0536_p_14.jpg,0,non_plasma
0.0343017578125,0.7955322265625,0.04311799907933098,0.04221430392368094,0.325613383374183,0.07039471971616149,0.5860938773096303,0.7580427581188726,0.49872113396139706,0.7663959577971814,F:\BUET plasma\PCMMD_LOCAL\set1\non_plasma\IMG_0536_p_15.jpg,0,non_plasma
0.0052490234375,0.8443603515625,0.0062165678762469275,0.006197324727880611,0.3296093111723857,0.06348071509227157,0.1998603044724053,0.754278684129902,0.4920374253216912,0.76485595703125,F:\BUET plasma\PCMMD_LOCAL\set1\non_plasma\IMG_0536_p_16.jpg,0,non_plasma
0.04931640625,0.8756103515625,0.05632231981040011,0.05479336580493896,0.3818566814746732,0.08417982372269034,0.3302913806905941,0.6878130744485295,0.4103683172487745,0.7562485638786764,F:\BUET plasma\PCMMD_LOCAL\set1\non_plasma\IMG_0536_p_17.jpg,0,non_plasma
0.01446533203125,0.974365234375,0.014845903282385367,0.014736781541793685,0.3731771631178513,0.06973232325538993,0.21455326281636036,0.6999150294883578,0.444155943627451,0.7363975375306373,F:\BUET plasma\PCMMD_LOCAL\set1\non_plasma\IMG_0536_p_18.jpg,0,non_plasma
0.1165771484375,0.87652587890625,0.13299909477055916,0.12486818307870028,0.43708312589358667,0.05592215472087264,0.09196157301788484,0.6282413258272059,0.35982283049938724,0.7006864659926471,F:\BUET plasma\PCMMD_LOCAL\set1\non_plasma\IMG_0536_p_19.jpg,0,non_plasma
0.0648193359375,0.9058837890625,0.07155369896240399,0.06910965036627642,0.39485278160743464,0.07256170248612762,0.09540776538795644,0.6779529047947304,0.41894938151041666,0.718539368872549,F:\BUET plasma\PCMMD_LOCAL\set1\non_plasma\IMG_0536_p_20.jpg,0,non_plasma
0.092041015625,0.907958984375,0.10137133638074751,0.09655607279427365,0.4456635518790849,0.08708320778235792,0.08652125812606906,0.6119114296109068,0.33214470358455883,0.7189532111672794,F:\BUET plasma\PCMMD_LOCAL\set1\non_plasma\IMG_0536_p_21.jpg,0,non_plasma
0.08636474609375,0.91363525390625,0.0945286926314383,0.09032385292399857,0.45754402509701797,0.12472293899953366,0.0653031431986814,0.597744571461397,0.31980913947610295,0.709814213771446,F:\BUET plasma\PCMMD_LOCAL\set1\non_plasma\IMG_0536_p_22.jpg,0,non_plasma
0.33099365234375,0.66900634765625,0.4947541282729678,0.4019617306235109,0.525565033956291,0.07304038900136947,0.06551463594303558,0.5216361251531862,0.24864334405637256,0.6530254289215687,F:\BUET plasma\PCMMD_LOCAL\set1\non_plasma\IMG_0536_p_23.jpg,0,non_plasma
0.23504638671875,0.76495361328125,0.3072688103407005,0.26794008322771207,0.5264356426164216,0.03919757461175322,0.288685462762053,0.47522571040134803,0.3181894339767157,0.6272779277726716,F:\BUET plasma\PCMMD_LOCAL\set1\non_plasma\IMG_0536_p_24.jpg,0,non_plasma
0.07623291015625,0.8927001953125,0.08539587036783809,0.08194477792999588,0.32448921951593135,0.074883664842695,0.24588224917938953,0.7453177657781863,0.5111888212316177,0.770025754442402,F:\BUET plasma\PCMMD_LOCAL\set1\non_plasma\IMG_0536_p_25.jpg,0,non_plasma
0.0062255859375,0.93475341796875,0.006660137120470127,0.0066380563934636694,0.33847313176572713,0.04692964303120971,0.20807967319966453,0.7341258329503676,0.46054855047487747,0.7899062212775735,F:\BUET plasma\PCMMD_LOCAL\set1\non_plasma\IMG_0536_p_26.jpg,0,non_plasma
0.008056640625,0.9354248046875,0.008612814824481273,0.008575936136466678,0.3435116836448121,0.05268267379701137,0.5633523792263904,0.7407023111979166,0.46824113434436276,0.7605215035232843,F:\BUET plasma\PCMMD_LOCAL\set1\non_plasma\IMG_0536_p_27.jpg,0,non_plasma
0.00823974609375,0.93865966796875,0.008778204044476233,0.008739899610893378,0.3374985638786765,0.08631702583655715,0.3636681255667958,0.7554979511335784,0.44487783394607844,0.7871285232843137,F:\BUET plasma\PCMMD_LOCAL\set1\non_plasma\IMG_0536_p_28.jpg,0,non_plasma
0.0048828125,0.984619140625,0.004959087527894868,0.004946831754940404,0.342312522339665,0.06407375644147396,0.3332077260555652,0.7378233666513481,0.4525124942555147,0.7827265720741422,F:\BUET plasma\PCMMD_LOCAL\set1\non_plasma\IMG_0536_p_29.jpg,0,non_plasma
0.00018310546875,0.8792724609375,0.00020824656393169514,0.0002082248836258477,0.30560079337724666,0.11099158364161849,0.0,0.7626467237285539,0.5224104339001225,0.7981404622395833,F:\BUET plasma\PCMMD_LOCAL\set1\non_plasma\IMG_0536_p_3.jpg,0,non_plasma
0.00439453125,0.9139404296875,0.004808334446373714,0.004796811329536352,0.34125960605596406,0.12932844477519392,0.4591584488214289,0.7451633827359069,0.4320020488664216,0.7990557502297794,F:\BUET plasma\PCMMD_LOCAL\set1\non_plasma\IMG_0536_p_30.jpg,0,non_plasma
0.16650390625,0.7696533203125,0.21633624107850913,0.19584325936583932,0.4151144588694853,0.07059796523675323,0.32694269074263854,0.6589408126531863,0.3859760359221814,0.7097397748161764,F:\BUET plasma\PCMMD_LOCAL\set1\non_plasma\IMG_0536_p_31.jpg,0,non_plasma
0.28375244140625,0.60736083984375,0.4671892272133454,0.3833484800812657,0.40765572342218137,0.025662813927978277,0.38293385586995815,0.6235722560508579,0.4107012580422794,0.7427593156403186,F:\BUET plasma\PCMMD_LOCAL\set1\non_plasma\IMG_0536_p_32.jpg,0,non_plasma
0.31146240234375,0.644775390625,0.48305566073457024,0.3941045949764643,0.43132252412683825,0.024110326707363128,0.358537284737542,0.6082318474264706,0.3660067689185049,0.7317938112745098,F:\BUET plasma\PCMMD_LOCAL\set1\non_plasma\IMG_0536_p_33.jpg,0,non_plasma
0.01837158203125,0.8802490234375,0.020870891693246428,0.020656078388703713,0.4206619561887255,0.1426902979463339,0.0772963678442382,0.6156443876378677,0.36431621476715687,0.758053529028799,F:\BUET plasma\PCMMD_LOCAL\set1\non_plasma\IMG_0536_p_34.jpg,0,non_plasma
0.39068603515625,0.4158935546875,0.939389492221896,0.6623732288174777,0.4358580346200981,0.03125560217723251,0.3049808070898438,0.5878307866115197,0.36688974417892156,0.7377053653492647,F:\BUET plasma\PCMMD_LOCAL\set1\non_plasma\IMG_0536_p_35.jpg,0,non_plasma
0.33721923828125,0.5821533203125,0.5792618997693437,0.4569575858446456,0.4479345383986928,0.026801704868674277,0.19264582266791197,0.588894473805147,0.3518315333946078,0.7154703776041667,F:\BUET plasma\PCMMD_LOCAL\set1\non_plasma\IMG_0536_p_36.jpg,0,non_plasma
0.2542724609375,0.6732177734375,0.37769718948322756,0.32041340205996804,0.4364181219362745,0.028257529582828282,0.12176629115188214,0.601562739353554,0.37100279564950983,0.7181800991881128,F:\BUET plasma\PCMMD_LOCAL\set1\non_plasma\IMG_0536_p_37.jpg,0,non_plasma
0.0001220703125,0.96197509765625,0.00012689550155446988,0.00012688745100135793,0.33213520922691997,0.05725853398069739,0.0,0.7454687978707107,0.5124387254901961,0.7456868489583334,F:\BUET plasma\PCMMD_LOCAL\set1\non_plasma\IMG_0536_p_38.jpg,0,non_plasma
0.111083984375,0.7686767578125,0.14451326028267428,0.13497944643569837,0.3237829669628268,0.1188979601226747,0.14303835523946062,0.7501996208639706,0.500348020067402,0.778103458180147,F:\BUET plasma\PCMMD_LOCAL\set1\non_plasma\IMG_0536_p_39.jpg,0,non_plasma
0.0157470703125,0.94927978515625,0.01658843952935125,0.016452354265585056,0.3925356796364379,0.10627897405251861,0.13264750781793286,0.6754540536917892,0.40637278837316176,0.7405661190257353,F:\BUET plasma\PCMMD_LOCAL\set1\non_plasma\IMG_0536_p_4.jpg,0,non_plasma
0.02783203125,0.921630859375,0.030198675496688743,0.02975167247262221,0.33562681908700975,0.06699442838132381,0.462434935168427,0.7477826286764706,0.47875378178615197,0.766583132276348,F:\BUET plasma\PCMMD_LOCAL\set1\non_plasma\IMG_0536_p_40.jpg,0,non_plasma
0.0050048828125,0.89556884765625,0.005588495876780481,0.005572938169572906,0.3640463835273693,0.07183062699064613,0.24200543052497497,0.7096126780790442,0.45043562346813726,0.7478125478707108,F:\BUET plasma\PCMMD_LOCAL\set1\non_plasma\IMG_0536_p_41.jpg,0,non_plasma
0.17279052734375,0.78515625,0.22007151741293532,0.1989094778573063,0.45120897480085786,0.07663229086622596,0.09818379976805192,0.5818273207720588,0.3283361098345588,0.7362096449908089,F:\BUET plasma\PCMMD_LOCAL\set1\non_plasma\IMG_0536_p_42.jpg,0,non_plasma
0.2598876953125,0.65106201171875,0.39917502578044434,0.33588279563532003,0.4137307559742647,0.04343211665377021,0.49253345824738887,0.646536075367647,0.37646077473958334,0.7358108819699755,F:\BUET plasma\PCMMD_LOCAL\set1\non_plasma\IMG_0536_p_43.jpg,0,non_plasma
0.08154296875,0.8856201171875,0.09207443142660235,0.0880790356469537,0.3792583390778186,0.07280383299291134,0.08621822799883457,0.6961478439031863,0.41669084137561274,0.7493862974877451,F:\BUET plasma\PCMMD_LOCAL\set1\non_plasma\IMG_0536_p_44.jpg,0,non_plasma
0.2347412109375,0.68487548828125,0.342750200516888,0.2947198991364222,0.39375319138071896,0.05527576332911849,0.6150486095279413,0.6354410807291667,0.4627008176317402,0.7205985274969363,F:\BUET plasma\PCMMD_LOCAL\set1\non_plasma\IMG_0536_p_45.jpg,0,non_plasma
0.088623046875,0.89276123046875,0.09926847610583169,0.09464493685732325,0.382733034620098,0.07119056355580687,0.08810779903563666,0.6754641065410539,0.42690836588541664,0.7494284237132353,F:\BUET plasma\PCMMD_LOCAL\set1\non_plasma\IMG_0536_p_46.jpg,0,non_plasma
0.02490234375,0.85076904296875,0.029270392424133724,0.02885019436850358,0.3456822214562908,0.1356831610761583,0.2882055724849662,0.710119389552696,0.4851572074142157,0.7676767386642157,F:\BUET plasma\PCMMD_LOCAL\set1\non_plasma\IMG_0536_p_47.jpg,0,non_plasma
0.02484130859375,0.81402587890625,0.030516607932818476,0.030060237601642083,0.3378259995404411,0.055471888288855555,0.362370043816901,0.7351660634957108,0.48570508769914217,0.7656508501838235,F:\BUET plasma\PCMMD_LOCAL\set1\non_plasma\IMG_0536_p_48.jpg,0,non_plasma
0.067138671875,0.9053955078125,0.07415397060806256,0.07153334764380798,0.35878427542892155,0.08685445189476013,0.23383809270156838,0.7157389322916666,0.4588986864276961,0.7490095549938726,F:\BUET plasma\PCMMD_LOCAL\set1\non_plasma\IMG_0536_p_49.jpg,0,non_plasma
0.07135009765625,0.86248779296875,0.08272592173236147,0.07948186279778065,0.3437189638225082,0.06473266468942165,0.6369000885724413,0.7447026271446079,0.48718453201593137,0.7369559493719363,F:\BUET plasma\PCMMD_LOCAL\set1\non_plasma\IMG_0536_p_5.jpg,0,non_plasma
0.00616455078125,0.96533203125,0.006385938290338898,0.006365634579401567,0.4133009567759396,0.10688723423704505,0.2399975909939745,0.6234001608455882,0.37141831341911763,0.7652786554074755,F:\BUET plasma\PCMMD_LOCAL\set1\non_plasma\IMG_0536_p_50.jpg,0,non_plasma
0.0,0.88824462890625,0.0,0.0,0.3621586020475899,0.06522489246353506,0.0,0.6939532111672794,0.4651532341452206,0.7544177485447304,F:\BUET plasma\PCMMD_LOCAL\set1\non_plasma\IMG_0536_p_51.jpg,0,non_plasma
0.3277587890625,0.452880859375,0.7237196765498652,0.5444845584114623,0.4129155177696079,0.07954560321569443,0.4231485859204481,0.6219738530177696,0.4034426221660539,0.7358369715073529,F:\BUET plasma\PCMMD_LOCAL\set1\non_plasma\IMG_0536_p_52.jpg,0,non_plasma
0.0128173828125,0.94390869140625,0.013579049466537343,0.013487680381951453,0.349139284620098,0.06846295736730099,0.5600816456868944,0.7207383099724265,0.47223044002757353,0.7596133961397059,F:\BUET plasma\PCMMD_LOCAL\set1\non_plasma\IMG_0536_p_53.jpg,0,non_plasma
0.09625244140625,0.83184814453125,0.1157091496074547,0.10949021136086896,0.34120543236825984,0.10831247006356716,0.10841258262155656,0.7304876589307598,0.48325554342830884,0.762640500536152,F:\BUET plasma\PCMMD_LOCAL\set1\non_plasma\IMG_0536_p_54.jpg,0,non_plasma
0.08892822265625,0.79815673828125,0.11141699166475491,0.10563577027007891,0.3539418338950163,0.08367987035214901,0.4723809924965475,0.7363305185355392,0.5232204063265932,0.6786235734528187,F:\BUET plasma\PCMMD_LOCAL\set1\non_plasma\IMG_0536_p_55.jpg,0,non_plasma
0.2188720703125,0.68548583984375,0.31929480901077373,0.2770973582456984,0.41322595932904416,0.066357353951782,0.05631652225542901,0.6416338752297794,0.4047964058670343,0.713891840916054,F:\BUET plasma\PCMMD_LOCAL\set1\non_plasma\IMG_0536_p_56.jpg,0,non_plasma
0.26287841796875,0.703125,0.37387152777777777,0.3176326870834009,0.4508406894658905,0.059684354528784754,0.0681248552106435,0.5961387484681373,0.34736160577512254,0.7039775773590686,F:\BUET plasma\PCMMD_LOCAL\set1\non_plasma\IMG_0536_p_57.jpg,0,non_plasma
0.2889404296875,0.66693115234375,0.43323876635856134,0.3599367548956885,0.42669645820567803,0.020129204537719488,0.3435091043276223,0.6073316387101716,0.4150309244791667,0.6975480621936274,F:\BUET plasma\PCMMD_LOCAL\set1\non_plasma\IMG_0536_p_58.jpg,0,non_plasma
0.1552734375,0.73736572265625,0.21057859448721133,0.1910984225804934,0.3552956175959967,0.02991139733418822,0.47002493635281356,0.6788387522977941,0.5420970243566177,0.713177370557598,F:\BUET plasma\PCMMD_LOCAL\set1\non_plasma\IMG_0536_p_59.jpg,0,non_plasma
0.2349853515625,0.7650146484375,0.30716451252592947,0.26786029705461356,0.42887688929738566,0.025441536005586386,0.6513951633773388,0.6128698012408088,0.4043169806985294,0.6961825501685049,F:\BUET plasma\PCMMD_LOCAL\set1\non_plasma\IMG_0536_p_6.jpg,0,non_plasma
0.0,0.917724609375,0.0,0.0,0.3769128338184232,0.10189157256111503,0.0,0.6745062136182598,0.4383722043504902,0.7563830805759804,F:\BUET plasma\PCMMD_LOCAL\set1\non_plasma\IMG_0536_p_60.jpg,0,non_plasma
0.01519775390625,0.75860595703125,0.020033791938209027,0.0198357560986002,0.36549223856209156,0.04352249298989773,0.27989591660443586,0.7062054802389706,0.4311114142922794,0.7662063897824755,F:\BUET plasma\PCMMD_LOCAL\set1\non_plasma\IMG_0536_p_61.jpg,0,non_plasma
0.23822021484375,0.4736328125,0.5029639175257732,0.40743910351378543,0.34586660347732845,0.019172724187374115,0.60128721303957,0.6896297679227941,0.5241986443014706,0.74857177734375,F:\BUET plasma\PCMMD_LOCAL\set1\non_plasma\IMG_0536_p_62.jpg,0,non_plasma
0.0760498046875,0.731201171875,0.10400667779632722,0.09894599656516734,0.312289528441585,0.05743903901800513,0.13697506733628223,0.7568072150735294,0.5545493929993872,0.7517748066023284,F:\BUET plasma\PCMMD_LOCAL\set1\non_plasma\IMG_0536_p_63.jpg,0,non_plasma
0.0018310546875,0.9273681640625,0.001974463604054232,0.0019725169128185153,0.3488166360294118,0.0566478657387197,0.4192316271847829,0.7191911285998774,0.47941487630208335,0.754944087009804,F:\BUET plasma\PCMMD_LOCAL\set1\non_plasma\IMG_0536_p_64.jpg,0,non_plasma
0.3900146484375,0.439453125,0.8875,0.6352532021410426,0.4268558676725899,0.04202104711160064,0.45511770295230813,0.6037185968137255,0.3831751206341912,0.7325386795343137,F:\BUET plasma\PCMMD_LOCAL\set1\non_plasma\IMG_0536_p_65.jpg,0,non_plasma
0.001953125,0.9451904296875,0.002066382539067545,0.002064250507225709,0.36434613396139703,0.05549969482421875,0.33688255755920055,0.6971629423253677,0.4489825080422794,0.7608161477481618,F:\BUET plasma\PCMMD_LOCAL\set1\non_plasma\IMG_0536_p_66.jpg,0,non_plasma
0.0721435546875,0.74462890625,0.09688524590163934,0.09247456862141432,0.3172264348447712,0.060614339496940374,0.33178274498608906,0.7523590686274509,0.5351292030484068,0.7608324237898284,F:\BUET plasma\PCMMD_LOCAL\set1\non_plasma\IMG_0536_p_67.jpg,0,non_plasma
0.06622314453125,0.7896728515625,0.0838614932756222,0.08053012112272007,0.32216142641952605,0.08536789165437221,0.10523353623496699,0.7539881089154412,0.5151805204503677,0.7643470913756127,F:\BUET plasma\PCMMD_LOCAL\set1\non_plasma\IMG_0536_p_68.jpg,0,non_plasma
0.023193359375,0.93243408203125,0.02487399358512797,0.024569671945800113,0.3694893631280637,0.06683721655234695,0.27503656481175853,0.7099822399662991,0.44592428768382353,0.7356253829656862,F:\BUET plasma\PCMMD_LOCAL\set1\non_plasma\IMG_0536_p_69.jpg,0,non_plasma
0.34075927734375,0.50946044921875,0.6688630645740985,0.5121425949231148,0.4119687148948121,0.07086775785312056,0.42992787845122904,0.6430264342064951,0.3964008406096814,0.7246665804993873,F:\BUET plasma\PCMMD_LOCAL\set1\non_plasma\IMG_0536_p_7.jpg,0,non_plasma
0.08642578125,0.83428955078125,0.10359206964664569,0.09857037744050848,0.3718004014756945,0.07740882778167725,0.22535477897492304,0.6888808306525736,0.4829642501531863,0.7127537147671569,F:\BUET plasma\PCMMD_LOCAL\set1\non_plasma\IMG_0536_p_70.jpg,0,non_plasma
0.00384521484375,0.833740234375,0.004612005856515373,0.004601403144852135,0.3130013659109476,0.12219320297241211,0.1973630228685079,0.7359004001991422,0.5200298234528187,0.8050656786151961,F:\BUET plasma\PCMMD_LOCAL\set1\non_plasma\IMG_0536_p_71.jpg,0,non_plasma
0.0001220703125,0.87847900390625,0.0001389564371569513,0.00013894678360550932,0.3340184429891748,0.12148451846837997,0.0,0.7182215073529412,0.48996031518075983,0.7897628484987745,F:\BUET plasma\PCMMD_LOCAL\set1\non_plasma\IMG_0536_p_72.jpg,0,non_plasma
0.005859375,0.86175537109375,0.006799348395778738,0.0067763370755750795,0.3190516652624592,0.047790573801845315,0.11555374338781707,0.7532341452205882,0.5224879844515932,0.7671228745404411,F:\BUET plasma\PCMMD_LOCAL\set1\non_plasma\IMG_0536_p_73.jpg,0,non_plasma
0.3355712890625,0.61279296875,0.547609561752988,0.4367115222646459,0.42427994472528596,0.016898821577429772,0.7224684165874523,0.5875019148284314,0.40895541321997547,0.7307028377757353,F:\BUET plasma\PCMMD_LOCAL\set1\non_plasma\IMG_0536_p_74.jpg,0,non_plasma
0.0074462890625,0.835205078125,0.008915521777258111,0.008876013165925581,0.30913843890420745,0.06166896718740463,0.33909280042815576,0.7577914368872549,0.5377467735140932,0.7770464728860295,F:\BUET plasma\PCMMD_LOCAL\set1\non_plasma\IMG_0536_p_75.jpg,0,non_plasma
0.3170166015625,0.65118408203125,0.4868310057174993,0.39664701321699397,0.43216289445465683,0.014871483977884055,0.5062449097332964,0.5994808421415441,0.4009521484375,0.7030783260569853,F:\BUET plasma\PCMMD_LOCAL\set1\non_plasma\IMG_0536_p_76.jpg,0,non_plasma
0.34259033203125,0.5103759765625,0.6712508969146137,0.5135723861067896,0.41506802428002454,0.01593130761012435,0.7656886705284104,0.6020807004442402,0.41226016773897056,0.7404550589767157,F:\BUET plasma\PCMMD_LOCAL\set1\non_plasma\IMG_0536_p_77.jpg,0,non_plasma
0.33447265625,0.5174560546875,0.6463788629393725,0.49857824766451453,0.4387794245302288,0.07556865957006811,0.1901361197042855,0.5784969554227941,0.34619332107843137,0.7589714499080882,F:\BUET plasma\PCMMD_LOCAL\set1\non_plasma\IMG_0536_p_78.jpg,0,non_plasma
0.400390625,0.56048583984375,0.7143634977676141,0.5390418734011068,0.48504247727736927,0.0738901425562799,0.5091738746262053,0.5297262752757353,0.25774763518688726,0.7573986577052696,F:\BUET plasma\PCMMD_LOCAL\set1\non_plasma\IMG_0536_p_79.jpg,0,non_plasma
0.00762939453125,0.7913818359375,0.009640598488354158,0.009594424445158057,0.3456715303308824,0.05517283797264099,0.1339033729588433,0.7445374731924019,0.45531508501838236,0.7631328507965687,F:\BUET plasma\PCMMD_LOCAL\set1\non_plasma\IMG_0536_p_8.jpg,0,non_plasma
0.04779052734375,0.75054931640625,0.06367406684557209,0.061729015838742435,0.31836743323631533,0.07292419910058379,0.33982844976121757,0.7486529181985294,0.5094769646139706,0.786767817478554,F:\BUET plasma\PCMMD_LOCAL\set1\non_plasma\IMG_0536_p_80.jpg,0,non_plasma
0.0159912109375,0.8255615234375,0.01937010202572823,0.019184889501870733,0.35316728579452605,0.10790244477987289,0.5750865473964184,0.6781101600796569,0.45445724188112746,0.8079307406556373,F:\BUET plasma\PCMMD_LOCAL\set1\non_plasma\IMG_0536_p_81.jpg,0,non_plasma
0.29833984375,0.50433349609375,0.5915527048287547,0.4647100836407805,0.3935177472681781,0.019740140661597252,0.7055563574656644,0.6202902401194853,0.4536412856158088,0.7455152324601716,F:\BUET plasma\PCMMD_LOCAL\set1\non_plasma\IMG_0536_p_82.jpg,0,non_plasma
0.28411865234375,0.46356201171875,0.6129032258064516,0.4780358009429998,0.3776706271701389,0.01332654669508338,0.818607420421849,0.636291264552696,0.48760052849264707,0.7430963254442402,F:\BUET plasma\PCMMD_LOCAL\set1\non_plasma\IMG_0536_p_83.jpg,0,non_plasma
0.2186279296875,0.6671142578125,0.32772186642268986,0.2834645911843336,0.36409537122140523,0.06878257014974952,0.3606740234704285,0.6728094362745098,0.4705336626838235,0.764370787377451,F:\BUET plasma\PCMMD_LOCAL\set1\non_plasma\IMG_0536_p_84.jpg,0,non_plasma
0.41522216796875,0.55908203125,0.7426855895196507,0.555427365596303,0.46446956061070255,0.03082579502090812,0.7293989896842353,0.5482677983302696,0.31984959022671566,0.7384739296109069,F:\BUET plasma\PCMMD_LOCAL\set1\non_plasma\IMG_0536_p_85.jpg,0,non_plasma
0.07000732421875,0.88226318359375,0.07934970598408855,0.076358735697812,0.36101736430249176,0.2349156112074852,0.46088394899412255,0.7011737898284314,0.42832414215686276,0.7874499751072304,F:\BUET plasma\PCMMD_LOCAL\set1\non_plasma\IMG_0536_p_86.jpg,0,non_plasma
0.20361328125,0.7042236328125,0.2891315652626105,0.2539687864464108,0.3793174594056372,0.07702803331241012,0.17973990106176907,0.7111364028033088,0.3601718079810049,0.7907394109987745,F:\BUET plasma\PCMMD_LOCAL\set1\non_plasma\IMG_0536_p_87.jpg,0,non_plasma
0.0399169921875,0.85211181640625,0.04684478189241458,0.04578067055669836,0.33421646816278594,0.08290464042127133,0.6269524902563377,0.7361000210631128,0.4473455690870098,0.8139050053615197,F:\BUET plasma\PCMMD_LOCAL\set1\non_plasma\IMG_0536_p_88.jpg,0,non_plasma
0.0059814453125,0.869873046875,0.0068762278978389,0.006852694462040501,0.3015012254901961,0.14667515276372434,0.3593413997973806,0.7493345971200981,0.5152018229166667,0.830959903492647,F:\BUET plasma\PCMMD_LOCAL\set1\non_plasma\IMG_0536_p_89.jpg,0,non_plasma
0.38385009765625,0.476806640625,0.8050435227854583,0.5905847038406605,0.4334976894403595,0.01752210593223572,0.6442097231111272,0.6046293370863971,0.37822433172487746,0.7166532628676471,F:\BUET plasma\PCMMD_LOCAL\set1\non_plasma\IMG_0536_p_9.jpg,0,non_plasma
0.2196044921875,0.62298583984375,0.35250318408935044,0.3019570859607564,0.323904558568219,0.05878604033216834,0.16773728258568654,0.75401611328125,0.46157298368566174,0.8126972273284314,F:\BUET plasma\PCMMD_LOCAL\set1\non_plasma\IMG_0536_p_90.jpg,0,non_plasma
0.3719482421875,0.454833984375,0.8177670424047235,0.5976088480533698,0.3836375517003676,0.02913069074973464,0.3958857386067489,0.6635900160845588,0.3920139686734069,0.7934833601409313,F:\BUET plasma\PCMMD_LOCAL\set1\non_plasma\IMG_0536_p_91.jpg,0,non_plasma
0.51446533203125,0.2694091796875,1.9096057997281377,1.0680176079963741,0.48124601077410134,0.02956343661248684,0.28102265442692476,0.5613716873468138,0.34029373468137253,0.6545965456495098,F:\BUET plasma\PCMMD_LOCAL\set1\non_plasma\IMG_0536_p_92.jpg,0,non_plasma
0.0584716796875,0.78369140625,0.07461059190031152,0.07195835586210184,0.3290010340073529,0.12489544290304185,0.531468252922322,0.7343395756740196,0.4869336894914216,0.7917236328125,F:\BUET plasma\PCMMD_LOCAL\set1\non_plasma\IMG_0536_p_93.jpg,0,non_plasma
0.27984619140625,0.50732421875,0.5516121270452358,0.43929447238532787,0.37573776743770426,0.03434867491945624,0.2668205290445862,0.6725088082107843,0.4530072380514706,0.7472706514246323,F:\BUET plasma\PCMMD_LOCAL\set1\non_plasma\IMG_0536_p_94.jpg,0,non_plasma
0.0,0.852783203125,0.0,0.0,0.3216655656403187,0.0740817441008985,0.0,0.7570331648284314,0.4875809015012255,0.7903892367493872,F:\BUET plasma\PCMMD_LOCAL\set1\non_plasma\IMG_0536_p_95.jpg,0,non_plasma
0.0452880859375,0.60748291015625,0.07455038681804481,0.07190232927044245,0.3008130042381536,0.05475449119508267,0.17555297487060548,0.7776659198835785,0.5339444029564951,0.7859506644454657,F:\BUET plasma\PCMMD_LOCAL\set1\non_plasma\IMG_0536_p_96.jpg,0,non_plasma
0.043701171875,0.81591796875,0.053560742070616396,0.05217560999971349,0.2917086333231209,0.08769702061638236,0.12743053218749603,0.8020699295343138,0.5489202761182598,0.7738838943780637,F:\BUET plasma\PCMMD_LOCAL\set1\non_plasma\IMG_0536_p_97.jpg,0,non_plasma
0.00018310546875,0.91015625,0.0002011802575107296,0.00020116002347647023,0.30966374017054743,0.04182323837280273,0.0,0.7661578010110294,0.5372350356158089,0.7676159428615196,F:\BUET plasma\PCMMD_LOCAL\set1\non_plasma\IMG_0536_p_98.jpg,0,non_plasma
0.21929931640625,0.5985107421875,0.3664083214358556,0.3121856340774295,0.37427651399101314,0.04076833694800735,0.08275339668714689,0.6981959922640931,0.4338163488051471,0.7451581169577206,F:\BUET plasma\PCMMD_LOCAL\set1\non_plasma\IMG_0536_p_99.jpg,0,non_plasma
0.4908447265625,0.5010986328125,0.979537149817296,0.6828630546611435,0.615246502246732,0.07036844311654568,0.2614582184459772,0.5048904718137255,0.2698634727328431,0.3795065487132353,F:\BUET plasma\PCMMD_LOCAL\set1\non_plasma\IMG_0538_p_5.jpg,0,non_plasma
0.033203125,0.8900146484375,0.03730626800164587,0.03662722604959921,0.4743977864583333,0.03770019974932075,0.29046980075952633,0.5769533643535539,0.3990957222732843,0.6007575539981618,F:\BUET plasma\PCMMD_LOCAL\set1\non_plasma\IMG_0546_p_5.jpg,0,non_plasma
0.471923828125,0.438720703125,1.0756816917084029,0.7302896258543021,0.518478253931781,0.019429624881595373,0.5680418591569956,0.5201552447150736,0.3506924498314951,0.5737175436580882,F:\BUET plasma\PCMMD_LOCAL\set1\non_plasma\IMG_0546_p_6.jpg,0,non_plasma
0.294921875,0.59320068359375,0.49717049079123365,0.403576987256808,0.5094349979575163,0.04754148879274726,0.08815295587616469,0.5118420170802697,0.36558430989583335,0.5942686791513481,F:\BUET plasma\PCMMD_LOCAL\set1\non_plasma\IMG_0546_p_7.jpg,0,non_plasma
0.25360107421875,0.6087646484375,0.4165831161018648,0.34824771565973994,0.4882686440461602,0.0583977738879621,0.11131122235144798,0.5591782513786765,0.37773126340379903,0.5982845530790442,F:\BUET plasma\PCMMD_LOCAL\set1\non_plasma\IMG_0546_p_8.jpg,0,non_plasma
0.29931640625,0.58837890625,0.5087136929460581,0.41125742881266875,0.4683179668351716,0.04845051048696041,0.41638821980624985,0.5345437442555147,0.4444989372702206,0.61600341796875,F:\BUET plasma\PCMMD_LOCAL\set1\non_plasma\IMG_0563_p_2.jpg,0,non_plasma
0.2991943359375,0.51806640625,0.577521206409048,0.4558547583913991,0.4603673598345588,0.07250878899917007,0.06448332375207229,0.5368365119485294,0.39537305644914217,0.686688352098652,F:\BUET plasma\PCMMD_LOCAL\set1\non_plasma\IMG_0574_p_0.jpg,0,non_plasma
0.0,0.90869140625,0.0,0.0,0.35828338822508177,0.015110357865691185,0.0,0.7079343309589461,0.459219420189951,0.7579960841758578,F:\BUET plasma\PCMMD_LOCAL\set1\non_plasma\IMG_0633_p_10.jpg,0,non_plasma
0.0,0.80108642578125,0.0,0.0,0.3101477928410947,0.007971757754683494,0.0,0.7591947667738971,0.5252288219975491,0.7851330327052696,F:\BUET plasma\PCMMD_LOCAL\set1\non_plasma\IMG_0633_p_11.jpg,0,non_plasma
0.0115966796875,0.8902587890625,0.013026189496777732,0.012942078334897529,0.4192428289675245,0.02519218395650387,0.47094926391284186,0.6256062825520833,0.41637896369485294,0.7002862668504902,F:\BUET plasma\PCMMD_LOCAL\set1\non_plasma\IMG_0633_p_12.jpg,0,non_plasma
0.0101318359375,0.9305419921875,0.010888101797192707,0.010829253197829122,0.37437823925142977,0.05480215667188167,0.6679100614493977,0.6911125631893382,0.47738587622549017,0.7083668428308824,F:\BUET plasma\PCMMD_LOCAL\set1\non_plasma\IMG_0633_p_13.jpg,0,non_plasma
0.0003662109375,0.88861083984375,0.00041211621677313,0.0004120313202090993,0.35986878638174025,0.04327292726933956,0.34290273015491973,0.6922949697457108,0.5074403052236519,0.7206583658854167,F:\BUET plasma\PCMMD_LOCAL\set1\non_plasma\IMG_0633_p_14.jpg,0,non_plasma
0.0,0.74530029296875,0.0,0.0,0.2503267973856209,0.011903030183166265,0.0,0.8315994561887254,0.6123262293198529,0.8050939223345588,F:\BUET plasma\PCMMD_LOCAL\set1\non_plasma\IMG_0633_p_8.jpg,0,non_plasma
0.13677978515625,0.71502685546875,0.1912932138284251,0.1750394513647687,0.4155942031760621,0.024977553710341452,0.08388312536706834,0.6100408815870098,0.4077734853707108,0.7354030235140931,F:\BUET plasma\PCMMD_LOCAL\set1\non_plasma\IMG_0633_p_9.jpg,0,non_plasma
0.0,0.84002685546875,0.0,0.0,0.39944621566074345,0.023602610971778633,0.0,0.6587464575674019,0.4924780752144608,0.6504368202359069,F:\BUET plasma\PCMMD_LOCAL\set1\non_plasma\IMG_0649_p_10.jpg,0,non_plasma
0.0,0.713623046875,0.0,0.0,0.32417917687908493,0.027437231954187156,0.0,0.7871081782322303,0.616647518382353,0.6237067727481618,F:\BUET plasma\PCMMD_LOCAL\set1\non_plasma\IMG_0649_p_11.jpg,0,non_plasma
0.0,0.5977783203125,0.0,0.0,0.29339400148080064,0.02219182151556015,0.0,0.832351744408701,0.6376857383578431,0.649780512791054,F:\BUET plasma\PCMMD_LOCAL\set1\non_plasma\IMG_0649_p_12.jpg,0,non_plasma
0.0,0.78387451171875,0.0,0.0,0.31599256727430547,0.0222898956798017,0.0,0.8074809953278186,0.6046688304227941,0.6398724724264706,F:\BUET plasma\PCMMD_LOCAL\set1\non_plasma\IMG_0649_p_13.jpg,0,non_plasma
0.0,0.63922119140625,0.0,0.0,0.28787410960477944,0.03628166755661368,0.0,0.8321901807598039,0.6411999272365196,0.6629875631893383,F:\BUET plasma\PCMMD_LOCAL\set1\non_plasma\IMG_0649_p_14.jpg,0,non_plasma
0.0,0.7591552734375,0.0,0.0,0.37207230711294936,0.04279301434382796,0.0,0.6948170381433824,0.5239645565257353,0.6650014839920343,F:\BUET plasma\PCMMD_LOCAL\set1\non_plasma\IMG_0649_p_15.jpg,0,non_plasma
0.0,0.717041015625,0.0,0.0,0.32140746272467313,0.050537167012691495,0.0,0.7557870902267156,0.6035836014093138,0.676406920189951,F:\BUET plasma\PCMMD_LOCAL\set1\non_plasma\IMG_0649_p_16.jpg,0,non_plasma
0.0001220703125,0.6827392578125,0.00017879492222420883,0.00017877894031706308,0.3745434729881536,0.021418706163764,0.0,0.6857261508118873,0.5718850528492647,0.6187583773743872,F:\BUET plasma\PCMMD_LOCAL\set1\non_plasma\IMG_0649_p_17.jpg,0,non_plasma
0.0,0.88787841796875,0.0,0.0,0.4301741057751225,0.07053837943077088,0.0,0.6330035041360295,0.47536836511948527,0.6011058134191176,F:\BUET plasma\PCMMD_LOCAL\set1\non_plasma\IMG_0649_p_18.jpg,0,non_plasma
0.0,0.879150390625,0.0,0.0,0.3650396209916259,0.016686279237270354,0.0,0.7430340935202205,0.5584419998468138,0.6034050436580882,F:\BUET plasma\PCMMD_LOCAL\set1\non_plasma\IMG_0649_p_19.jpg,0,non_plasma
0.00067138671875,0.8612060546875,0.0007795889440113395,0.0007792852223922873,0.432003644556781,0.12625274592265487,0.26950604604736045,0.6372295304840686,0.469137513403799,0.5976220224417892,F:\BUET plasma\PCMMD_LOCAL\set1\non_plasma\IMG_0649_p_3.jpg,0,non_plasma
0.0,0.87213134765625,0.0,0.0,0.3953832688674428,0.09470319503545761,0.0,0.6903765510110295,0.5082045611213235,0.6152690812653187,F:\BUET plasma\PCMMD_LOCAL\set1\non_plasma\IMG_0649_p_4.jpg,0,non_plasma
0.0,0.76959228515625,0.0,0.0,0.314584290747549,0.03691971429809928,0.0,0.8045733283547795,0.6166578105851716,0.635015988817402,F:\BUET plasma\PCMMD_LOCAL\set1\non_plasma\IMG_0649_p_5.jpg,0,non_plasma
0.0,0.77850341796875,0.0,0.0,0.35624345766952614,0.017627133812755345,0.0,0.7483984853707107,0.5476536171109069,0.635217524509804,F:\BUET plasma\PCMMD_LOCAL\set1\non_plasma\IMG_0649_p_6.jpg,0,non_plasma
0.0,0.56427001953125,0.0,0.0,0.2999116785386029,0.018891140695661307,0.0,0.8063435872395833,0.629855286841299,0.6640660903033089,F:\BUET plasma\PCMMD_LOCAL\set1\non_plasma\IMG_0649_p_7.jpg,0,non_plasma
0.00238037109375,0.80401611328125,0.002960601229788203,0.0029562272808531364,0.2943483838848039,0.03402318952977657,0.3245194222955162,0.8042930453431373,0.6323890835631127,0.6802727194393382,F:\BUET plasma\PCMMD_LOCAL\set1\non_plasma\IMG_0649_p_8.jpg,0,non_plasma
0.0,0.74639892578125,0.0,0.0,0.29826755897671564,0.025906007405370475,0.0,0.7701217352175245,0.6572928634344363,0.6777827244178921,F:\BUET plasma\PCMMD_LOCAL\set1\non_plasma\IMG_0649_p_9.jpg,0,non_plasma
0.48492431640625,0.3870849609375,1.2527593818984548,0.8121558567668655,0.5504803027982026,0.038890164729207755,0.6855049271344171,0.4785651711856618,0.3507822074142157,0.5192117130055147,F:\BUET plasma\PCMMD_LOCAL\set1\non_plasma\IMG_0762_p_1.jpg,0,non_plasma
0.13720703125,0.7679443359375,0.17866793832459069,0.16438493500200285,0.4351589626736111,0.013688862767070532,0.2444069511462561,0.6298385320925245,0.4612742704503677,0.6034103094362745,F:\BUET plasma\PCMMD_LOCAL\set1\non_plasma\IMG_0863_p_0.jpg,0,non_plasma
0.07379150390625,0.76409912109375,0.09657320872274143,0.09219005246808122,0.4040928659875408,0.01454266905784607,0.0937593450679067,0.6744935278799019,0.508486998314951,0.6047408758425246,F:\BUET plasma\PCMMD_LOCAL\set1\non_plasma\IMG_0863_p_1.jpg,0,non_plasma
0.004150390625,0.96685791015625,0.0042926582917745095,0.004283471116389003,0.3741297902624592,0.030316166933625936,0.25154536936451316,0.7199041628370098,0.4776474896599265,0.6800589767156863,F:\BUET plasma\PCMMD_LOCAL\set1\non_plasma\IMG_0863_p_10.jpg,0,non_plasma
0.0,0.90673828125,0.0,0.0,0.3677060195823121,0.011011817242950202,0.0,0.7178873697916667,0.49170185163909313,0.6872927198223039,F:\BUET plasma\PCMMD_LOCAL\set1\non_plasma\IMG_0863_p_2.jpg,0,non_plasma
0.2734375,0.716796875,0.3814713896457766,0.3231491555366129,0.5065350700827206,0.01308902820572257,0.6259102482393418,0.513732670802696,0.3796973134957108,0.5869648054534313,F:\BUET plasma\PCMMD_LOCAL\set1\non_plasma\IMG_0863_p_8.jpg,0,non_plasma
0.0048828125,0.9698486328125,0.005034612964128383,0.005021981678296455,0.37225469452103765,0.049937728997319936,0.7706654711560653,0.7283854166666667,0.5199934417126225,0.6348570580575981,F:\BUET plasma\PCMMD_LOCAL\set1\non_plasma\IMG_0863_p_9.jpg,0,non_plasma
0.006591796875,0.6934814453125,0.009505368773103326,0.009460477006344179,0.27658667470894605,0.06333620905503631,0.23747245779706747,0.7873800838694853,0.5486770929074755,0.834182799096201,F:\BUET plasma\PCMMD_LOCAL\set1\non_plasma\IMG_0952_p_10.jpg,0,non_plasma
0.13958740234375,0.6907958984375,0.20206750309241917,0.18404299351487755,0.32975084890727124,0.04938954830169678,0.13655577394391888,0.6872915230545343,0.48465600107230394,0.838799929151348,F:\BUET plasma\PCMMD_LOCAL\set1\non_plasma\IMG_0952_p_11.jpg,0,non_plasma
0.17181396484375,0.62689208984375,0.27407263168143314,0.2422185662638797,0.36165141186683003,0.13606645905599,0.03323806129262627,0.641555845971201,0.4385565065870098,0.834933411841299,F:\BUET plasma\PCMMD_LOCAL\set1\non_plasma\IMG_0952_p_12.jpg,0,non_plasma
0.00079345703125,0.66839599609375,0.0011871062003470003,0.0011864021469172581,0.24609813814848858,0.06891733537614346,0.7853981633974483,0.8247036803002451,0.5707725375306373,0.866229367723652,F:\BUET plasma\PCMMD_LOCAL\set1\non_plasma\IMG_0952_p_13.jpg,0,non_plasma
0.353515625,0.5421142578125,0.6521053816707949,0.502050463421892,0.45841638901654413,0.06107736661657691,0.0965044250539384,0.5444912779564951,0.31267233455882354,0.767587220435049,F:\BUET plasma\PCMMD_LOCAL\set1\non_plasma\IMG_0952_p_14.jpg,0,non_plasma
0.0526123046875,0.74176025390625,0.07092898872706328,0.06852648555786552,0.32424021203533493,0.06426282840594649,0.281787578424875,0.7343522614123774,0.45362070121017156,0.8393064012714461,F:\BUET plasma\PCMMD_LOCAL\set1\non_plasma\IMG_0952_p_15.jpg,0,non_plasma
0.1700439453125,0.52392578125,0.3245573159366263,0.28107830243404736,0.31910799313214866,0.06288849487528204,0.08989097912811925,0.7339575674019608,0.46258712469362745,0.8461313285079657,F:\BUET plasma\PCMMD_LOCAL\set1\non_plasma\IMG_0952_p_16.jpg,0,non_plasma
0.028076171875,0.8438720703125,0.03327064950094026,0.03272915920970747,0.3609420477175245,0.059121094908565285,0.3532739820727153,0.6740413890165441,0.4647080365349265,0.7784244312959558,F:\BUET plasma\PCMMD_LOCAL\set1\non_plasma\IMG_0952_p_17.jpg,0,non_plasma
0.24847412109375,0.54254150390625,0.45798177522780964,0.37705313366459076,0.3814871195874182,0.04017988255247474,0.5044591632475237,0.626583802466299,0.46390165441176473,0.7650531843596814,F:\BUET plasma\PCMMD_LOCAL\set1\non_plasma\IMG_0952_p_18.jpg,0,non_plasma
0.281494140625,0.5799560546875,0.485371500736687,0.3956649098139089,0.3913033279718138,0.026914660807698967,0.3920082169070097,0.6034206016390932,0.43270000382965684,0.7899694106158088,F:\BUET plasma\PCMMD_LOCAL\set1\non_plasma\IMG_0952_p_19.jpg,0,non_plasma
0.04840087890625,0.765625,0.06321747448979592,0.06129966403220544,0.3299642724928513,0.05914279630407691,0.061744642860372324,0.6943531709558823,0.48821973613664216,0.8275342754289216,F:\BUET plasma\PCMMD_LOCAL\set1\non_plasma\IMG_0952_p_20.jpg,0,non_plasma
0.168212890625,0.676025390625,0.24882629107981222,0.22220414307227396,0.369296125025531,0.03955009027943015,0.10612046639664577,0.6520459941789216,0.4336480832567402,0.8064175474877451,F:\BUET plasma\PCMMD_LOCAL\set1\non_plasma\IMG_0952_p_21.jpg,0,non_plasma
0.08331298828125,0.8060302734375,0.10336210813266697,0.09836198025933784,0.38844305300245097,0.07106955429539084,0.1586163028562743,0.621780455346201,0.4152551987591912,0.7976351868872549,F:\BUET plasma\PCMMD_LOCAL\set1\non_plasma\IMG_0952_p_22.jpg,0,non_plasma
0.00750732421875,0.84039306640625,0.00893311061079236,0.008893446419592263,0.2958089990553513,0.06970457011088729,0.12754361149096258,0.7697830499387255,0.5320731368719362,0.8107168160232843,F:\BUET plasma\PCMMD_LOCAL\set1\non_plasma\IMG_0952_p_23.jpg,0,non_plasma
0.1160888671875,0.67913818359375,0.17093556214613104,0.15780305504523107,0.35182730481515523,0.03151885184273124,0.13916157381890248,0.7120722751991422,0.44763446882659313,0.7848113415287991,F:\BUET plasma\PCMMD_LOCAL\set1\non_plasma\IMG_0952_p_24.jpg,0,non_plasma
0.25958251953125,0.54168701171875,0.4792112676056338,0.3915090184263103,0.38760196461397056,0.024622025907039644,0.5885181203481369,0.6117479511335784,0.46205145143995097,0.7633947035845589,F:\BUET plasma\PCMMD_LOCAL\set1\non_plasma\IMG_0952_p_25.jpg,0,non_plasma
0.05419921875,0.7591552734375,0.0713941148094549,0.06896071145864786,0.33340960733251634,0.09385189184173942,0.21939917191404604,0.6998618929993873,0.48965753293504904,0.8102517520680147,F:\BUET plasma\PCMMD_LOCAL\set1\non_plasma\IMG_0952_p_26.jpg,0,non_plasma
0.07525634765625,0.7874755859375,0.09556657882498837,0.09127165303550372,0.36258856081495094,0.05051924937963486,0.18994025473452905,0.6730665019914216,0.4137350643382353,0.8254327512254902,F:\BUET plasma\PCMMD_LOCAL\set1\non_plasma\IMG_0952_p_3.jpg,0,non_plasma
0.0,0.6634521484375,0.0,0.0,0.2549323586856618,0.04814862137660384,0.0,0.8202543370863971,0.5707038430606618,0.8442447437959559,F:\BUET plasma\PCMMD_LOCAL\set1\non_plasma\IMG_0952_p_4.jpg,0,non_plasma
0.0965576171875,0.7156982421875,0.13491386662118368,0.12655675961420693,0.3597111321742239,0.036226212367415425,0.1953963368452615,0.6738329120710784,0.43203938802083336,0.8149943033854167,F:\BUET plasma\PCMMD_LOCAL\set1\non_plasma\IMG_0952_p_5.jpg,0,non_plasma
0.08062744140625,0.660400390625,0.12208872458410351,0.11519188114350276,0.3253107606975082,0.049868796348571776,0.11136035450588548,0.7033892463235294,0.48260450176164216,0.838073969822304,F:\BUET plasma\PCMMD_LOCAL\set1\non_plasma\IMG_0952_p_6.jpg,0,non_plasma
0.03387451171875,0.89239501953125,0.037959099924765746,0.03725638119741216,0.346469056372549,0.09326778197288513,0.4680549095887822,0.7010296989889706,0.4559699563419118,0.8035931755514706,F:\BUET plasma\PCMMD_LOCAL\set1\non_plasma\IMG_0952_p_7.jpg,0,non_plasma
0.0709228515625,0.81396484375,0.08713257348530294,0.08354356343019313,0.36252489276960786,0.06435893392190337,0.18740017233970227,0.6551937327665441,0.4260524375765931,0.8311791513480392,F:\BUET plasma\PCMMD_LOCAL\set1\non_plasma\IMG_0952_p_8.jpg,0,non_plasma
0.0091552734375,0.8104248046875,0.011296882060551287,0.011233548820820885,0.29161807789522054,0.05383889519795775,0.2643951835190553,0.7618968290441176,0.5530026903339461,0.8102462469362746,F:\BUET plasma\PCMMD_LOCAL\set1\non_plasma\IMG_0952_p_9.jpg,0,non_plasma
0.01025390625,0.75250244140625,0.013626409278935842,0.013534404617230914,0.3451879563674428,0.041937367644160985,0.2898060545900889,0.7624286726409314,0.5383956609987746,0.6636117972579657,F:\BUET plasma\PCMMD_LOCAL\set1\non_plasma\IMG_1231_p_10.jpg,0,non_plasma
6.103515625e-05,0.75030517578125,8.134710811030668e-05,8.134379961373094e-05,0.3177323484732435,0.03530400824174285,0.0,0.7788389916513481,0.5229470645680147,0.7450168983609069,F:\BUET plasma\PCMMD_LOCAL\set1\non_plasma\IMG_1231_p_11.jpg,0,non_plasma
0.01837158203125,0.81964111328125,0.02241417827090625,0.02216667218084145,0.37814167496425655,0.0357854408621788,0.4548634226619585,0.705166446461397,0.46065099379595587,0.6997575348498775,F:\BUET plasma\PCMMD_LOCAL\set1\non_plasma\IMG_1231_p_12.jpg,0,non_plasma
0.04791259765625,0.8770751953125,0.054627696590118305,0.053187810418832915,0.4315739251429739,0.03469115614518523,0.37263064731238293,0.6419792624080882,0.36907121246936275,0.6942277496936274,F:\BUET plasma\PCMMD_LOCAL\set1\non_plasma\IMG_1231_p_13.jpg,0,non_plasma
0.0,0.72808837890625,0.0,0.0,0.3414265950520833,0.04111927446350455,0.0,0.7461162492340686,0.5525926776960784,0.677011287913603,F:\BUET plasma\PCMMD_LOCAL\set1\non_plasma\IMG_1231_p_14.jpg,0,non_plasma
0.0274658203125,0.8509521484375,0.032276574379572515,0.031766629584025,0.36471154705371733,0.0528973774574697,0.10186347268822314,0.7169266046262255,0.5066446940104167,0.6822940602022058,F:\BUET plasma\PCMMD_LOCAL\set1\non_plasma\IMG_1231_p_15.jpg,0,non_plasma
0.0015869140625,0.86029052734375,0.001844625753813409,0.0018429265210390513,0.3928233028237337,0.07424317501485347,0.1347530238150429,0.6750595990349265,0.490115416283701,0.6563550762101715,F:\BUET plasma\PCMMD_LOCAL\set1\non_plasma\IMG_1231_p_16.jpg,0,non_plasma
0.23712158203125,0.5255126953125,0.45121951219512196,0.37240424584727627,0.3993871751174428,0.01389767226204276,0.7815641810194431,0.6452646292892157,0.5188452627144607,0.6377285826439951,F:\BUET plasma\PCMMD_LOCAL\set1\non_plasma\IMG_1231_p_17.jpg,0,non_plasma
0.0679931640625,0.8067626953125,0.0842790134664851,0.08091526239444631,0.4126594094669118,0.07937887281179429,0.3741256817203512,0.657934330958946,0.41302992876838235,0.6910575118719363,F:\BUET plasma\PCMMD_LOCAL\set1\non_plasma\IMG_1231_p_18.jpg,0,non_plasma
0.02093505859375,0.84423828125,0.02479757085020243,0.024495101232826392,0.4187513563368055,0.13536563616618513,0.28354444865120904,0.6535998774509804,0.4478072820925245,0.6423387714460784,F:\BUET plasma\PCMMD_LOCAL\set1\non_plasma\IMG_1231_p_19.jpg,0,non_plasma
0.05364990234375,0.88043212890625,0.060935875216637785,0.05915141974378849,0.4893085554534313,0.09801613998413086,0.20883011788740102,0.549807799096201,0.35646470013786763,0.6258018344056373,F:\BUET plasma\PCMMD_LOCAL\set1\non_plasma\IMG_1231_p_20.jpg,0,non_plasma
0.02264404296875,0.88232421875,0.025664084117321528,0.02534028974596167,0.39848297717524506,0.06985907530784607,0.10419964809136263,0.6668251187193628,0.478890931372549,0.6588350183823529,F:\BUET plasma\PCMMD_LOCAL\set1\non_plasma\IMG_1231_p_21.jpg,0,non_plasma
0.0279541015625,0.77264404296875,0.03617979303262501,0.035540674178317425,0.4107775320414624,0.06480425810813904,0.6042903766930642,0.6682665058210784,0.454052734375,0.6453481636795343,F:\BUET plasma\PCMMD_LOCAL\set1\non_plasma\IMG_1231_p_22.jpg,0,non_plasma
0.0072021484375,0.8394775390625,0.008579322378944307,0.008542729140541662,0.3852564593545751,0.07923257624730468,0.4321039883093167,0.6747850605085784,0.4750674977022059,0.6943780637254902,F:\BUET plasma\PCMMD_LOCAL\set1\non_plasma\IMG_1231_p_23.jpg,0,non_plasma
0.15087890625,0.4998779296875,0.3018315018315018,0.2637721205355912,0.3647385142207925,0.043234272345900535,0.06122304148499265,0.677822696461397,0.5384586109834559,0.6895031498927696,F:\BUET plasma\PCMMD_LOCAL\set1\non_plasma\IMG_1231_p_24.jpg,0,non_plasma
0.0,0.7735595703125,0.0,0.0,0.3554915683721406,0.04330954311788082,0.0,0.7041037166819853,0.5333321365655638,0.6960894416360294,F:\BUET plasma\PCMMD_LOCAL\set1\non_plasma\IMG_1231_p_25.jpg,0,non_plasma
0.0008544921875,0.79150390625,0.00107958050586058,0.001078998177901854,0.35134045968647876,0.03048036393150687,0.05989023245496899,0.7198282877604166,0.5169017118566176,0.7092486213235294,F:\BUET plasma\PCMMD_LOCAL\set1\non_plasma\IMG_1231_p_26.jpg,0,non_plasma
0.00067138671875,0.8519287109375,0.0007880785212781201,0.0007877681504539524,0.3781999974468955,0.059046610936522484,0.5390120952601716,0.6913193646599265,0.4620440314797794,0.7120366115196078,F:\BUET plasma\PCMMD_LOCAL\set1\non_plasma\IMG_1231_p_27.jpg,0,non_plasma
0.0,0.9317626953125,0.0,0.0,0.35011792151756527,0.030411913391202687,0.0,0.7233987247242647,0.5057894837622549,0.7204580269607843,F:\BUET plasma\PCMMD_LOCAL\set1\non_plasma\IMG_1231_p_28.jpg,0,non_plasma
0.149169921875,0.75787353515625,0.19682693082064912,0.1796738303417273,0.3987299102583741,0.12658074234426023,0.29324144640341504,0.6701530905330882,0.47907092524509803,0.6545862534466912,F:\BUET plasma\PCMMD_LOCAL\set1\non_plasma\IMG_1231_p_29.jpg,0,non_plasma
0.016845703125,0.81658935546875,0.020629344495104267,0.020419441434186076,0.4253056544883579,0.04115549197420478,0.3337095319053189,0.6039447859221814,0.4372029622395833,0.6829352883731618,F:\BUET plasma\PCMMD_LOCAL\set1\non_plasma\IMG_1231_p_30.jpg,0,non_plasma
0.0006103515625,0.77447509765625,0.0007880841673890772,0.0007877737921188187,0.37019210516237744,0.052476131439208984,0.4836870396227584,0.6743190391390932,0.48901774088541666,0.7260869044883579,F:\BUET plasma\PCMMD_LOCAL\set1\non_plasma\IMG_1231_p_31.jpg,0,non_plasma
0.0,0.81292724609375,0.0,0.0,0.30169382531658495,0.041201362546533345,0.0,0.7287468405330882,0.5864478017769608,0.779723881740196,F:\BUET plasma\PCMMD_LOCAL\set1\non_plasma\IMG_1850_p_1.jpg,0,non_plasma
0.0,0.849609375,0.0,0.0,0.3182357089971406,0.024716516669839622,0.0,0.7181269626991421,0.5454783720128676,0.7816875382965687,F:\BUET plasma\PCMMD_LOCAL\set1\non_plasma\IMG_1850_p_10.jpg,0,non_plasma
0.0,0.8199462890625,0.0,0.0,0.2956359464358661,0.02770646834373474,0.0,0.7423885569852942,0.5886752259497549,0.7820283777573529,F:\BUET plasma\PCMMD_LOCAL\set1\non_plasma\IMG_1850_p_11.jpg,0,non_plasma
0.0,0.836669921875,0.0,0.0,0.31050897735396243,0.027981809284538032,0.0,0.7310281192555147,0.5457146139705882,0.7917303347120098,F:\BUET plasma\PCMMD_LOCAL\set1\non_plasma\IMG_1850_p_12.jpg,0,non_plasma
0.0,0.92449951171875,0.0,0.0,0.3641800225949755,0.009202860649675132,0.0,0.6428282494638481,0.5182059493719363,0.7464257333792892,F:\BUET plasma\PCMMD_LOCAL\set1\non_plasma\IMG_1850_p_13.jpg,0,non_plasma
0.0,0.86944580078125,0.0,0.0,0.3036397697099673,0.04953221403062344,0.0,0.7214307598039216,0.5780467313878677,0.7896031996783088,F:\BUET plasma\PCMMD_LOCAL\set1\non_plasma\IMG_1850_p_14.jpg,0,non_plasma
0.0,0.8115234375,0.0,0.0,0.26823243783190354,0.031031346555799245,0.0,0.7645711263020833,0.6180465399050246,0.8126850202971814,F:\BUET plasma\PCMMD_LOCAL\set1\non_plasma\IMG_1850_p_15.jpg,0,non_plasma
0.0,0.82037353515625,0.0,0.0,0.2752486085580065,0.029743978917598723,0.0,0.7639437806372549,0.6014449774050246,0.808865416283701,F:\BUET plasma\PCMMD_LOCAL\set1\non_plasma\IMG_1850_p_2.jpg,0,non_plasma
0.0,0.96124267578125,0.0,0.0,0.3354792975132761,0.028694290544837714,0.0,0.7125521790747549,0.531426882276348,0.7495830461090687,F:\BUET plasma\PCMMD_LOCAL\set1\non_plasma\IMG_1850_p_3.jpg,0,non_plasma
0.0,0.811767578125,0.0,0.0,0.2846974890216504,0.035482343539595604,0.0,0.758194029564951,0.5905936446844363,0.7971198586856618,F:\BUET plasma\PCMMD_LOCAL\set1\non_plasma\IMG_1850_p_4.jpg,0,non_plasma
0.1038818359375,0.89569091796875,0.11597955706984668,0.10973254575357011,0.4943019492953431,0.04753806108236313,0.22381318886550278,0.5498731426164216,0.41647997089460786,0.5507410386029412,F:\BUET plasma\PCMMD_LOCAL\set1\non_plasma\IMG_1850_p_5.jpg,0,non_plasma
0.0,0.7138671875,0.0,0.0,0.24208322163500817,0.04135531520843506,0.0,0.789263796338848,0.6556044634650735,0.828882075291054,F:\BUET plasma\PCMMD_LOCAL\set1\non_plasma\IMG_1850_p_6.jpg,0,non_plasma
0.0,0.74407958984375,0.0,0.0,0.24979806538500826,0.04134656213223934,0.0,0.7822672526041666,0.64080810546875,0.8275304457720588,F:\BUET plasma\PCMMD_LOCAL\set1\non_plasma\IMG_1850_p_7.jpg,0,non_plasma
0.0,0.8419189453125,0.0,0.0,0.29035652509701804,0.02872000275552273,0.0,0.7572856828278186,0.5843637503829657,0.7872809914981618,F:\BUET plasma\PCMMD_LOCAL\set1\non_plasma\IMG_1850_p_8.jpg,0,non_plasma
0.0,0.82122802734375,0.0,0.0,0.2676213682087418,0.03647200714051724,0.0,0.7622199563419118,0.6161489449295343,0.8187669941023284,F:\BUET plasma\PCMMD_LOCAL\set1\non_plasma\IMG_1850_p_9.jpg,0,non_plasma
0.00177001953125,0.773681640625,0.0022877879457242033,0.002285174943453095,0.26851758769914214,0.030087609231472016,0.16844127877960027,0.7996280445772059,0.6060446346507353,0.7887745576746323,F:\BUET plasma\PCMMD_LOCAL\set1\non_plasma\IMG_1919_p_1.jpg,0,non_plasma
0.00341796875,0.7633056640625,0.004477850631696785,0.004467854887082845,0.34006411483864374,0.03517993646487594,0.4118296589056958,0.7113254921109069,0.5476478726256128,0.720834290747549,F:\BUET plasma\PCMMD_LOCAL\set1\non_plasma\IMG_1919_p_10.jpg,0,non_plasma
0.12896728515625,0.72845458984375,0.1770423125261835,0.16300477710196742,0.3649130827461192,0.014344668235629797,0.38454399844000287,0.662545955882353,0.5241680070465686,0.7185467888327206,F:\BUET plasma\PCMMD_LOCAL\set1\non_plasma\IMG_1919_p_2.jpg,0,non_plasma
0.255615234375,0.61724853515625,0.41412043903886087,0.34650773997076495,0.42238785488153596,0.014116429671645165,0.2110383735797784,0.5745536056219362,0.4517858168658088,0.7064970128676471,F:\BUET plasma\PCMMD_LOCAL\set1\non_plasma\IMG_1919_p_3.jpg,0,non_plasma
0.24920654296875,0.67169189453125,0.37101317582916854,0.31555001091267665,0.4345065646701388,0.01292403769493103,0.41718431318359384,0.5648516486672794,0.4392384248621323,0.6923902324601716,F:\BUET plasma\PCMMD_LOCAL\set1\non_plasma\IMG_1919_p_4.jpg,0,non_plasma
0.20111083984375,0.5953369140625,0.3378101291777732,0.2910340451922489,0.3926256765727124,0.024381206598132848,0.41709042070092384,0.6191975911458333,0.5036451152726715,0.6992802638633578,F:\BUET plasma\PCMMD_LOCAL\set1\non_plasma\IMG_1919_p_5.jpg,0,non_plasma
0.08331298828125,0.75592041015625,0.1102139685102947,0.1045527611712574,0.38057869306576797,0.030088112771511077,0.7705790576359195,0.6631570255055147,0.4873326918658088,0.7077742034313725,F:\BUET plasma\PCMMD_LOCAL\set1\non_plasma\IMG_1919_p_6.jpg,0,non_plasma
0.03143310546875,0.681640625,0.046113896848137534,0.04508224771499467,0.3098864187602124,0.0434618417583406,0.7617485083906114,0.7587770948223039,0.573379576439951,0.7381840724571078,F:\BUET plasma\PCMMD_LOCAL\set1\non_plasma\IMG_1919_p_7.jpg,0,non_plasma
0.0,0.58636474609375,0.0,0.0,0.26152774586397054,0.0329289977401495,0.0,0.8247673483455882,0.6223170860140932,0.7683323280484069,F:\BUET plasma\PCMMD_LOCAL\set1\non_plasma\IMG_1919_p_8.jpg,0,non_plasma
0.01458740234375,0.72265625,0.02018581081081081,0.019984778167281708,0.30861417483660136,0.04423889921605587,0.49836366173746816,0.7445123410692402,0.5713134765625,0.7583316578584559,F:\BUET plasma\PCMMD_LOCAL\set1\non_plasma\IMG_1919_p_9.jpg,0,non_plasma
0.5133056640625,0.46343994140625,1.1075991044382985,0.7455494344327566,0.6098575367647059,0.030284482177346944,0.5307435533146069,0.37462852328431373,0.23564261642156864,0.56015625,F:\BUET plasma\PCMMD_LOCAL\set1\non_plasma\IMG_1924_p_10.jpg,0,non_plasma
0.23919677734375,0.729736328125,0.32778521244563397,0.2835123003570639,0.48689443550857847,0.05551950156316161,0.392436534942178,0.5577160405177696,0.3432461607689951,0.6383544921875,F:\BUET plasma\PCMMD_LOCAL\set1\non_plasma\IMG_1924_p_11.jpg,0,non_plasma
0.11029052734375,0.837890625,0.13162878787878787,0.12365800009940425,0.4209269205729167,0.054913873728364704,0.30269541172376846,0.6458137063419118,0.4472069833792892,0.644198548560049,F:\BUET plasma\PCMMD_LOCAL\set1\non_plasma\IMG_1924_p_12.jpg,0,non_plasma
0.1597900390625,0.8402099609375,0.19017870114775534,0.17410346488092482,0.4599113913143382,0.06345069026947021,0.19100159685763476,0.5918595856311275,0.38612443512561273,0.6422818053002451,F:\BUET plasma\PCMMD_LOCAL\set1\non_plasma\IMG_1924_p_13.jpg,0,non_plasma
0.1014404296875,0.89825439453125,0.11293062444791738,0.10699673831826667,0.43877383961397054,0.06047654891014099,0.15993970502689991,0.6266309551164215,0.42511728324142156,0.6319302428002451,F:\BUET plasma\PCMMD_LOCAL\set1\non_plasma\IMG_1924_p_14.jpg,0,non_plasma
0.02734375,0.759765625,0.03598971722365039,0.03535721832823669,0.34463688470179743,0.018063071832060813,0.4134433715013095,0.7083010206035539,0.5449601715686274,0.7128281537224265,F:\BUET plasma\PCMMD_LOCAL\set1\non_plasma\IMG_1924_p_15.jpg,0,non_plasma
0.23968505859375,0.70965576171875,0.33774834437086093,0.29098786058628046,0.4386761035794525,0.026569356735795736,0.19634951025733033,0.5990129059436274,0.438028013939951,0.6469307693780637,F:\BUET plasma\PCMMD_LOCAL\set1\non_plasma\IMG_1924_p_16.jpg,0,non_plasma
0.2794189453125,0.6507568359375,0.4293753517163759,0.35723753185793095,0.4540055817248775,0.023722261369228365,0.16974602706658068,0.5763176413143383,0.41397968367034316,0.6476859298406863,F:\BUET plasma\PCMMD_LOCAL\set1\non_plasma\IMG_1924_p_17.jpg,0,non_plasma
0.39373779296875,0.54888916015625,0.7173357055487601,0.5407740814696115,0.4795490738613153,0.017500736858695746,0.5121832952840967,0.5453972311580882,0.3934457816329657,0.622509765625,F:\BUET plasma\PCMMD_LOCAL\set1\non_plasma\IMG_1924_p_18.jpg,0,non_plasma
0.09088134765625,0.87237548828125,0.10417686979640384,0.09910014317186511,0.39927467894709967,0.06035578009113669,0.32375014629186233,0.6541250191482844,0.4645227768841912,0.6835281671262254,F:\BUET plasma\PCMMD_LOCAL\set1\non_plasma\IMG_1924_p_19.jpg,0,non_plasma
0.061767578125,0.89300537109375,0.06916820449730025,0.06688096718360799,0.413443132786969,0.0247713752835989,0.1812927601049512,0.6297868317248775,0.44515907437193625,0.6847246955422794,F:\BUET plasma\PCMMD_LOCAL\set1\non_plasma\IMG_1924_p_20.jpg,0,non_plasma
0.01690673828125,0.81903076171875,0.02064237275504881,0.020432206280565537,0.34966402739481217,0.039171160366386175,0.358560426168331,0.6877793255974265,0.5445762484681372,0.71865234375,F:\BUET plasma\PCMMD_LOCAL\set1\non_plasma\IMG_1924_p_21.jpg,0,non_plasma
0.07000732421875,0.8651123046875,0.08092281642443912,0.0778151359455523,0.3907414056117239,0.014300716400146485,0.510027816616105,0.6512795840992647,0.4758367800245098,0.7006594190410539,F:\BUET plasma\PCMMD_LOCAL\set1\non_plasma\IMG_1924_p_22.jpg,0,non_plasma
0.0479736328125,0.810546875,0.05918674698795181,0.057501393837538724,0.36157529743668293,0.017767020225524902,0.19022356570822654,0.6921573414522059,0.5359171549479167,0.6871996112898284,F:\BUET plasma\PCMMD_LOCAL\set1\non_plasma\IMG_1924_p_23.jpg,0,non_plasma
0.18682861328125,0.71746826171875,0.2603998298596342,0.23142899591179078,0.3914778964971406,0.04802621557936072,0.19664645430947222,0.6347874061734069,0.4800381529564951,0.7107407513786764,F:\BUET plasma\PCMMD_LOCAL\set1\non_plasma\IMG_1924_p_24.jpg,0,non_plasma
0.04638671875,0.87652587890625,0.05292110577257851,0.05156830705205044,0.3865659626480801,0.06907357393205166,0.3097355756159043,0.6561729281556372,0.44997869753370096,0.7341504863664216,F:\BUET plasma\PCMMD_LOCAL\set1\non_plasma\IMG_1924_p_25.jpg,0,non_plasma
0.29132080078125,0.58892822265625,0.49466265934293707,0.40190053545632104,0.450533917994281,0.014645097836852073,0.8068952567028611,0.5518954407935049,0.4210281671262255,0.6754746380974265,F:\BUET plasma\PCMMD_LOCAL\set1\non_plasma\IMG_1924_p_26.jpg,0,non_plasma
0.0184326171875,0.96502685546875,0.019100626146353803,0.018920499263423884,0.41162252987132353,0.0036995167583227157,0.5193247805502331,0.6170146867340687,0.4235729741115196,0.7245447495404411,F:\BUET plasma\PCMMD_LOCAL\set1\non_plasma\IMG_1924_p_27.jpg,0,non_plasma
0.0023193359375,0.75482177734375,0.003072693458397348,0.003067982383844316,0.2906609030330882,0.02738952487707138,0.3942898040619194,0.792193723192402,0.5449206782322303,0.790902889476103,F:\BUET plasma\PCMMD_LOCAL\set1\non_plasma\IMG_1924_p_28.jpg,0,non_plasma
0.0001220703125,0.68487548828125,0.00017823723375813208,0.0001782213513895748,0.2646777982026144,0.030959928020834922,0.0,0.8166202320772059,0.6087900199142157,0.7805563534007353,F:\BUET plasma\PCMMD_LOCAL\set1\non_plasma\IMG_1924_p_29.jpg,0,non_plasma
0.01947021484375,0.82293701171875,0.02365942297708225,0.023383876546472563,0.3301506491268382,0.023931503236293793,0.516191422982698,0.7399890376072303,0.5053883272058823,0.7641706878063725,F:\BUET plasma\PCMMD_LOCAL\set1\non_plasma\IMG_1924_p_30.jpg,0,non_plasma
0.09796142578125,0.67156982421875,0.14586930837044443,0.1361635702277477,0.3298190646701389,0.042717829909175636,0.3885167931800497,0.7160429113051471,0.504709041819853,0.7897908528645833,F:\BUET plasma\PCMMD_LOCAL\set1\non_plasma\IMG_1924_p_31.jpg,0,non_plasma
0.066162109375,0.87652587890625,0.07548220875983566,0.07276912729206335,0.3684330958946078,0.07152022632583976,0.14226847932627862,0.6806154737285539,0.4809572706035539,0.7331279679840687,F:\BUET plasma\PCMMD_LOCAL\set1\non_plasma\IMG_1924_p_32.jpg,0,non_plasma
0.37738037109375,0.576171875,0.6549788135593221,0.5037882072723568,0.4904759625204249,0.03375570433959365,0.767488745771488,0.5056283988204657,0.37441597732843135,0.6485277362898284,F:\BUET plasma\PCMMD_LOCAL\set1\non_plasma\IMG_1924_p_33.jpg,0,non_plasma
0.450439453125,0.44036865234375,1.022869022869023,0.7045168120802439,0.4427045834609886,0.020418740775436164,0.6239217912960578,0.5635916915594362,0.37368020450367645,0.7346143535539216,F:\BUET plasma\PCMMD_LOCAL\set1\non_plasma\IMG_1924_p_34.jpg,0,non_plasma
0.4249267578125,0.3768310546875,1.1276320051830255,0.7550096266301048,0.4433887357026144,0.023011642202734946,0.3571678513953388,0.5841686772365197,0.34992197074142156,0.7357431449142157,F:\BUET plasma\PCMMD_LOCAL\set1\non_plasma\IMG_1924_p_35.jpg,0,non_plasma
0.03564453125,0.6839599609375,0.0521149384258433,0.05080236540618678,0.31189595141441995,0.0290978312343359,0.2377934881860601,0.7273502125459559,0.5092139150582108,0.8277480181525735,F:\BUET plasma\PCMMD_LOCAL\set1\non_plasma\IMG_1924_p_36.jpg,0,non_plasma
0.073486328125,0.77618408203125,0.09467641739403948,0.09045881036782043,0.3595438240400327,0.03642094016075134,0.3278134193350356,0.6792856253829657,0.3826815736060049,0.8594013288909313,F:\BUET plasma\PCMMD_LOCAL\set1\non_plasma\IMG_1924_p_37.jpg,0,non_plasma
0.27044677734375,0.72955322265625,0.3707019158370284,0.31532295596125337,0.5043605430453431,0.06098460918292403,0.773665691620778,0.49010296989889707,0.3132968079810049,0.6835185929840686,F:\BUET plasma\PCMMD_LOCAL\set1\non_plasma\IMG_1924_p_9.jpg,0,non_plasma
0.359375,0.5941162109375,0.6048900760221902,0.473055265776843,0.5327635920904821,0.05369820111989975,0.7779347981626282,0.5244420668658089,0.2887173521752451,0.5885498046875,F:\BUET plasma\PCMMD_LOCAL\set1\non_plasma\IMG_1929_p_10.jpg,0,non_plasma
0.54791259765625,0.3599853515625,1.5220413699559172,0.925068641038609,0.5609805836397059,0.11280651949346066,0.14290290713583464,0.5044048234528187,0.2569757199754902,0.5556777056525736,F:\BUET plasma\PCMMD_LOCAL\set1\non_plasma\IMG_1929_p_11.jpg,0,non_plasma
0.6080322265625,0.36724853515625,1.6556423466843941,0.9766865639190367,0.6295628765829249,0.031077587690204383,0.6869476624794214,0.3932751225490196,0.20845995136335785,0.509576296338848,F:\BUET plasma\PCMMD_LOCAL\set1\non_plasma\IMG_1929_p_12.jpg,0,non_plasma
0.19854736328125,0.73016357421875,0.27192175875616487,0.24052895261426738,0.4310175876991421,0.11481265348196029,0.3090901222056056,0.6136843213848039,0.42828752106311274,0.6649753944546568,F:\BUET plasma\PCMMD_LOCAL\set1\non_plasma\IMG_1929_p_13.jpg,0,non_plasma
0.42315673828125,0.49920654296875,0.8476586379753026,0.6139192364463714,0.5126623614940768,0.038629362523555755,0.41577517473922704,0.5151257084865196,0.32693182253370096,0.6199553844975491,F:\BUET plasma\PCMMD_LOCAL\set1\non_plasma\IMG_1929_p_14.jpg,0,non_plasma
0.122802734375,0.72821044921875,0.16863632553851313,0.1558375353192207,0.3676081239787582,0.1324910888671875,0.28749770761915605,0.7069187538296569,0.48166862936580884,0.7085882448682598,F:\BUET plasma\PCMMD_LOCAL\set1\non_plasma\IMG_1929_p_15.jpg,0,non_plasma
0.208251953125,0.71783447265625,0.2901113850863022,0.2547285596742046,0.4118065129697712,0.15117114256322384,0.2030346434928634,0.6626366708792892,0.41846971698835783,0.6834740732230392,F:\BUET plasma\PCMMD_LOCAL\set1\non_plasma\IMG_1929_p_16.jpg,0,non_plasma
0.23095703125,0.7110595703125,0.3248068669527897,0.28126668802370175,0.4341148226868873,0.19344493621587752,0.6089123066224341,0.6409407073376225,0.3802401673560049,0.6764746572457108,F:\BUET plasma\PCMMD_LOCAL\set1\non_plasma\IMG_1929_p_17.jpg,0,non_plasma
0.28387451171875,0.70654296875,0.4017795438838977,0.3377425322282169,0.49789504506229576,0.04635618172585964,0.16438734369739263,0.5537305644914216,0.3163741766237745,0.6362101236979166,F:\BUET plasma\PCMMD_LOCAL\set1\non_plasma\IMG_1929_p_18.jpg,0,non_plasma
0.1661376953125,0.56298828125,0.2950997398091934,0.25858771134335634,0.3574612885518791,0.26134564208984373,0.24378150064879694,0.684439146752451,0.5044644224877451,0.7387125651041667,F:\BUET plasma\PCMMD_LOCAL\set1\non_plasma\IMG_1929_p_19.jpg,0,non_plasma
0.5313720703125,0.4635009765625,1.146431393205162,0.7638066460031061,0.5814023086448121,0.031077037271112204,0.5978530157401583,0.43697916666666664,0.22793710746017157,0.5908767999387254,F:\BUET plasma\PCMMD_LOCAL\set1\non_plasma\IMG_1929_p_20.jpg,0,non_plasma
0.382080078125,0.61053466796875,0.6258122563231031,0.4860075409432672,0.5810864417381536,0.01411748057231307,0.8129725637500499,0.42283432904411766,0.26701947380514707,0.5668868719362745,F:\BUET plasma\PCMMD_LOCAL\set1\non_plasma\IMG_1929_p_21.jpg,0,non_plasma
0.197021484375,0.632568359375,0.3114627556927827,0.27114312166976734,0.44496934678819444,0.09089302250370383,0.1054789055948912,0.6146383846507353,0.36945322074142156,0.6810003542432598,F:\BUET plasma\PCMMD_LOCAL\set1\non_plasma\IMG_1929_p_22.jpg,0,non_plasma
0.0294189453125,0.79449462890625,0.03702850119075056,0.03635941314236664,0.3251641965379902,0.04777313765510917,0.3396466258636948,0.729873717064951,0.5271304859834559,0.7675032073376226,F:\BUET plasma\PCMMD_LOCAL\set1\non_plasma\IMG_1929_p_23.jpg,0,non_plasma
0.23681640625,0.52923583984375,0.44746857340560486,0.36981621928328573,0.3808182061887255,0.042987007435411215,0.3215811638747863,0.6541353113511029,0.47607804840686274,0.7273320216758579,F:\BUET plasma\PCMMD_LOCAL\set1\non_plasma\IMG_1929_p_24.jpg,0,non_plasma
0.3514404296875,0.476318359375,0.7378267555099949,0.5526353415007856,0.4696695963541667,0.042302261617034674,0.8142041659304672,0.5501783183976716,0.36959779028799017,0.6712151022518382,F:\BUET plasma\PCMMD_LOCAL\set1\non_plasma\IMG_1929_p_25.jpg,0,non_plasma
0.3524169921875,0.6298828125,0.5594961240310078,0.44436277167052446,0.5182621176725899,0.14121551712974906,0.061472999275098916,0.537246763939951,0.2721267999387255,0.6358400831035539,F:\BUET plasma\PCMMD_LOCAL\set1\non_plasma\IMG_1929_p_26.jpg,0,non_plasma
0.476806640625,0.4185791015625,1.1391076115485563,0.7603887381141617,0.5101213841656453,0.05745457385480404,0.3489809353090436,0.5001627604166666,0.3278143190870098,0.6416587679993873,F:\BUET plasma\PCMMD_LOCAL\set1\non_plasma\IMG_1929_p_27.jpg,0,non_plasma
0.669189453125,0.33050537109375,2.024746075715605,1.1068271460472885,0.6345652860753677,0.05016849875450134,0.23970371666488277,0.4132360121783088,0.1813009823069853,0.5017671472886029,F:\BUET plasma\PCMMD_LOCAL\set1\non_plasma\IMG_1929_p_28.jpg,0,non_plasma
0.26593017578125,0.67388916015625,0.3946200525314736,0.33262201439885786,0.4954463784211601,0.1148280405960977,0.09016466074882835,0.5682083429074755,0.3236591413909314,0.6217933804381127,F:\BUET plasma\PCMMD_LOCAL\set1\non_plasma\IMG_1929_p_29.jpg,0,non_plasma
0.4688720703125,0.4422607421875,1.0601711288987028,0.7227890516321026,0.5496955422794118,0.06446192401647567,0.5294517012680733,0.46355243757659315,0.29340341605392156,0.59395751953125,F:\BUET plasma\PCMMD_LOCAL\set1\non_plasma\IMG_1929_p_30.jpg,0,non_plasma
0.11566162109375,0.743896484375,0.15548080078766,0.14451653509245063,0.38747319240196076,0.07559844591841101,0.1242436030723109,0.6476737228094362,0.47074692670036766,0.7191597732843137,F:\BUET plasma\PCMMD_LOCAL\set1\non_plasma\IMG_1929_p_31.jpg,0,non_plasma
0.32086181640625,0.57208251953125,0.5608663181478716,0.4452409992676842,0.45731185214971404,0.04517762660980225,0.24680316514930276,0.5755586511948529,0.3532973345588235,0.6992084577971813,F:\BUET plasma\PCMMD_LOCAL\set1\non_plasma\IMG_1929_p_32.jpg,0,non_plasma
0.4893798828125,0.3641357421875,1.3439490445859872,0.8518371328206228,0.47957620059742645,0.05075072680413723,0.7941469614816566,0.562762570848652,0.32554405062806374,0.6729647767310049,F:\BUET plasma\PCMMD_LOCAL\set1\non_plasma\IMG_1929_p_33.jpg,0,non_plasma
0.12567138671875,0.75006103515625,0.16754821384978436,0.15490600636757595,0.4148901048049428,0.10069633236154914,0.11796201457925173,0.6563282686121323,0.4243539847579657,0.6746474322150735,F:\BUET plasma\PCMMD_LOCAL\set1\non_plasma\IMG_1929_p_5.jpg,0,non_plasma
0.49884033203125,0.43377685546875,1.1499929646827072,0.7654645698936163,0.5437070759293301,0.023741251077502967,0.40329143320522437,0.5061592850030637,0.2653571633731618,0.5973623238357844,F:\BUET plasma\PCMMD_LOCAL\set1\non_plasma\IMG_1929_p_6.jpg,0,non_plasma
0.38623046875,0.56427001953125,0.6844780962682531,0.5214557806741135,0.5510242736417483,0.04024316000938415,0.48702255915209247,0.4642446480545343,0.30495557598039214,0.5777269550398284,F:\BUET plasma\PCMMD_LOCAL\set1\non_plasma\IMG_1929_p_7.jpg,0,non_plasma
0.22998046875,0.72625732421875,0.31666526598873856,0.2751022264383336,0.46367211435355393,0.16624950998649002,0.22300112133751993,0.6122637580422794,0.34851146024816176,0.6482084386488971,F:\BUET plasma\PCMMD_LOCAL\set1\non_plasma\IMG_1929_p_8.jpg,0,non_plasma
0.67315673828125,0.26708984375,2.5203382084095063,1.2585570669289512,0.5938771765216503,0.04681767283380032,0.7874467721560936,0.4563876282935049,0.20309220856311275,0.5588886335784313,F:\BUET plasma\PCMMD_LOCAL\set1\non_plasma\IMG_1929_p_9.jpg,0,non_plasma
0.2987060546875,0.69390869140625,0.4304688187175653,0.35800223579934126,0.4844570184844771,0.038260167565196755,0.22349690241250264,0.57205810546875,0.336679017310049,0.6378918217677696,F:\BUET plasma\PCMMD_LOCAL\set1\non_plasma\IMG_1931_p_10.jpg,0,non_plasma
0.155517578125,0.844482421875,0.18415727088753975,0.169031357782175,0.4613171147365196,0.040256220802664756,0.21320880433851752,0.6244399126838235,0.3793066884957108,0.6123020546109068,F:\BUET plasma\PCMMD_LOCAL\set1\non_plasma\IMG_1931_p_11.jpg,0,non_plasma
0.00091552734375,0.86749267578125,0.0010553718426792374,0.0010548153293340038,0.3623693129595589,0.026228872522711753,0.17967069736490698,0.7354264801623774,0.4943139169730392,0.6831516639859069,F:\BUET plasma\PCMMD_LOCAL\set1\non_plasma\IMG_1931_p_12.jpg,0,non_plasma
0.1060791015625,0.8836669921875,0.1200442050006907,0.11336815327874923,0.4721087686376634,0.061220160230994226,0.1989314211933726,0.5849046894148284,0.38896412568933825,0.6098048789828432,F:\BUET plasma\PCMMD_LOCAL\set1\non_plasma\IMG_1931_p_13.jpg,0,non_plasma
0.03485107421875,0.85797119140625,0.04062033150743402,0.03981700793750595,0.3680852353962418,0.03915000319480896,0.28345039982260917,0.741122616038603,0.4628319833792892,0.6917896943933823,F:\BUET plasma\PCMMD_LOCAL\set1\non_plasma\IMG_1931_p_14.jpg,0,non_plasma
0.1610107421875,0.8389892578125,0.19191037392696056,0.1755573761576838,0.4267101811427696,0.008865476366132498,0.18570552797069909,0.6491603477328431,0.3389239142922794,0.7317851945465687,F:\BUET plasma\PCMMD_LOCAL\set1\non_plasma\IMG_1931_p_15.jpg,0,non_plasma
0.26812744140625,0.62127685546875,0.4315748108851557,0.35877510467611456,0.4354591918147467,0.022536165025085212,0.39236339132582987,0.6258755553002451,0.3888269761029412,0.6789198931525735,F:\BUET plasma\PCMMD_LOCAL\set1\non_plasma\IMG_1931_p_16.jpg,0,non_plasma
0.39019775390625,0.58099365234375,0.6716041601008509,0.5137837402825028,0.5545048732383578,0.027049033880233764,0.8408022634441285,0.48008985332414217,0.2864942363664216,0.5699012905943628,F:\BUET plasma\PCMMD_LOCAL\set1\non_plasma\IMG_1931_p_17.jpg,0,non_plasma
0.3577880859375,0.61737060546875,0.5795353435491843,0.4571307174257257,0.5379238951439951,0.025566857662051915,0.8393229531141636,0.4894782571231618,0.31950827205882354,0.5772417853860294,F:\BUET plasma\PCMMD_LOCAL\set1\non_plasma\IMG_1931_p_18.jpg,0,non_plasma
0.304443359375,0.61767578125,0.49288537549407113,0.40071074099089093,0.4887760735804739,0.020569160994142292,0.3936835178569395,0.5621503044577206,0.3576025869332108,0.613918887867647,F:\BUET plasma\PCMMD_LOCAL\set1\non_plasma\IMG_1931_p_19.jpg,0,non_plasma
0.20806884765625,0.75958251953125,0.2739252711932503,0.24210289859540876,0.47273364098243464,0.015969886884093284,0.789616263186903,0.5746445599724265,0.40321906594669116,0.6039354511335784,F:\BUET plasma\PCMMD_LOCAL\set1\non_plasma\IMG_1931_p_20.jpg,0,non_plasma
0.3070068359375,0.68768310546875,0.44643649596165796,0.36910294261182286,0.4803761201746324,0.028537179335951804,0.7513170056685572,0.566485476026348,0.356109499463848,0.6362766639859069,F:\BUET plasma\PCMMD_LOCAL\set1\non_plasma\IMG_1931_p_21.jpg,0,non_plasma
0.25128173828125,0.72149658203125,0.34827848743761103,0.2988285842073165,0.4348001716962827,0.017659500539302826,0.26119303140905403,0.6378130744485294,0.39509229473039215,0.6626941157322304,F:\BUET plasma\PCMMD_LOCAL\set1\non_plasma\IMG_1931_p_22.jpg,0,non_plasma
0.215576171875,0.68292236328125,0.31566717311645365,0.27434389295029193,0.39661857255923194,0.03310090425238013,0.20867940630337978,0.6662427715226715,0.4088934206495098,0.7350080901501226,F:\BUET plasma\PCMMD_LOCAL\set1\non_plasma\IMG_1931_p_23.jpg,0,non_plasma
0.11810302734375,0.68560791015625,0.172260304460073,0.1589337692752818,0.40035169015522876,0.018758601769804956,0.15489466123929616,0.6965592926623775,0.41146671070772056,0.6909189261642157,F:\BUET plasma\PCMMD_LOCAL\set1\non_plasma\IMG_1931_p_24.jpg,0,non_plasma
0.3038330078125,0.66864013671875,0.4544043815609311,0.37459645706094197,0.48797551572712417,0.023950604185461997,0.5587927732234643,0.5593359853707108,0.3736902573529412,0.6030472100949755,F:\BUET plasma\PCMMD_LOCAL\set1\non_plasma\IMG_1931_p_25.jpg,0,non_plasma
0.10015869140625,0.74530029296875,0.13438702808942757,0.12609244168929074,0.3898842805351308,0.03530659686028957,0.25706120101588953,0.677587651271446,0.48775610830269606,0.6650033988204657,F:\BUET plasma\PCMMD_LOCAL\set1\non_plasma\IMG_1931_p_26.jpg,0,non_plasma
0.116455078125,0.87725830078125,0.1327489041953663,0.12464733718028269,0.49881081175959974,0.04841876789554954,0.1294847873591511,0.5595985562193627,0.34648054534313727,0.597488463158701,F:\BUET plasma\PCMMD_LOCAL\set1\non_plasma\IMG_1931_p_27.jpg,0,non_plasma
0.2340087890625,0.7255859375,0.3225100942126514,0.27953151739616144,0.5056533713745914,0.030911485996097325,0.14745125649504906,0.5748681161917892,0.3172470990349265,0.5909246706495098,F:\BUET plasma\PCMMD_LOCAL\set1\non_plasma\IMG_1931_p_28.jpg,0,non_plasma
0.28424072265625,0.69140625,0.4111052259887006,0.34437324556044085,0.4651120653339461,0.04077015088498592,0.27947227794140633,0.6147855870863971,0.3879229377297794,0.6019552791819853,F:\BUET plasma\PCMMD_LOCAL\set1\non_plasma\IMG_1931_p_29.jpg,0,non_plasma
0.08795166015625,0.84307861328125,0.10432201549265185,0.09923158602422406,0.4012260486877043,0.022069194879382848,0.11283132932938045,0.7264035692401961,0.37423789828431375,0.6956803864123775,F:\BUET plasma\PCMMD_LOCAL\set1\non_plasma\IMG_1931_p_30.jpg,0,non_plasma
0.021484375,0.875,0.024553571428571428,0.024256977645559993,0.35451851639093135,0.0578722366951406,0.27500226751040413,0.7575616574754902,0.4807016410079657,0.69818115234375,F:\BUET plasma\PCMMD_LOCAL\set1\non_plasma\IMG_1931_p_31.jpg,0,non_plasma
0.18359375,0.77288818359375,0.23754244649767037,0.21312751507260758,0.38773935355392153,0.024014421548694372,0.6260266815978033,0.6995186600030637,0.4669074563419118,0.6703558229932598,F:\BUET plasma\PCMMD_LOCAL\set1\non_plasma\IMG_1931_p_32.jpg,0,non_plasma
0.2088623046875,0.78790283203125,0.26508637384770317,0.23514039957003396,0.4178114149305555,0.02282410940155387,0.8056063992168814,0.6541278913909314,0.42642965877757355,0.6660082050398284,F:\BUET plasma\PCMMD_LOCAL\set1\non_plasma\IMG_1931_p_33.jpg,0,non_plasma
0.31494140625,0.6405029296875,0.4917095483133219,0.3999228101181264,0.4648269952512255,0.024933025505393745,0.6994600282772652,0.5875500248927696,0.35020704082414217,0.6677619485294117,F:\BUET plasma\PCMMD_LOCAL\set1\non_plasma\IMG_1931_p_34.jpg,0,non_plasma
0.52203369140625,0.47796630859375,1.0921976759034606,0.7382150330882966,0.5246815002042484,0.027471646543592215,0.4473440477647958,0.5422605028339461,0.2329922545189951,0.6507027420343138,F:\BUET plasma\PCMMD_LOCAL\set1\non_plasma\IMG_1931_p_35.jpg,0,non_plasma
0.01251220703125,0.97705078125,0.012806096951524237,0.012724792286499809,0.36715359157986116,0.05621850214898586,0.09779679411323837,0.7492592007506127,0.41861045687806375,0.7306695676317402,F:\BUET plasma\PCMMD_LOCAL\set1\non_plasma\IMG_1931_p_36.jpg,0,non_plasma
0.11029052734375,0.88775634765625,0.12423513234788587,0.11710292207412898,0.47878090852226307,0.0697746857367456,0.08704388690133451,0.6090985466452206,0.32491000306372547,0.6296487247242647,F:\BUET plasma\PCMMD_LOCAL\set1\non_plasma\IMG_1931_p_37.jpg,0,non_plasma
0.305419921875,0.5787353515625,0.5277367643956971,0.4237874012932077,0.4283487157883986,0.03302635465562344,0.25111172235001616,0.6482567880667892,0.36625210631127453,0.7004449582567402,F:\BUET plasma\PCMMD_LOCAL\set1\non_plasma\IMG_1931_p_38.jpg,0,non_plasma
0.13629150390625,0.79010009765625,0.17249903437620703,0.1591373977782201,0.41683437372344767,0.024866041000932454,0.1548462379575622,0.6935338637408088,0.32668552772671566,0.7292774873621324,F:\BUET plasma\PCMMD_LOCAL\set1\non_plasma\IMG_1931_p_39.jpg,0,non_plasma
0.54901123046875,0.45098876953125,1.217350115035864,0.7963128410505868,0.6281024209814134,0.017470867302268742,0.4403454947855737,0.3952138863357843,0.17793303844975492,0.5425458122702206,F:\BUET plasma\PCMMD_LOCAL\set1\non_plasma\IMG_1931_p_40.jpg,0,non_plasma
0.08697509765625,0.91302490234375,0.09526037836753794,0.09099212346477341,0.4125526577818628,0.04805231642723083,0.27270825399894705,0.6851373410692402,0.4079611385569853,0.6692435470281862,F:\BUET plasma\PCMMD_LOCAL\set1\non_plasma\IMG_1931_p_41.jpg,0,non_plasma
0.073974609375,0.74755859375,0.09895493141737427,0.09435966586119912,0.302245854396446,0.051566533144563435,0.1517614672130665,0.7798739564185049,0.5784009746476716,0.7349875057444853,F:\BUET plasma\PCMMD_LOCAL\set1\non_plasma\IMG_1931_p_7.jpg,0,non_plasma
0.20489501953125,0.672607421875,0.3046279491833031,0.265917903715687,0.4396218692555147,0.12292442425712943,0.4291528665908059,0.67879638671875,0.32274648628982844,0.6795915192248775,F:\BUET plasma\PCMMD_LOCAL\set1\non_plasma\IMG_1931_p_8.jpg,0,non_plasma
0.16729736328125,0.8262939453125,0.20246712956123505,0.18437538753995697,0.4452714907577614,0.0505623543523252,0.04659544062358631,0.6629779890471814,0.3670982211243873,0.6341093175551471,F:\BUET plasma\PCMMD_LOCAL\set1\non_plasma\IMG_1931_p_9.jpg,0,non_plasma
0.2401123046875,0.61846923828125,0.38823645514655086,0.3280342043093784,0.45417655994689543,0.16256321075186134,0.0893694176602043,0.5973283356311274,0.368814146752451,0.6713278377757353,F:\BUET plasma\PCMMD_LOCAL\set1\non_plasma\IMG_1935_p_10.jpg,0,non_plasma
0.38214111328125,0.59991455078125,0.6369925729982704,0.4928607614197995,0.5536658592473448,0.024495933707803487,0.276883096916123,0.4528119255514706,0.2871503044577206,0.5990401922487745,F:\BUET plasma\PCMMD_LOCAL\set1\non_plasma\IMG_1935_p_11.jpg,0,non_plasma
0.20855712890625,0.735107421875,0.28370973098638325,0.24975411350097013,0.3871501448886847,0.02377153578028083,0.4522837674665143,0.6336511948529412,0.43717854817708335,0.7677198223039216,F:\BUET plasma\PCMMD_LOCAL\set1\non_plasma\IMG_1935_p_12.jpg,0,non_plasma
0.33355712890625,0.515869140625,0.6465925224798864,0.4987080146839061,0.45293910207312094,0.03011856220662594,0.3712251209043952,0.5671058804381127,0.38859001608455884,0.6854867972579657,F:\BUET plasma\PCMMD_LOCAL\set1\non_plasma\IMG_1935_p_13.jpg,0,non_plasma
0.349609375,0.44415283203125,0.7871375566854473,0.5806152095356655,0.43713235294117647,0.048408220555633305,0.5567515193044927,0.5843249751072304,0.4033452052696078,0.7009327607996324,F:\BUET plasma\PCMMD_LOCAL\set1\non_plasma\IMG_1935_p_14.jpg,0,non_plasma
0.0648193359375,0.7828369140625,0.08280056135973803,0.07955079719132317,0.3882385652828839,0.05020424216985703,0.3124170068926634,0.6678253772212009,0.4468805051317402,0.7205784217984068,F:\BUET plasma\PCMMD_LOCAL\set1\non_plasma\IMG_1935_p_15.jpg,0,non_plasma
0.00927734375,0.66357421875,0.013980868285504048,0.01388403742246017,0.2919878791360294,0.04422671740874648,0.2737063487689276,0.7858027439491422,0.5435005935968137,0.7947330250459559,F:\BUET plasma\PCMMD_LOCAL\set1\non_plasma\IMG_1935_p_16.jpg,0,non_plasma
0.25054931640625,0.692138671875,0.3619929453262787,0.30894902807093905,0.42237700418709156,0.024438835084438323,0.25112797941588155,0.5929323682598039,0.40522748161764705,0.7347091375612745,F:\BUET plasma\PCMMD_LOCAL\set1\non_plasma\IMG_1935_p_17.jpg,0,non_plasma
0.53076171875,0.357421875,1.4849726775956285,0.9102616645568107,0.5080417209201389,0.07735206961631774,0.5289863568780514,0.5263722139246324,0.2974942076439951,0.6520084156709559,F:\BUET plasma\PCMMD_LOCAL\set1\non_plasma\IMG_1935_p_18.jpg,0,non_plasma
0.57916259765625,0.37646484375,1.5384241245136188,0.9315434650683575,0.5406351326337826,0.07583660390600562,0.501757413647396,0.47957620059742645,0.27622213924632355,0.622296262254902,F:\BUET plasma\PCMMD_LOCAL\set1\non_plasma\IMG_1935_p_19.jpg,0,non_plasma
0.3795166015625,0.574951171875,0.6600849256900212,0.5068687611140505,0.5185984892003677,0.022159013852477073,0.6803306585861084,0.4914361691942402,0.32244035309436275,0.6303280101102942,F:\BUET plasma\PCMMD_LOCAL\set1\non_plasma\IMG_1935_p_20.jpg,0,non_plasma
0.47845458984375,0.50518798828125,0.9470822761870242,0.666331983425842,0.5315855736825981,0.01984889888763428,0.5031508170914583,0.4839147231158088,0.2904773188572304,0.6308512369791667,F:\BUET plasma\PCMMD_LOCAL\set1\non_plasma\IMG_1935_p_21.jpg,0,non_plasma
0.50787353515625,0.49212646484375,1.031998015626938,0.7090195531542123,0.6073353087979984,0.01481212006509304,0.3279927121269883,0.3959429572610294,0.20930343328737744,0.572747683057598,F:\BUET plasma\PCMMD_LOCAL\set1\non_plasma\IMG_1935_p_22.jpg,0,non_plasma
0.0069580078125,0.94049072265625,0.007398273736128237,0.007371040744589962,0.33714463975694453,0.1104212802015245,0.4832493296666369,0.7707876168045343,0.44970439836090687,0.7680740655637255,F:\BUET plasma\PCMMD_LOCAL\set1\non_plasma\IMG_1935_p_23.jpg,0,non_plasma
0.1767578125,0.74041748046875,0.2387272277635809,0.2140844232548071,0.3945337233200572,0.06382726520299911,0.08147022358886125,0.6468608781403187,0.4163547889859069,0.753183162913603,F:\BUET plasma\PCMMD_LOCAL\set1\non_plasma\IMG_1935_p_24.jpg,0,non_plasma
0.10101318359375,0.81146240234375,0.12448288830387363,0.11732327514171229,0.4039014629289216,0.23353709411621093,0.24758623594078583,0.6774660596660539,0.385006654028799,0.7258228975183824,F:\BUET plasma\PCMMD_LOCAL\set1\non_plasma\IMG_1935_p_25.jpg,0,non_plasma
0.1544189453125,0.734619140625,0.21020272515785976,0.19078788702792462,0.3741605870863971,0.1563781719468534,0.3603194341693719,0.6808699065563726,0.4409064797794118,0.7557418524050246,F:\BUET plasma\PCMMD_LOCAL\set1\non_plasma\IMG_1935_p_26.jpg,0,non_plasma
0.03076171875,0.71343994140625,0.04311746086063821,0.04221378795249446,0.3763513103809232,0.035518080618232487,0.1982848777401439,0.6853944067861519,0.4463874368106618,0.7391642252604167,F:\BUET plasma\PCMMD_LOCAL\set1\non_plasma\IMG_1935_p_27.jpg,0,non_plasma
0.39373779296875,0.60626220703125,0.6494513238699285,0.5004427016238784,0.5336802364174836,0.013997947838157415,0.7174472156011739,0.4777470607383578,0.3023207720588235,0.6188914579503676,F:\BUET plasma\PCMMD_LOCAL\set1\non_plasma\IMG_1935_p_28.jpg,0,non_plasma
0.1790771484375,0.8001708984375,0.22379862700228834,0.20195965013219797,0.43260761335784315,0.07213613033294677,0.521854086028191,0.6017312442555147,0.406778013939951,0.6936679017310049,F:\BUET plasma\PCMMD_LOCAL\set1\non_plasma\IMG_1935_p_29.jpg,0,non_plasma
0.1357421875,0.8642578125,0.15706214689265538,0.1458841605915236,0.4494553110957925,0.11703717776760458,0.1523583323346738,0.6277621400122549,0.3576001933976716,0.6662717333026961,F:\BUET plasma\PCMMD_LOCAL\set1\non_plasma\IMG_1935_p_30.jpg,0,non_plasma
0.24822998046875,0.75177001953125,0.33019404075667774,0.2853248268977501,0.4939891939848856,0.12449638484418392,0.20736731280778997,0.5667619293811275,0.2985703412224265,0.6527001474417892,F:\BUET plasma\PCMMD_LOCAL\set1\non_plasma\IMG_1935_p_31.jpg,0,non_plasma
0.152587890625,0.8338623046875,0.18298931342409602,0.1680445515015983,0.4421025294883578,0.11217419181764125,0.14164763489369828,0.6382958505667892,0.36505749272365196,0.6703390682444853,F:\BUET plasma\PCMMD_LOCAL\set1\non_plasma\IMG_1935_p_32.jpg,0,non_plasma
0.5439453125,0.4560546875,1.1927194860813704,0.7851425479305557,0.5474096360549427,0.012585223779082298,0.8109253186732875,0.47993570963541665,0.2623654833026961,0.6154698988970588,F:\BUET plasma\PCMMD_LOCAL\set1\non_plasma\IMG_1935_p_33.jpg,0,non_plasma
0.43597412109375,0.56402587890625,0.7729682934747322,0.5726551439511939,0.5174159230749591,0.021763668060302735,0.5802752810757061,0.5055305032169117,0.29900596469056373,0.643215762867647,F:\BUET plasma\PCMMD_LOCAL\set1\non_plasma\IMG_1935_p_34.jpg,0,non_plasma
0.51495361328125,0.47802734375,1.077247191011236,0.731043551298824,0.5269058925653595,0.007379605706781149,0.7604826396059376,0.47930525237438726,0.28520220588235295,0.6547748640471813,F:\BUET plasma\PCMMD_LOCAL\set1\non_plasma\IMG_1935_p_35.jpg,0,non_plasma
0.05340576171875,0.944091796875,0.05656839927592449,0.05502629736587025,0.44265822865604576,0.06362427991628647,0.10691757660423813,0.6176877489276961,0.3710485121783088,0.6832890529258578,F:\BUET plasma\PCMMD_LOCAL\set1\non_plasma\IMG_1935_p_36.jpg,0,non_plasma
0.158935546875,0.62335205078125,0.25496915695681976,0.2271109961517251,0.35872483596303106,0.08088310146331787,0.11644966577238701,0.7131618125765932,0.4343510646446078,0.7763126148897059,F:\BUET plasma\PCMMD_LOCAL\set1\non_plasma\IMG_1935_p_37.jpg,0,non_plasma
0.11358642578125,0.8720703125,0.1302491601343785,0.1224381041127867,0.4293260761335784,0.17557244467735292,0.11687743694884421,0.6324053596047794,0.35346990847120097,0.7261465035232844,F:\BUET plasma\PCMMD_LOCAL\set1\non_plasma\IMG_1935_p_38.jpg,0,non_plasma
0.299560546875,0.678466796875,0.44152572867938106,0.36570208648325986,0.4429026884191176,0.018511374708265065,0.8256683178383815,0.5742666207107843,0.3693325865502451,0.7276927274816176,F:\BUET plasma\PCMMD_LOCAL\set1\non_plasma\IMG_1935_p_39.jpg,0,non_plasma
0.2647705078125,0.44879150390625,0.5899632802937577,0.46371092181059664,0.3245901469311683,0.046026438739150764,0.44106093824025505,0.7180336148131128,0.500054811963848,0.8081411324295343,F:\BUET plasma\PCMMD_LOCAL\set1\non_plasma\IMG_1935_p_40.jpg,0,non_plasma
0.0867919921875,0.88916015625,0.09761120263591433,0.09313618442055603,0.38731370315053104,0.14101894269883633,0.6256110145218645,0.6980466356464461,0.43015950520833335,0.7098527496936274,F:\BUET plasma\PCMMD_LOCAL\set1\non_plasma\IMG_1935_p_41.jpg,0,non_plasma
0.18560791015625,0.81427001953125,0.2279439322389626,0.2053411708967412,0.4454453412224265,0.10371793341636658,0.5994014256666725,0.6228750191482844,0.3620959712009804,0.6786929859834558,F:\BUET plasma\PCMMD_LOCAL\set1\non_plasma\IMG_1935_p_42.jpg,0,non_plasma
0.56048583984375,0.43951416015625,1.2752395500624913,0.8220853435903676,0.5548121234170752,0.01937147116661072,0.8244709382730973,0.4872821882659314,0.22756946040134804,0.6207119810814951,F:\BUET plasma\PCMMD_LOCAL\set1\non_plasma\IMG_1935_p_43.jpg,0,non_plasma
0.0025634765625,0.7689208984375,0.003333862517859978,0.0033283175189740962,0.3745265586703431,0.024056317027658224,0.23100518232630898,0.6882611443014706,0.45504102519914214,0.7331181544883578,F:\BUET plasma\PCMMD_LOCAL\set1\non_plasma\IMG_1935_p_44.jpg,0,non_plasma
0.59210205078125,0.3597412109375,1.6459110960298609,0.9730154657442636,0.5600430357689952,0.03780455857142806,0.45122300020088546,0.48270503025428924,0.23960607192095587,0.5975597905177696,F:\BUET plasma\PCMMD_LOCAL\set1\non_plasma\IMG_1935_p_45.jpg,0,non_plasma
0.29547119140625,0.61322021484375,0.481835373743406,0.3932814368597724,0.4644216101154004,0.0540872906409204,0.3093442779797171,0.5634076286764705,0.35652956495098037,0.6867979760263481,F:\BUET plasma\PCMMD_LOCAL\set1\non_plasma\IMG_1935_p_7.jpg,0,non_plasma
0.0042724609375,0.7613525390625,0.005611672278338945,0.005595985504121161,0.26597501468035134,0.03893285244330764,0.28169113393744677,0.8042722215839461,0.5766704484528187,0.8211322859221813,F:\BUET plasma\PCMMD_LOCAL\set1\non_plasma\IMG_1935_p_8.jpg,0,non_plasma
0.02264404296875,0.86602783203125,0.026147015293537246,0.02581102624336362,0.3426153843698938,0.057409005746245384,0.5013678633511232,0.705716002221201,0.4619207643995098,0.8045170802696079,F:\BUET plasma\PCMMD_LOCAL\set1\non_plasma\IMG_1935_p_9.jpg,0,non_plasma
0.38031005859375,0.5216064453125,0.72911303533817,0.5476085806996637,0.43854621438419117,0.026804762840270994,0.6661559637094067,0.6188364066329657,0.3495763442095588,0.715948606004902,F:\BUET plasma\PCMMD_LOCAL\set1\non_plasma\IMG_1937_p_11.jpg,0,non_plasma
0.59521484375,0.32843017578125,1.8123025459951683,1.0340035591976064,0.5296860638786764,0.05478094404563308,0.45279241496419864,0.5073972215839461,0.23278617110906863,0.6707584156709558,F:\BUET plasma\PCMMD_LOCAL\set1\non_plasma\IMG_1937_p_12.jpg,0,non_plasma
0.05743408203125,0.8626708984375,0.06657704825244093,0.06445450034458658,0.374294944214665,0.025490417834371327,0.22784759704493432,0.7280213599111519,0.44672564338235293,0.7023681640625,F:\BUET plasma\PCMMD_LOCAL\set1\non_plasma\IMG_1937_p_13.jpg,0,non_plasma
0.27764892578125,0.68145751953125,0.40743394536497984,0.3417681494615087,0.47774610332414214,0.032337807174772026,0.21753317019763496,0.6284687117034313,0.3034172506893382,0.6348757276348039,F:\BUET plasma\PCMMD_LOCAL\set1\non_plasma\IMG_1937_p_14.jpg,0,non_plasma
0.0499267578125,0.8753662109375,0.05703528099288802,0.05546808475384247,0.3909634459252451,0.033776314463466406,0.17764713241322713,0.7192804074754902,0.43545831418504904,0.6723709405637255,F:\BUET plasma\PCMMD_LOCAL\set1\non_plasma\IMG_1937_p_15.jpg,0,non_plasma
0.3834228515625,0.59466552734375,0.6447706045365904,0.4976009243635296,0.4718033535028594,0.025876267775893212,0.24507665793584854,0.6305092007506128,0.32084577971813727,0.6332349590226716,F:\BUET plasma\PCMMD_LOCAL\set1\non_plasma\IMG_1937_p_16.jpg,0,non_plasma
0.4012451171875,0.54058837890625,0.7422377780286779,0.5551703662616218,0.5050156537224264,0.019988632619380952,0.7641884904455927,0.553579532398897,0.32781479779411765,0.6035587086397058,F:\BUET plasma\PCMMD_LOCAL\set1\non_plasma\IMG_1937_p_17.jpg,0,non_plasma
0.30712890625,0.6700439453125,0.45837128803060667,0.37732025688092585,0.4802356994229984,0.03838113680109382,0.43734718110273385,0.6212569891237745,0.3118106617647059,0.6262252508425246,F:\BUET plasma\PCMMD_LOCAL\set1\non_plasma\IMG_1937_p_18.jpg,0,non_plasma
0.16705322265625,0.807861328125,0.20678452704744635,0.18795940674845385,0.47199882557189543,0.05316321393474936,0.44784199571425215,0.62109375,0.34172052121629903,0.6211892520680147,F:\BUET plasma\PCMMD_LOCAL\set1\non_plasma\IMG_1937_p_19.jpg,0,non_plasma
0.53143310546875,0.46856689453125,1.1341669923147062,0.7580764030113358,0.5502849902982027,0.010516330357640982,0.7716204517326856,0.5214305204503676,0.2513956705729167,0.5763188380821078,F:\BUET plasma\PCMMD_LOCAL\set1\non_plasma\IMG_1937_p_20.jpg,0,non_plasma
0.01861572265625,0.85693359375,0.021723646723646725,0.02149105083566305,0.3342697642207926,0.028385642051696778,0.46697760370739977,0.7933981502757353,0.43027702780330884,0.7735155292585785,F:\BUET plasma\PCMMD_LOCAL\set1\non_plasma\IMG_1937_p_21.jpg,0,non_plasma
0.15277099609375,0.66900634765625,0.22835507709150624,0.2056759386549185,0.35243159275428926,0.038480062510818244,0.23319924534571823,0.772476256127451,0.4223709405637255,0.7478580250459559,F:\BUET plasma\PCMMD_LOCAL\set1\non_plasma\IMG_1937_p_22.jpg,0,non_plasma
0.1956787109375,0.7535400390625,0.25967924833954315,0.2308571237463791,0.41356025645935457,0.03494283114373684,0.13616574252903882,0.7136022231158088,0.3621895584405637,0.6835274490655637,F:\BUET plasma\PCMMD_LOCAL\set1\non_plasma\IMG_1937_p_23.jpg,0,non_plasma
0.44287109375,0.52374267578125,0.8455890921803986,0.612798517684605,0.4518936057495916,0.01372060039266944,0.6005310724665941,0.6304603726256127,0.2723580154718137,0.741500794653799,F:\BUET plasma\PCMMD_LOCAL\set1\non_plasma\IMG_1937_p_24.jpg,0,non_plasma
0.3624267578125,0.60113525390625,0.6029038481064067,0.4718168893620245,0.43497864966299016,0.04851075899228453,0.4606693004186917,0.6389389935661764,0.3114293715533088,0.7446956858915441,F:\BUET plasma\PCMMD_LOCAL\set1\non_plasma\IMG_1937_p_25.jpg,0,non_plasma
0.14947509765625,0.81329345703125,0.18378986866791744,0.16872104492389092,0.4180462207669525,0.07931869771704078,0.14588147874667626,0.6586696250765931,0.357351744408701,0.729839968213848,F:\BUET plasma\PCMMD_LOCAL\set1\non_plasma\IMG_1937_p_26.jpg,0,non_plasma
0.34844970703125,0.65155029296875,0.5348009367681499,0.428400689742409,0.45641531352124176,0.012305480863898993,0.5385099248662405,0.6217462277879902,0.3260474111519608,0.6829604204963236,F:\BUET plasma\PCMMD_LOCAL\set1\non_plasma\IMG_1937_p_27.jpg,0,non_plasma
0.36572265625,0.63427734375,0.5765973826020016,0.4552689694887989,0.48535188163807197,0.011671493109315634,0.5599750933621217,0.5956322763480392,0.28152166628370096,0.6667904124540441,F:\BUET plasma\PCMMD_LOCAL\set1\non_plasma\IMG_1937_p_28.jpg,0,non_plasma
0.47216796875,0.52655029296875,0.8967196012518837,0.6401258683523168,0.4728419883578432,0.02142008113861084,0.4979399909902162,0.6262621112898284,0.2828067555147059,0.6724051681219363,F:\BUET plasma\PCMMD_LOCAL\set1\non_plasma\IMG_1937_p_29.jpg,0,non_plasma
0.476318359375,0.477783203125,0.9969340827797649,0.6916130457665972,0.5234201069750817,0.02065844040736556,0.7440050576531962,0.5452888039981618,0.2961981081495098,0.5882527669270833,F:\BUET plasma\PCMMD_LOCAL\set1\non_plasma\IMG_1937_p_30.jpg,0,non_plasma
0.07012939453125,0.7703857421875,0.09103153224528601,0.08712360858294105,0.38852834265216507,0.0517399480342865,0.11820291829958007,0.7071557138480392,0.45917705461090685,0.6680822035845588,F:\BUET plasma\PCMMD_LOCAL\set1\non_plasma\IMG_1937_p_31.jpg,0,non_plasma
0.46844482421875,0.53155517578125,0.8812722471007004,0.6319482751464948,0.6161083346098857,0.00781486415863037,0.8046436793679743,0.4329056085324755,0.20080614276960784,0.5179632448682598,F:\BUET plasma\PCMMD_LOCAL\set1\non_plasma\IMG_1937_p_32.jpg,0,non_plasma
0.10455322265625,0.84332275390625,0.12397770861981616,0.11687391908606322,0.40789244408700975,0.04224683660268783,0.7350727116824817,0.7106112611060049,0.4135464537377451,0.6521649528952206,F:\BUET plasma\PCMMD_LOCAL\set1\non_plasma\IMG_1937_p_33.jpg,0,non_plasma
0.00390625,0.86541748046875,0.004513717469497144,0.004503561197028255,0.40748211231107023,0.027117811903357505,0.345238749773686,0.7118515912224265,0.3930707146139706,0.6726313572303921,F:\BUET plasma\PCMMD_LOCAL\set1\non_plasma\IMG_1937_p_34.jpg,0,non_plasma
0.040771484375,0.9569091796875,0.042607475443296336,0.04172476332740753,0.4109648660896651,0.02382234328985214,0.42632579571056783,0.710272336473652,0.3994305778952206,0.6574024873621324,F:\BUET plasma\PCMMD_LOCAL\set1\non_plasma\IMG_1937_p_35.jpg,0,non_plasma
0.00994873046875,0.82891845703125,0.012002061703850968,0.01193060811996833,0.37526807598039214,0.02060133920609951,0.23924742673809565,0.723773073682598,0.46198898016237744,0.688433718213848,F:\BUET plasma\PCMMD_LOCAL\set1\non_plasma\IMG_1937_p_36.jpg,0,non_plasma
0.4090576171875,0.5909423828125,0.6922123528196653,0.5260367573395947,0.5140325808057598,0.018000172078609468,0.5127435155822102,0.5628104415594363,0.29288689108455884,0.6022049249387255,F:\BUET plasma\PCMMD_LOCAL\set1\non_plasma\IMG_1937_p_37.jpg,0,non_plasma
0.15185546875,0.79302978515625,0.19148772415916263,0.17520271465772913,0.4086756886999592,0.038134020950645206,0.20983158716289763,0.705862486596201,0.4178335152420343,0.6502769320618873,F:\BUET plasma\PCMMD_LOCAL\set1\non_plasma\IMG_1937_p_38.jpg,0,non_plasma
0.21270751953125,0.74420166015625,0.2858197326334782,0.2513964391884027,0.4267404194750818,0.046498819768428803,0.1994603514143701,0.6899028703278186,0.37642367493872547,0.6534521963082108,F:\BUET plasma\PCMMD_LOCAL\set1\non_plasma\IMG_1937_p_39.jpg,0,non_plasma
0.10833740234375,0.85113525390625,0.1272857655073503,0.11981276592160821,0.419626113791871,0.037507978186011315,0.3442348851152139,0.6896903243719362,0.39795639935661764,0.6534749348958333,F:\BUET plasma\PCMMD_LOCAL\set1\non_plasma\IMG_1937_p_40.jpg,0,non_plasma
0.367919921875,0.632080078125,0.582078022402472,0.4587391869678061,0.4956546160130719,0.023789954900741577,0.19883801163870535,0.5866581935508578,0.30342084099264705,0.6229571174172794,F:\BUET plasma\PCMMD_LOCAL\set1\non_plasma\IMG_1937_p_41.jpg,0,non_plasma
0.040771484375,0.87506103515625,0.04659273209179047,0.04553987062819958,0.3587320165696487,0.021957727894186974,0.35063310623889343,0.726455748314951,0.46863199869791666,0.7287162032781863,F:\BUET plasma\PCMMD_LOCAL\set1\non_plasma\IMG_1937_p_42.jpg,0,non_plasma
0.01953125,0.9287109375,0.02103049421661409,0.02081240574593461,0.3957341611774918,0.01990548789128661,0.3162582697478715,0.7199381510416667,0.378008913526348,0.7148504518995098,F:\BUET plasma\PCMMD_LOCAL\set1\non_plasma\IMG_1937_p_43.jpg,0,non_plasma
0.26483154296875,0.71441650390625,0.3706962836394703,0.3153188469649324,0.44671926062091505,0.0259316792152822,0.4072039825579413,0.64803466796875,0.31341169768688726,0.6983958524816176,F:\BUET plasma\PCMMD_LOCAL\set1\non_plasma\IMG_1937_p_44.jpg,0,non_plasma
0.59014892578125,0.39349365234375,1.499767333643555,0.9161976610006177,0.5375705295138888,0.051237598594278094,0.42630518974637854,0.5186087814031862,0.19597622740502452,0.6727034026501225,F:\BUET plasma\PCMMD_LOCAL\set1\non_plasma\IMG_1937_p_45.jpg,0,non_plasma
0.287109375,0.5550537109375,0.5172641301957335,0.41690879872109815,0.4102890912224265,0.015682550873607398,0.6331511941884636,0.6509006874234069,0.40069388595281863,0.7175381529564951,F:\BUET plasma\PCMMD_LOCAL\set1\non_plasma\IMG_1937_p_46.jpg,0,non_plasma
0.377685546875,0.6214599609375,0.607739147515223,0.47482893590289926,0.5119433434180964,0.01733172546327114,0.717164329910365,0.5446315391390931,0.32662353515625,0.5929148954503677,F:\BUET plasma\PCMMD_LOCAL\set1\non_plasma\IMG_1937_p_47.jpg,0,non_plasma
0.4276123046875,0.5723876953125,0.7470676050330561,0.5579387281897028,0.5511694016799429,0.020642622336745263,0.5940225628671499,0.5212373621323529,0.26316492417279413,0.5620895086550245,F:\BUET plasma\PCMMD_LOCAL\set1\non_plasma\IMG_1937_p_48.jpg,0,non_plasma
0.30908203125,0.69091796875,0.44734982332155476,0.36973417608206044,0.5161547691993464,0.012845009233802556,0.6617985062557673,0.5368724149816176,0.33538961971507353,0.5792736577052696,F:\BUET plasma\PCMMD_LOCAL\set1\non_plasma\IMG_1937_p_49.jpg,0,non_plasma
0.20550537109375,0.76702880859375,0.2679239277472746,0.23738086032516678,0.456222793479371,0.029915576696395874,0.24303433147214368,0.642575013403799,0.3516333486519608,0.6371232575061274,F:\BUET plasma\PCMMD_LOCAL\set1\non_plasma\IMG_1937_p_50.jpg,0,non_plasma
0.5367431640625,0.4632568359375,1.1586297760210804,0.7694736574495588,0.5743401820363562,0.01341006088256836,0.8111655558027602,0.4802578795189951,0.24703895718443628,0.5496826171875,F:\BUET plasma\PCMMD_LOCAL\set1\non_plasma\IMG_1937_p_51.jpg,0,non_plasma
0.39581298828125,0.60418701171875,0.6551166784523689,0.5038715069194268,0.5254653830933416,0.012811257779598236,0.5638159194651955,0.5264306161917892,0.3145593979779412,0.5826138365502451,F:\BUET plasma\PCMMD_LOCAL\set1\non_plasma\IMG_1937_p_52.jpg,0,non_plasma
0.38037109375,0.61962890625,0.6138691883372734,0.47863451844501076,0.5263614430147059,0.011888831481337547,0.3943032286020036,0.5541726505055147,0.26220296223958334,0.6045400582107843,F:\BUET plasma\PCMMD_LOCAL\set1\non_plasma\IMG_1937_p_53.jpg,0,non_plasma
0.07611083984375,0.8759765625,0.08688684503901896,0.08331750432029132,0.46303168402777783,0.013070216894149781,0.6113328287828934,0.6314587162990196,0.3296779258578431,0.6497683057598039,F:\BUET plasma\PCMMD_LOCAL\set1\non_plasma\IMG_1937_p_54.jpg,0,non_plasma
0.0078125,0.943603515625,0.008279430789133247,0.008245344317186895,0.4312880572150736,0.012415265023708344,0.4815174689379507,0.6639918907015931,0.37175460516237746,0.6703893324908088,F:\BUET plasma\PCMMD_LOCAL\set1\non_plasma\IMG_1937_p_55.jpg,0,non_plasma
0.30877685546875,0.69122314453125,0.44671081677704194,0.36929257748799954,0.5320262235753677,0.015572694540023803,0.8011489658133172,0.5290872012867647,0.2920998965992647,0.5827342313878676,F:\BUET plasma\PCMMD_LOCAL\set1\non_plasma\IMG_1937_p_56.jpg,0,non_plasma
0.25341796875,0.71923828125,0.35234215885947046,0.30183802168191326,0.48139297385620916,0.029653975006192924,0.7835526134308027,0.5908093022365196,0.3609372606464461,0.6040745155484069,F:\BUET plasma\PCMMD_LOCAL\set1\non_plasma\IMG_1937_p_57.jpg,0,non_plasma
0.3001708984375,0.64007568359375,0.46896157146943834,0.38455573719636316,0.5122652739481208,0.014024497374892236,0.8181325023680912,0.5499052159926471,0.3358542049632353,0.5774447571997549,F:\BUET plasma\PCMMD_LOCAL\set1\non_plasma\IMG_1937_p_58.jpg,0,non_plasma
0.5069580078125,0.4930419921875,1.028224808120822,0.7071609317158762,0.5787306442759395,0.020039681401103734,0.727752619687238,0.4884385052849265,0.23207050398284312,0.5432990579044118,F:\BUET plasma\PCMMD_LOCAL\set1\non_plasma\IMG_1937_p_59.jpg,0,non_plasma
0.0,1.0,0.0,0.0,0.41520996093749996,0.009923076685518027,0.0,0.6081866096047794,0.5776381548713235,0.5685453527113971,F:\BUET plasma\PCMMD_LOCAL\set1\non_plasma\IMG_20230628_182604_p_0.jpg,0,non_plasma
0.00115966796875,0.97607421875,0.0011880940470235118,0.001187388821818535,0.42427013122957513,0.01522316449508071,0.40307253301896534,0.5976143631280637,0.4889141007965686,0.6406611423866422,F:\BUET plasma\PCMMD_LOCAL\set1\non_plasma\IMG_20230628_182644_p_0.jpg,0,non_plasma
0.0,0.99786376953125,0.0,0.0,0.42195294947406037,0.014806873083114624,0.0,0.6158423330269608,0.4732134650735294,0.6450853534773284,F:\BUET plasma\PCMMD_LOCAL\set1\non_plasma\IMG_20230628_182644_p_1.jpg,0,non_plasma
0.00018310546875,0.9744873046875,0.00018789928598271326,0.0001878816351228982,0.4155615713082108,0.020194194730371238,0.0,0.5992546530330882,0.4945417815563726,0.6595188514859068,F:\BUET plasma\PCMMD_LOCAL\set1\non_plasma\IMG_20230628_182644_p_10.jpg,0,non_plasma
0.02337646484375,0.95330810546875,0.024521416223829952,0.02422559255234683,0.46635582618464055,0.016290618624538185,0.12589271840865973,0.5191442153033088,0.43527042164522056,0.646517884497549,F:\BUET plasma\PCMMD_LOCAL\set1\non_plasma\IMG_20230628_182644_p_11.jpg,0,non_plasma
0.0010986328125,0.99749755859375,0.001101388973872606,0.0011007828900186166,0.43591196895424844,0.01777398657426238,0.05715045502581996,0.56866455078125,0.4715298521752451,0.6520696901807598,F:\BUET plasma\PCMMD_LOCAL\set1\non_plasma\IMG_20230628_182644_p_12.jpg,0,non_plasma
0.0103759765625,0.9896240234375,0.01048476625138769,0.010430182291581876,0.4688837986366422,0.018148150142282247,0.679412502013966,0.5201157513786765,0.4258003982843137,0.6474324544270833,F:\BUET plasma\PCMMD_LOCAL\set1\non_plasma\IMG_20230628_182644_p_13.jpg,0,non_plasma
0.14324951171875,0.85675048828125,0.16720096886799174,0.15460854830490836,0.4488636291104984,0.006398345556110144,0.3048004679726665,0.5652384440104167,0.4422291475183823,0.6459415211397059,F:\BUET plasma\PCMMD_LOCAL\set1\non_plasma\IMG_20230628_182644_p_2.jpg,0,non_plasma
0.1026611328125,0.8973388671875,0.11440620323765474,0.10832170990520139,0.4032576816533906,0.00718485426902771,0.32827688161405383,0.6225839652267157,0.5212445427389706,0.6463984470741422,F:\BUET plasma\PCMMD_LOCAL\set1\non_plasma\IMG_20230628_182644_p_3.jpg,0,non_plasma
0.00030517578125,0.99810791015625,0.00030575429584785667,0.00030570756252884133,0.3805257161458333,0.019245765313506125,0.26950604604736045,0.6681195427389706,0.5356296913296569,0.6546736174938725,F:\BUET plasma\PCMMD_LOCAL\set1\non_plasma\IMG_20230628_182644_p_4.jpg,0,non_plasma
0.2083740234375,0.77288818359375,0.269604359156598,0.2387053237123515,0.48488538156147876,0.007666939601302147,0.10174742963406558,0.4987848020067402,0.40782279220281864,0.6387362611060049,F:\BUET plasma\PCMMD_LOCAL\set1\non_plasma\IMG_20230628_182644_p_5.jpg,0,non_plasma
0.18353271484375,0.81646728515625,0.2247888166255513,0.20276843454364799,0.4581583658854167,0.012380973756313324,0.45823281410359396,0.5265605851715687,0.512530397901348,0.5864339192708333,F:\BUET plasma\PCMMD_LOCAL\set1\non_plasma\IMG_20230628_182716_p_0.jpg,0,non_plasma
0.2142333984375,0.7857666015625,0.2726425353425509,0.24109547522667318,0.5266619912939134,0.0089550103507936,0.5046216568072207,0.431942689185049,0.3945042030484069,0.593567133884804,F:\BUET plasma\PCMMD_LOCAL\set1\non_plasma\IMG_20230628_182716_p_2.jpg,0,non_plasma
0.11090087890625,0.88092041015625,0.1258920529342479,0.11857565739032015,0.4350059359681373,0.016379695888608693,0.32027472725662853,0.5623070810355392,0.5021233053768382,0.6305518056832108,F:\BUET plasma\PCMMD_LOCAL\set1\non_plasma\IMG_20230628_182734_p_1.jpg,0,non_plasma
0.0,0.9830322265625,0.0,0.0,0.45302862030228763,0.020669562757015227,0.0,0.5607752182904412,0.44241751876531865,0.6377214020373775,F:\BUET plasma\PCMMD_LOCAL\set1\non_plasma\IMG_20230628_182734_p_2.jpg,0,non_plasma
0.05194091796875,0.94805908203125,0.05478658340307732,0.05333845585132711,0.4976305593852124,0.05062360893189907,0.20326150031612927,0.5007869944852941,0.3612929400275735,0.6450283873314951,F:\BUET plasma\PCMMD_LOCAL\set1\non_plasma\IMG_20230628_182734_p_3.jpg,0,non_plasma
0.17059326171875,0.82940673828125,0.2056810655677386,0.1870446069187369,0.4667853062448938,0.01437424686178565,0.3917125295825283,0.5268794041053921,0.49842242072610293,0.5743422564338235,F:\BUET plasma\PCMMD_LOCAL\set1\non_plasma\IMG_20230628_182816_p_0.jpg,0,non_plasma
0.01507568359375,0.983642578125,0.01532638371804418,0.015210121117657667,0.45357458575878273,0.02479085445404053,0.6731214576567175,0.5474391563265931,0.4998279047947304,0.5920091816023284,F:\BUET plasma\PCMMD_LOCAL\set1\non_plasma\IMG_20230628_182816_p_1.jpg,0,non_plasma
0.20330810546875,0.79669189453125,0.25519037769095226,0.2272872564504445,0.5166617200265522,0.016397167786955835,0.25975174318856276,0.4992958218443627,0.41164072074142155,0.5390782973345588,F:\BUET plasma\PCMMD_LOCAL\set1\non_plasma\IMG_20230628_182816_p_2.jpg,0,non_plasma
0.27490234375,0.72509765625,0.37912457912457914,0.3214489349225984,0.4971357358047386,0.01611110046133399,0.44430026664145233,0.5055163813572304,0.4475088082107843,0.5555676030177696,F:\BUET plasma\PCMMD_LOCAL\set1\non_plasma\IMG_20230628_182816_p_3.jpg,0,non_plasma
0.319580078125,0.680419921875,0.46968066020810906,0.3850451392373955,0.5759871738408905,0.006739046514034271,0.8739308977912131,0.38881357230392155,0.4049342735140931,0.4782906326593137,F:\BUET plasma\PCMMD_LOCAL\set1\non_plasma\IMG_20230628_182840_p_1.jpg,0,non_plasma
0.00567626953125,0.99432373046875,0.005708673500705911,0.005692440773065004,0.47356451695261437,0.024001888271421194,0.6704789463011261,0.5826009114583334,0.47423909505208334,0.5224664426317402,F:\BUET plasma\PCMMD_LOCAL\set1\non_plasma\IMG_20230628_182840_p_2.jpg,0,non_plasma
0.1939697265625,0.8060302734375,0.24064819021656822,0.21563397708471765,0.5226457184436275,0.010988219376653433,0.47740282356686686,0.4996112898284314,0.45554558249080884,0.47690597234987747,F:\BUET plasma\PCMMD_LOCAL\set1\non_plasma\IMG_20230628_182840_p_3.jpg,0,non_plasma
0.01556396484375,0.98443603515625,0.01581003162006324,0.01568635492205178,0.5328034843494689,0.04149735826253891,0.4712504308143847,0.46638925589767155,0.4078802370557598,0.5273200539981617,F:\BUET plasma\PCMMD_LOCAL\set1\non_plasma\IMG_20230628_182857_p_0.jpg,0,non_plasma
0.20452880859375,0.79547119140625,0.257116550295404,0.22882064630851454,0.5533819061478757,0.023126099582761527,0.176531577896553,0.46196217256433825,0.35454723881740197,0.5233448701746324,F:\BUET plasma\PCMMD_LOCAL\set1\non_plasma\IMG_20230628_182857_p_1.jpg,0,non_plasma
0.1102294921875,0.8897705078125,0.12388530662642337,0.11679170589707606,0.5426263946333743,0.018023238897323608,0.31046499359575086,0.48038330078125,0.3617757161458333,0.5299617991727941,F:\BUET plasma\PCMMD_LOCAL\set1\non_plasma\IMG_20230628_182857_p_2.jpg,0,non_plasma
0.269775390625,0.730224609375,0.3694416583082581,0.3144031080893957,0.5436169992085376,0.01811026668548584,0.17165155540512547,0.4920565736060049,0.3427554859834559,0.5343369427849265,F:\BUET plasma\PCMMD_LOCAL\set1\non_plasma\IMG_20230628_182857_p_3.jpg,0,non_plasma
0.469970703125,0.530029296875,0.886688162137264,0.6348229968410519,0.551965411815768,0.01114215062558651,0.7623776853861846,0.46221062155330883,0.3456306008731618,0.5362625421262255,F:\BUET plasma\PCMMD_LOCAL\set1\non_plasma\IMG_20230628_182857_p_4.jpg,0,non_plasma
0.21337890625,0.78662109375,0.271260086902545,0.24000860298242402,0.5011027018229166,0.032681571722030636,0.24611293506900714,0.536001646752451,0.4092364142922794,0.5514538334865197,F:\BUET plasma\PCMMD_LOCAL\set1\non_plasma\IMG_20230628_182857_p_5.jpg,0,non_plasma
0.25091552734375,0.74908447265625,0.33496292674977596,0.2889035212417261,0.5507613836550245,0.022445456590503454,0.11304349691784413,0.4703720990349265,0.34528329886642156,0.5320604511335785,F:\BUET plasma\PCMMD_LOCAL\set1\non_plasma\IMG_20230628_182857_p_6.jpg,0,non_plasma
0.26214599609375,0.73785400390625,0.3552816610141451,0.3040093006372424,0.5223675098294527,0.019472549375146628,0.53869195218018,0.51724853515625,0.38185197418811273,0.5337969611672794,F:\BUET plasma\PCMMD_LOCAL\set1\non_plasma\IMG_20230628_182857_p_7.jpg,0,non_plasma
0.32427978515625,0.67572021484375,0.47990244783669045,0.39197617197976753,0.5842482224009395,0.011144245740026235,0.1360526546378383,0.402749693627451,0.3506345262714461,0.49387111289828434,F:\BUET plasma\PCMMD_LOCAL\set1\non_plasma\IMG_20230628_182915_p_0.jpg,0,non_plasma
0.20953369140625,0.79046630859375,0.2650760559030191,0.23513224361564714,0.5582734949448529,0.020534886475652457,0.16662471520341338,0.4684989181219363,0.35018406288296566,0.5064965341605392,F:\BUET plasma\PCMMD_LOCAL\set1\non_plasma\IMG_20230628_182915_p_1.jpg,0,non_plasma
0.192626953125,0.807373046875,0.2385848200786211,0.21396945373755094,0.5577004027522467,0.013885630395263433,0.08133744221599251,0.450347780713848,0.3800436580882353,0.4965073529411765,F:\BUET plasma\PCMMD_LOCAL\set1\non_plasma\IMG_20230628_182915_p_10.jpg,0,non_plasma
0.305908203125,0.694091796875,0.4407316215265564,0.3651510550683439,0.5971932604421977,0.02078867220506072,0.11525110819646206,0.39209175857843137,0.33393865847120097,0.4823898016237745,F:\BUET plasma\PCMMD_LOCAL\set1\non_plasma\IMG_20230628_182915_p_11.jpg,0,non_plasma
0.2371826171875,0.7628173828125,0.31092974875980156,0.2707366173502073,0.5303091011795343,0.022239978190511465,0.14889505873559922,0.4847302006740196,0.3908846986060049,0.5334577971813725,F:\BUET plasma\PCMMD_LOCAL\set1\non_plasma\IMG_20230628_182915_p_2.jpg,0,non_plasma
0.1744384765625,0.8255615234375,0.2112967617921041,0.19169148970434907,0.5640950520833333,0.024244092330336572,0.18858026362835106,0.4716976390165441,0.34113721660539215,0.4948799881280637,F:\BUET plasma\PCMMD_LOCAL\set1\non_plasma\IMG_20230628_182915_p_3.jpg,0,non_plasma
0.13153076171875,0.86846923828125,0.1514512615081875,0.14102311329354292,0.49741601881638076,0.02876787832006812,0.3645887737842835,0.5169756721047795,0.45861409505208334,0.5321621763939951,F:\BUET plasma\PCMMD_LOCAL\set1\non_plasma\IMG_20230628_182915_p_4.jpg,0,non_plasma
0.1177978515625,0.8822021484375,0.1335270513352705,0.12533405599630798,0.531847984962214,0.015356552124023438,0.1845997450921714,0.4744487687653186,0.4021994198069853,0.5278078565410539,F:\BUET plasma\PCMMD_LOCAL\set1\non_plasma\IMG_20230628_182915_p_8.jpg,0,non_plasma
0.1644287109375,0.8355712890625,0.19678597516435353,0.17963960955673977,0.5646091037326388,0.020385818347334862,0.11565484556181181,0.44815266927083336,0.3398435106464461,0.5181765088848039,F:\BUET plasma\PCMMD_LOCAL\set1\non_plasma\IMG_20230628_182915_p_9.jpg,0,non_plasma
0.29388427734375,0.70611572265625,0.41619846140548017,0.3479761418103455,0.5677533318014706,0.007800336536020041,0.8569088973168136,0.42434776156556375,0.36717912262561275,0.5052131204044118,F:\BUET plasma\PCMMD_LOCAL\set1\non_plasma\IMG_20230628_182924_p_0.jpg,0,non_plasma
0.78814697265625,0.21185302734375,3.720253529242293,1.551862511977448,0.6603405522365196,0.02769629469141364,0.5521590682674702,0.24832117417279412,0.2689129997702206,0.5017441693474265,F:\BUET plasma\PCMMD_LOCAL\set1\non_plasma\IMG_20230628_182924_p_1.jpg,0,non_plasma
0.63909912109375,0.36090087890625,1.7708439032639947,1.0191519320184044,0.6300578597324347,0.03305860232934356,0.6847218887867862,0.3171077952665441,0.28912401386335784,0.5035946116727941,F:\BUET plasma\PCMMD_LOCAL\set1\non_plasma\IMG_20230628_182924_p_10.jpg,0,non_plasma
0.168212890625,0.831787109375,0.2022307014969181,0.18417874905837714,0.5511244032118056,0.021196468617767094,0.2457731268048689,0.46193704044117645,0.37009301279105394,0.514596737132353,F:\BUET plasma\PCMMD_LOCAL\set1\non_plasma\IMG_20230628_182924_p_11.jpg,0,non_plasma
0.04205322265625,0.95794677734375,0.04389933099713284,0.042963058563180404,0.5037837009803922,0.02209216094017029,0.17150822371693217,0.5289725509344363,0.42618312461703434,0.5334932215073529,F:\BUET plasma\PCMMD_LOCAL\set1\non_plasma\IMG_20230628_182924_p_12.jpg,0,non_plasma
0.08526611328125,0.91473388671875,0.09321411890304931,0.08912209019423824,0.4710851332720588,0.031044342543929817,0.2579829870523517,0.5297765395220588,0.5025309244791667,0.554437136182598,F:\BUET plasma\PCMMD_LOCAL\set1\non_plasma\IMG_20230628_182924_p_13.jpg,0,non_plasma
0.55181884765625,0.44818115234375,1.231240637341686,0.8025577703876239,0.5990823982587827,0.027013525303453207,0.4792945002719687,0.3211859011182598,0.34069536994485294,0.5408715341605392,F:\BUET plasma\PCMMD_LOCAL\set1\non_plasma\IMG_20230628_182924_p_14.jpg,0,non_plasma
0.71368408203125,0.28631591796875,2.492645491366446,1.2506594695107762,0.6366739908854167,0.017755903895944357,0.8540592504303934,0.30952004825367646,0.2691983092064951,0.5112596698835784,F:\BUET plasma\PCMMD_LOCAL\set1\non_plasma\IMG_20230628_182924_p_15.jpg,0,non_plasma
0.3765869140625,0.6234130859375,0.6040728411983552,0.47254592063164513,0.5601031932955474,0.008233430370688438,0.29519186330346814,0.4221043007046569,0.37027061312806375,0.5273155062806373,F:\BUET plasma\PCMMD_LOCAL\set1\non_plasma\IMG_20230628_182924_p_16.jpg,0,non_plasma
0.1563720703125,0.8436279296875,0.1853566777600926,0.17004372318789468,0.546719101051879,0.021135797020047902,0.4448726345561091,0.4663076363357843,0.3807040345435049,0.5128310259650736,F:\BUET plasma\PCMMD_LOCAL\set1\non_plasma\IMG_20230628_182924_p_17.jpg,0,non_plasma
0.41448974609375,0.58551025390625,0.7079120191806526,0.5352715830212869,0.6007388844209559,0.007487458333373069,0.26394647406927924,0.3812365962009804,0.31526596966911763,0.5012807808670343,F:\BUET plasma\PCMMD_LOCAL\set1\non_plasma\IMG_20230628_182924_p_18.jpg,0,non_plasma
0.51519775390625,0.48480224609375,1.062696714087876,0.7240142112061022,0.6154228260314543,0.013611771047115325,0.4154803301303818,0.35947959750306374,0.29014054840686276,0.5041113759957108,F:\BUET plasma\PCMMD_LOCAL\set1\non_plasma\IMG_20230628_182924_p_19.jpg,0,non_plasma
0.27301025390625,0.72698974609375,0.37553521954495844,0.3188429059583334,0.5630578533496733,0.02606413656100631,0.8771499370329077,0.4435743144914216,0.36395885991115196,0.5032932655484068,F:\BUET plasma\PCMMD_LOCAL\set1\non_plasma\IMG_20230628_182924_p_2.jpg,0,non_plasma
0.20770263671875,0.79229736328125,0.2621523765503428,0.23281849894623982,0.5475697635825163,0.020572543170303107,0.40694844697377885,0.4602551030177696,0.3798366172640931,0.5171989889705882,F:\BUET plasma\PCMMD_LOCAL\set1\non_plasma\IMG_20230628_182924_p_3.jpg,0,non_plasma
0.3135986328125,0.6864013671875,0.4568735550417926,0.3762927389870873,0.582620219311683,0.015487525787204503,0.1421074662073198,0.4146931966145833,0.3241811714920343,0.5132649739583334,F:\BUET plasma\PCMMD_LOCAL\set1\non_plasma\IMG_20230628_182924_p_4.jpg,0,non_plasma
0.430908203125,0.569091796875,0.7571857571857572,0.5637135276835866,0.6236309774560866,0.02428619411215186,0.5129904853213552,0.3368252623314951,0.2972807042738971,0.49500110102634803,F:\BUET plasma\PCMMD_LOCAL\set1\non_plasma\IMG_20230628_182924_p_5.jpg,0,non_plasma
0.3880615234375,0.60919189453125,0.6370103196072537,0.49287160234423705,0.6026608136744281,0.017451654851436616,0.8672718647804811,0.36207466873468136,0.365286314721201,0.46465657552083334,F:\BUET plasma\PCMMD_LOCAL\set1\non_plasma\IMG_20230628_182924_p_6.jpg,0,non_plasma
0.28564453125,0.71435546875,0.3998632946001367,0.33637458513927404,0.5832811542585784,0.035533512696623804,0.8562381951316567,0.4085580863204657,0.34452742034313727,0.49707103056066176,F:\BUET plasma\PCMMD_LOCAL\set1\non_plasma\IMG_20230628_182924_p_7.jpg,0,non_plasma
0.40057373046875,0.59942626953125,0.6682618877914672,0.5117822986814601,0.5902626985038807,0.017337769117206334,0.21795905713297284,0.39674933938419116,0.31549024394914216,0.5169723211550246,F:\BUET plasma\PCMMD_LOCAL\set1\non_plasma\IMG_20230628_182924_p_9.jpg,0,non_plasma
0.2916259765625,0.7083740234375,0.41168361192486647,0.34478304308868074,0.5677616293913399,0.009282615125179292,0.8179377510214872,0.4145608340992647,0.392221009497549,0.48993326822916666,F:\BUET plasma\PCMMD_LOCAL\set1\non_plasma\IMG_20230628_183000_p_1.jpg,0,non_plasma
0.1279296875,0.8720703125,0.14669652855543114,0.13688522472295406,0.5386919009140114,0.022939338624477387,0.25146751284505026,0.48409256280637253,0.4035199333639706,0.4963118010876226,F:\BUET plasma\PCMMD_LOCAL\set1\non_plasma\IMG_20230628_183000_p_2.jpg,0,non_plasma
0.120361328125,0.879638671875,0.13683041909519844,0.1282440559712505,0.548538267846201,0.01944308152422309,0.23715944983494686,0.4655637254901961,0.3992977366727941,0.48952373429840684,F:\BUET plasma\PCMMD_LOCAL\set1\non_plasma\IMG_20230628_183000_p_3.jpg,0,non_plasma
0.2218017578125,0.7781982421875,0.28501960784313723,0.2507739772526621,0.5864910449857026,0.03594929991662502,0.1338438885216462,0.4161872414981618,0.3646886488970588,0.4596509746476716,F:\BUET plasma\PCMMD_LOCAL\set1\non_plasma\IMG_20230628_183000_p_4.jpg,0,non_plasma
0.483154296875,0.516845703125,0.9348134152102031,0.6600108955844785,0.6132801330167483,0.007504856809973716,0.4140522698961027,0.33800551470588236,0.3688849954044118,0.45326909083946076,F:\BUET plasma\PCMMD_LOCAL\set1\non_plasma\IMG_20230628_183000_p_5.jpg,0,non_plasma
0.10394287109375,0.89605712890625,0.11600027246100401,0.109751108099774,0.5283389820772059,0.020742694403976202,0.7341022802153663,0.4843003216911765,0.43629653033088234,0.49438620174632353,F:\BUET plasma\PCMMD_LOCAL\set1\non_plasma\IMG_20230628_183000_p_6.jpg,0,non_plasma
0.19659423828125,0.80340576171875,0.24470105599027578,0.2188953854138266,0.5208139456954657,0.021471699938178063,0.45003901366378984,0.4796286190257353,0.42917169309129904,0.5287578507965687,F:\BUET plasma\PCMMD_LOCAL\set1\non_plasma\IMG_20230628_183008_p_0.jpg,0,non_plasma
0.30291748046875,0.69708251953125,0.434550389633132,0.36085148278862733,0.5965983870761846,0.016201280649751425,0.11419452370980783,0.4227249444699755,0.29463393267463234,0.49284596162683825,F:\BUET plasma\PCMMD_LOCAL\set1\non_plasma\IMG_20230628_183008_p_1.jpg,0,non_plasma
0.27880859375,0.72119140625,0.3865944482058226,0.3268507036280186,0.563729559206495,0.02058925533294678,0.20687227578882456,0.44045386220894606,0.3590573778339461,0.5093000823376226,F:\BUET plasma\PCMMD_LOCAL\set1\non_plasma\IMG_20230628_183008_p_10.jpg,0,non_plasma
0.23797607421875,0.76202392578125,0.3122947537044453,0.27177732512536074,0.5807638729319853,0.03757189559936523,0.1069665406105217,0.3908205518535539,0.3534603343290441,0.513427495021446,F:\BUET plasma\PCMMD_LOCAL\set1\non_plasma\IMG_20230628_183008_p_11.jpg,0,non_plasma
0.24005126953125,0.75994873046875,0.3158782427114288,0.2745043078868218,0.5572102066738154,0.018299244344234467,0.5388026816590612,0.4515572342218137,0.35076521331188726,0.5260469324448529,F:\BUET plasma\PCMMD_LOCAL\set1\non_plasma\IMG_20230628_183008_p_4.jpg,0,non_plasma
0.38433837890625,0.61566162109375,0.6242688609100823,0.4850577827843989,0.5984757167841095,0.012003081943839788,0.4326763056100323,0.39014844707414215,0.3014004576439951,0.5130239449295343,F:\BUET plasma\PCMMD_LOCAL\set1\non_plasma\IMG_20230628_183008_p_5.jpg,0,non_plasma
0.41754150390625,0.58245849609375,0.7168605260400294,0.5404973474219805,0.5763289707158905,0.014011128779500722,0.11155539441529747,0.4306360581341912,0.32192693972120096,0.5184500899969363,F:\BUET plasma\PCMMD_LOCAL\set1\non_plasma\IMG_20230628_183008_p_6.jpg,0,non_plasma
0.19110107421875,0.80889892578125,0.23624839658945143,0.2120813069585556,0.563833279079861,0.021626096960157156,0.2453536072371316,0.4652461033241422,0.35555419921875,0.4876998602175245,F:\BUET plasma\PCMMD_LOCAL\set1\non_plasma\IMG_20230628_183008_p_7.jpg,0,non_plasma
0.30682373046875,0.69317626953125,0.44263449854715153,0.366470954947588,0.5728345683976716,0.016094892844557764,0.17090096367711793,0.44195700252757353,0.34247999004289215,0.4970593022365196,F:\BUET plasma\PCMMD_LOCAL\set1\non_plasma\IMG_20230628_183008_p_8.jpg,0,non_plasma
0.1605224609375,0.8394775390625,0.1912171004798604,0.1749755579594529,0.55157470703125,0.020486999478191138,0.4114276250693859,0.4755318435968137,0.3701317880667892,0.4996122472426471,F:\BUET plasma\PCMMD_LOCAL\set1\non_plasma\IMG_20230628_183008_p_9.jpg,0,non_plasma
0.154296875,0.845703125,0.18244803695150116,0.16758689703701796,0.5304799996170343,0.023717147588729857,0.07818837024403234,0.4837115119485294,0.4081255744485294,0.5167229147518382,F:\BUET plasma\PCMMD_LOCAL\set1\non_plasma\IMG_20230628_183027_p_0.jpg,0,non_plasma
0.2724609375,0.7275390625,0.374496644295302,0.31808758721989355,0.5559358085682189,0.007575796004384756,0.8643697275541147,0.42657973345588235,0.3942026175704657,0.5114102232689951,F:\BUET plasma\PCMMD_LOCAL\set1\non_plasma\IMG_20230628_183027_p_1.jpg,0,non_plasma
0.279296875,0.720703125,0.3875338753387534,0.3275279809989806,0.5390813291462418,0.01648585044965148,0.32498012281942873,0.4465499578737745,0.4054350011488971,0.530771053538603,F:\BUET plasma\PCMMD_LOCAL\set1\non_plasma\IMG_20230628_183027_p_2.jpg,0,non_plasma
0.24383544921875,0.75616455078125,0.3224634756638954,0.2794962667234955,0.5264276641646242,0.009476581957191229,0.5897561086722235,0.46789742264093137,0.43568498200061273,0.5171346028645833,F:\BUET plasma\PCMMD_LOCAL\set1\non_plasma\IMG_20230628_183027_p_3.jpg,0,non_plasma
0.1986083984375,0.8013916015625,0.24782939832444784,0.22140556054239247,0.516641295189951,0.023372829437255858,0.28358021715173704,0.5240490483302697,0.3869844324448529,0.5390426336550245,F:\BUET plasma\PCMMD_LOCAL\set1\non_plasma\IMG_20230628_183027_p_4.jpg,0,non_plasma
0.08831787109375,0.91168212890625,0.09687353551583316,0.09246389252894191,0.5227309283088235,0.023316573858261108,0.6728216531792548,0.5073407341452206,0.3803392597273284,0.5441272212009803,F:\BUET plasma\PCMMD_LOCAL\set1\non_plasma\IMG_20230628_183027_p_5.jpg,0,non_plasma
0.49432373046875,0.50567626953125,0.9775497887748944,0.681858597978571,0.5662711748110703,0.010773388799279929,0.27188331795933757,0.4634363511029412,0.3329968022365196,0.5047533222273284,F:\BUET plasma\PCMMD_LOCAL\set1\non_plasma\IMG_20230628_183027_p_6.jpg,0,non_plasma
0.06719970703125,0.93280029296875,0.07204082968003664,0.06956414931139798,0.5393910526450163,0.033087004866451025,0.19805736034470547,0.48398006663602944,0.37771905637254904,0.5201277190563726,F:\BUET plasma\PCMMD_LOCAL\set1\non_plasma\IMG_20230628_183027_p_8.jpg,0,non_plasma
0.010009765625,0.989990234375,0.010110974106041924,0.010060200169830417,0.4817430683210784,0.020831036031246187,0.3033486741583623,0.5781731100643382,0.48479602290134804,0.49180166207107845,F:\BUET plasma\PCMMD_LOCAL\set1\non_plasma\IMG_20230628_183044_p_0.jpg,0,non_plasma
0.3199462890625,0.6800537109375,0.4704720875964818,0.3855834972584735,0.5727614857792076,0.005282065019011497,0.8749554319273602,0.4369341681985294,0.3688615387561274,0.47591983570772056,F:\BUET plasma\PCMMD_LOCAL\set1\non_plasma\IMG_20230628_183044_p_2.jpg,0,non_plasma
0.37310791015625,0.62689208984375,0.5951708694382242,0.46698085867343,0.6102311676623775,0.004036972045898438,0.8525823890117732,0.3471543255974265,0.34419783049938724,0.47795434091605393,F:\BUET plasma\PCMMD_LOCAL\set1\non_plasma\IMG_20230628_183120_p_0.jpg,0,non_plasma
0.3568115234375,0.6431884765625,0.5547542228126779,0.4413174770700033,0.6042903326695261,0.005616449296474457,0.8444307703106841,0.34896120557598037,0.35581533394607845,0.48235246246936275,F:\BUET plasma\PCMMD_LOCAL\set1\non_plasma\IMG_20230628_183120_p_1.jpg,0,non_plasma
0.14996337890625,0.85003662109375,0.17641990378401665,0.16247584678614238,0.5417168511284722,0.017654599606990815,0.07573696393384555,0.4607273475796569,0.4072796989889706,0.5068424000459559,F:\BUET plasma\PCMMD_LOCAL\set1\non_plasma\IMG_20230628_183120_p_2.jpg,0,non_plasma
0.05224609375,0.94775390625,0.05512622359608449,0.05366040299038814,0.5214653065002042,0.017295565351843834,0.20539581400389315,0.49977668313419116,0.4234571269914216,0.5123702703737745,F:\BUET plasma\PCMMD_LOCAL\set1\non_plasma\IMG_20230628_183120_p_3.jpg,0,non_plasma
0.511474609375,0.488525390625,1.0469765117441279,0.7163638321356103,0.5889693116830066,0.007228525664657355,0.24920292311720835,0.4145041073069853,0.3062890146292892,0.5122989430147059,F:\BUET plasma\PCMMD_LOCAL\set1\non_plasma\IMG_20230628_183120_p_4.jpg,0,non_plasma
0.56982421875,0.43017578125,1.3246311010215663,0.8435613602232188,0.6139825559129901,0.01007992234453559,0.47178722963566133,0.3552291570925245,0.3164715935202206,0.4863515816482843,F:\BUET plasma\PCMMD_LOCAL\set1\non_plasma\IMG_20230628_183120_p_5.jpg,0,non_plasma
0.04486083984375,0.95513916015625,0.046967857371078024,0.0458982316760624,0.5069904003267973,0.014627443730831146,0.18051931519350217,0.5204613779105393,0.4260732613357843,0.5324941597732843,F:\BUET plasma\PCMMD_LOCAL\set1\non_plasma\IMG_20230628_183145_p_0.jpg,0,non_plasma
0.108642578125,0.891357421875,0.12188441522870447,0.11500978506370686,0.45773981630412586,0.00748847895488143,0.30543726362084267,0.5496361825980393,0.5203687480851715,0.5567756204044118,F:\BUET plasma\PCMMD_LOCAL\set1\non_plasma\IMG_20230628_183145_p_1.jpg,0,non_plasma
0.3492431640625,0.6507568359375,0.5366722941286813,0.429619230456528,0.551199400658701,0.013910122897475959,0.2738060995080012,0.42607709099264707,0.38342883540134803,0.5368958716299019,F:\BUET plasma\PCMMD_LOCAL\set1\non_plasma\IMG_20230628_183212_p_2.jpg,0,non_plasma
0.07635498046875,0.92364501953125,0.08266701909733695,0.07942745915220815,0.5017538232741012,0.008075695779174566,0.1801344166577068,0.5530946020986519,0.3944161209405637,0.5472278071384804,F:\BUET plasma\PCMMD_LOCAL\set1\non_plasma\IMG_20230628_183212_p_3.jpg,0,non_plasma
0.0,1.0,0.0,0.0,0.5009364308874591,0.02770839312300086,0.0,0.5478144626991421,0.41053179572610293,0.5388444489123775,F:\BUET plasma\PCMMD_LOCAL\set1\non_plasma\IMG_20230628_183212_p_4.jpg,0,non_plasma
0.0006103515625,0.9993896484375,0.0006107243190423843,0.0006105379028408598,0.5319007225285948,0.022674122750759126,0.6737651190752144,0.5112687653186274,0.3940008425245098,0.4990282245710784,F:\BUET plasma\PCMMD_LOCAL\set1\non_plasma\IMG_20230628_183303_p_0.jpg,0,non_plasma
0.00067138671875,0.99932861328125,0.0006718377817137971,0.0006716121997420011,0.5397175308925654,0.02825896380841732,0.6430287075658971,0.4657736385569853,0.4181597541360294,0.4969140146292892,F:\BUET plasma\PCMMD_LOCAL\set1\non_plasma\IMG_20230628_183313_p_0.jpg,0,non_plasma
0.003173828125,0.996826171875,0.0031839333823169237,0.0031788753997679495,0.5169741561989379,0.022957324743270873,0.7912165351295887,0.5228939280790441,0.40810379327512253,0.5180798100490196,F:\BUET plasma\PCMMD_LOCAL\set1\non_plasma\IMG_20230628_183313_p_1.jpg,0,non_plasma
0.0574951171875,0.9425048828125,0.06100246082113716,0.05921417897047325,0.5456124100030637,0.019155590649694205,0.39901617783191,0.49147925283394606,0.3699271407781863,0.5017563763786764,F:\BUET plasma\PCMMD_LOCAL\set1\non_plasma\IMG_20230628_183313_p_2.jpg,0,non_plasma
0.0484619140625,0.9515380859375,0.0509300833867864,0.04967556578741213,0.5103870666104984,0.015636600956320763,0.21952108410298954,0.4933739755667892,0.43184575099571076,0.5436190736060049,F:\BUET plasma\PCMMD_LOCAL\set1\non_plasma\IMG_20230628_183509_p_2.jpg,0,non_plasma
0.038818359375,0.961181640625,0.04038608077216155,0.0395918757756062,0.5227382684844771,0.011993344571441413,0.503385339868106,0.4972531786151961,0.3991914636948529,0.5353405522365197,F:\BUET plasma\PCMMD_LOCAL\set1\non_plasma\IMG_20230628_183509_p_3.jpg,0,non_plasma
0.363037109375,0.636962890625,0.5699501724798773,0.45104388158261527,0.6034539515676062,0.013000743016600608,0.4258594611974322,0.3773928174785539,0.347625852098652,0.46461947571997547,F:\BUET plasma\PCMMD_LOCAL\set1\non_plasma\IMG_20230628_183524_p_1.jpg,0,non_plasma
0.026611328125,0.973388671875,0.027338851266616504,0.026971819337988694,0.5006158566942402,0.02461622205004096,0.2467237174998353,0.5221708409926471,0.4389239142922794,0.537057674632353,F:\BUET plasma\PCMMD_LOCAL\set1\non_plasma\IMG_20230628_183532_p_0.jpg,0,non_plasma
0.03192138671875,0.96807861328125,0.03297396128869554,0.03244198293567443,0.523001238255719,0.015505302663892507,0.1263626527448573,0.48154440487132355,0.4067339728860294,0.5427179074754902,F:\BUET plasma\PCMMD_LOCAL\set1\non_plasma\IMG_20230628_183532_p_1.jpg,0,non_plasma
0.3017578125,0.6982421875,0.43216783216783217,0.35918926290544545,0.5847858104830473,0.010145341336727143,0.2974160087764248,0.41984671798406864,0.31648236443014705,0.5093134861366422,F:\BUET plasma\PCMMD_LOCAL\set1\non_plasma\IMG_20230628_183532_p_8.jpg,0,non_plasma
0.32843017578125,0.67156982421875,0.48904844133418157,0.39813728596932163,0.5098553027982027,0.010437680419534445,0.2825730664806922,0.4737405215992647,0.43272202435661766,0.5639715456495098,F:\BUET plasma\PCMMD_LOCAL\set1\non_plasma\IMG_20230628_183624_p_6.jpg,0,non_plasma
0.0511474609375,0.94854736328125,0.05392188404864552,0.052518333566767605,0.47825792100694453,0.021063356816768648,0.5415353201256919,0.5079245174632353,0.46309216069240194,0.5942095588235294,F:\BUET plasma\PCMMD_LOCAL\set1\non_plasma\IMG_20230628_183624_p_7.jpg,0,non_plasma
0.23095703125,0.76904296875,0.3003174603174603,0.26260843489966496,0.5653615515216504,0.023512231256812812,0.274833263269796,0.4552317899816177,0.3419323491115196,0.5067512063419117,F:\BUET plasma\PCMMD_LOCAL\set1\non_plasma\IMG_20230628_183629_p_0.jpg,0,non_plasma
0.36761474609375,0.63238525390625,0.5813145449280958,0.4582564915874826,0.5871524586397059,0.03686527585610747,0.23840233230735058,0.4052200616574755,0.33477065142463236,0.4985519109987745,F:\BUET plasma\PCMMD_LOCAL\set1\non_plasma\IMG_20230628_183629_p_2.jpg,0,non_plasma
0.30694580078125,0.69305419921875,0.4428885953324527,0.3666470732995755,0.5329270705678104,0.012766235336661338,0.6733848443299324,0.4768075980392157,0.37975571576286765,0.5446554744944853,F:\BUET plasma\PCMMD_LOCAL\set1\non_plasma\IMG_20230628_183635_p_0.jpg,0,non_plasma
0.20947265625,0.79052734375,0.2649783817171093,0.23505503248176324,0.517907874412786,0.018412791278213263,0.5732278851101456,0.47825185738357845,0.4065937117034314,0.5614308076746324,F:\BUET plasma\PCMMD_LOCAL\set1\non_plasma\IMG_20230628_183635_p_1.jpg,0,non_plasma
0.10858154296875,0.89141845703125,0.1218076001369394,0.11494131301739301,0.5523333780126634,0.015537456139922141,0.3718836236818058,0.47016457950367646,0.34127293007046566,0.5315623563878676,F:\BUET plasma\PCMMD_LOCAL\set1\non_plasma\IMG_20230628_183635_p_2.jpg,0,non_plasma
0.30401611328125,0.69598388671875,0.4368148732789617,0.3624287701818759,0.5830058178870507,0.01921681922674179,0.33734100983865933,0.4500947840073529,0.30339977787990197,0.49748798445159315,F:\BUET plasma\PCMMD_LOCAL\set1\non_plasma\IMG_20230628_183635_p_3.jpg,0,non_plasma
0.17144775390625,0.82855224609375,0.20692449355432782,0.18807538303709814,0.5058710235396242,0.011080683648586272,0.18612210223433143,0.5062748927696078,0.41501057942708336,0.5611014571844363,F:\BUET plasma\PCMMD_LOCAL\set1\non_plasma\IMG_20230628_183639_p_1.jpg,0,non_plasma
0.29266357421875,0.70733642578125,0.41375442229700576,0.3462488765048433,0.5726192299836601,0.019687466438859703,0.21053651447486413,0.39726251340379903,0.39065850949754904,0.49422128714767155,F:\BUET plasma\PCMMD_LOCAL\set1\non_plasma\IMG_20230628_183723_p_10.jpg,0,non_plasma
0.1746826171875,0.8253173828125,0.21165508060937732,0.19198726018861115,0.5638265771803512,0.04316950152814388,0.18424251795923274,0.43701794194240196,0.4072775448069853,0.46422478170955883,F:\BUET plasma\PCMMD_LOCAL\set1\non_plasma\IMG_20230628_183723_p_11.jpg,0,non_plasma
0.32568359375,0.67431640625,0.4829833454018827,0.39405583275010625,0.6101520214205474,0.03856545343622565,0.13518133135979973,0.4020531747855392,0.34569690180759804,0.4217938591452206,F:\BUET plasma\PCMMD_LOCAL\set1\non_plasma\IMG_20230628_183723_p_5.jpg,0,non_plasma
0.4964599609375,0.5035400390625,0.9859393939393939,0.6860920485105076,0.6273762222988154,0.013595498915761709,0.15769498110427996,0.3818361768535539,0.2968864889705882,0.43914866727941176,F:\BUET plasma\PCMMD_LOCAL\set1\non_plasma\IMG_20230628_183723_p_6.jpg,0,non_plasma
0.40106201171875,0.59893798828125,0.6696219300927341,0.5125972116327406,0.6194556940614787,0.03457961028441787,0.1315875443731711,0.3693258846507353,0.3175039253982843,0.4548031077665441,F:\BUET plasma\PCMMD_LOCAL\set1\non_plasma\IMG_20230628_183723_p_7.jpg,0,non_plasma
0.453857421875,0.546142578125,0.8310236924452392,0.6048752052292141,0.6265218896803513,0.014810906514525414,0.11835988919437668,0.3633702895220588,0.3094937193627451,0.44757032207414216,F:\BUET plasma\PCMMD_LOCAL\set1\non_plasma\IMG_20230628_183723_p_8.jpg,0,non_plasma
0.36138916015625,0.63861083984375,0.5658988817738698,0.448460024458187,0.6052979313470179,0.021609427090734244,0.1011119489850022,0.39350298713235293,0.34446830001531864,0.4461349188112745,F:\BUET plasma\PCMMD_LOCAL\set1\non_plasma\IMG_20230628_183723_p_9.jpg,0,non_plasma
0.419189453125,0.580810546875,0.7217318200924758,0.543330656416386,0.5954147039675245,0.01025256896018982,0.8053625110662849,0.35510301776960784,0.33796697878370097,0.5206858915441176,F:\BUET plasma\PCMMD_LOCAL\set1\non_plasma\IMG_20230628_183742_p_3.jpg,0,non_plasma
0.37310791015625,0.62689208984375,0.5951708694382242,0.46698085867343,0.5643418255974264,0.012494315147399902,0.7497915629052538,0.426626646752451,0.366507017846201,0.5138408586090686,F:\BUET plasma\PCMMD_LOCAL\set1\non_plasma\IMG_20230628_183742_p_4.jpg,0,non_plasma
0.37677001953125,0.62322998046875,0.6045441190872588,0.47283967828369633,0.5790335063061683,0.01033873650059104,0.7715403286588669,0.4003343769148284,0.34662152458639706,0.5159435795802696,F:\BUET plasma\PCMMD_LOCAL\set1\non_plasma\IMG_20230628_183742_p_5.jpg,0,non_plasma
0.3577880859375,0.6422119140625,0.5571184185516062,0.4428369455484818,0.5802001155279821,0.03583598113059998,0.18991621158261993,0.43776735791973037,0.31606660730698527,0.5055656881893382,F:\BUET plasma\PCMMD_LOCAL\set1\non_plasma\IMG_20230628_183742_p_6.jpg,0,non_plasma
0.0,1.0,0.0,0.0,0.4481218724468955,0.030279610022902487,0.0,0.5942265529258578,0.5176264744178921,0.5437813553155637,F:\BUET plasma\PCMMD_LOCAL\set1\non_plasma\IMG_20230628_183802_p_0.jpg,0,non_plasma
0.1552734375,0.8447265625,0.1838150289017341,0.16874229866757376,0.5032801011029412,0.03950293789803982,0.22107337057058365,0.530331361060049,0.41111869064031864,0.5487096449908089,F:\BUET plasma\PCMMD_LOCAL\set1\non_plasma\IMG_20230628_183802_p_1.jpg,0,non_plasma
0.20294189453125,0.79705810546875,0.25461367639176047,0.2268276976188271,0.5199355979370914,0.039345886554569005,0.07609124423197507,0.49312145756740194,0.4005526673560049,0.5465190812653187,F:\BUET plasma\PCMMD_LOCAL\set1\non_plasma\IMG_20230628_183802_p_2.jpg,0,non_plasma
0.150390625,0.849609375,0.17701149425287357,0.1629785939508237,0.54862060546875,0.01924524664878845,0.13611530338331232,0.4366388059129902,0.3793583888633578,0.5381409888174019,F:\BUET plasma\PCMMD_LOCAL\set1\non_plasma\IMG_20230628_183802_p_3.jpg,0,non_plasma
0.0445556640625,0.9554443359375,0.04663344831991823,0.0455787734744509,0.5142294889961193,0.02686905837059021,0.19424541022706635,0.4846703622855392,0.42919874004289216,0.5434424306832107,F:\BUET plasma\PCMMD_LOCAL\set1\non_plasma\IMG_20230628_183802_p_4.jpg,0,non_plasma
0.107421875,0.892578125,0.12035010940919037,0.1136412341453031,0.5331156811683007,0.04451500926911831,0.13947954954968567,0.4567768171721814,0.3988293217677696,0.5450468175551471,F:\BUET plasma\PCMMD_LOCAL\set1\non_plasma\IMG_20230628_183802_p_5.jpg,0,non_plasma
0.2093505859375,0.79052734375,0.2648239654107474,0.2349329547180763,0.46577659058415033,0.017781600531190635,0.18941933449444295,0.527990483302696,0.4766058229932598,0.5980739219515931,F:\BUET plasma\PCMMD_LOCAL\set1\non_plasma\IMG_20230628_183809_p_4.jpg,0,non_plasma
0.30047607421875,0.69952392578125,0.42954366983683795,0.35735528134253514,0.4771401399101307,0.01797604678571224,0.46815775172652263,0.5411927466299019,0.44870725145526963,0.5786795821844363,F:\BUET plasma\PCMMD_LOCAL\set1\non_plasma\IMG_20230628_183809_p_6.jpg,0,non_plasma
0.26446533203125,0.73553466796875,0.35955522363289355,0.30715760481184246,0.548178040747549,0.016983623560518028,0.3879468854158477,0.45780508003982845,0.3615466547947304,0.5361141429227941,F:\BUET plasma\PCMMD_LOCAL\set1\non_plasma\IMG_20230628_183823_p_0.jpg,0,non_plasma
0.02008056640625,0.97991943359375,0.02049205854873871,0.020284921315620028,0.49528712852328427,0.04578398778662086,0.4055199901479761,0.5293981215533088,0.4465765261182598,0.5381639667585785,F:\BUET plasma\PCMMD_LOCAL\set1\non_plasma\IMG_20230628_183832_p_10.jpg,0,non_plasma
0.03643798828125,0.96356201171875,0.037815924494837526,0.037118432307507485,0.47095779718137254,0.02397566805779934,0.7152848868450852,0.5459944182751225,0.49894373276654413,0.5421884574142157,F:\BUET plasma\PCMMD_LOCAL\set1\non_plasma\IMG_20230628_183832_p_11.jpg,0,non_plasma
0.44500732421875,0.55499267578125,0.8018255801165732,0.5888003621133215,0.5718053481158087,0.01209179252386093,0.7099504900409876,0.4051647709865196,0.3589321959252451,0.5204869887408088,F:\BUET plasma\PCMMD_LOCAL\set1\non_plasma\IMG_20230628_183832_p_12.jpg,0,non_plasma
0.5296630859375,0.4703369140625,1.1261354788476512,0.7543060026531314,0.5948683395884395,0.014296865880489349,0.4550799877278007,0.37327258540134806,0.32333433861825983,0.5187880572150735,F:\BUET plasma\PCMMD_LOCAL\set1\non_plasma\IMG_20230628_183832_p_13.jpg,0,non_plasma
0.53045654296875,0.46954345703125,1.1297283244507994,0.7559944243802996,0.5961110632404003,0.016530607163906096,0.5198088414510172,0.37249923406862745,0.32927174287683825,0.5098958333333333,F:\BUET plasma\PCMMD_LOCAL\set1\non_plasma\IMG_20230628_183832_p_14.jpg,0,non_plasma
0.30267333984375,0.69732666015625,0.4340481400437637,0.3605013120768289,0.5630097432853349,0.006851012494415045,0.864982936384059,0.43790307138480394,0.36343563304227944,0.5096320657169118,F:\BUET plasma\PCMMD_LOCAL\set1\non_plasma\IMG_20230628_183832_p_15.jpg,0,non_plasma
0.28851318359375,0.71148681640625,0.40550742043407395,0.34039839091940194,0.5719394658905228,0.006505155619233847,0.47807725766069264,0.4199963139552696,0.3504705690870098,0.513714719286152,F:\BUET plasma\PCMMD_LOCAL\set1\non_plasma\IMG_20230628_183832_p_16.jpg,0,non_plasma
0.08465576171875,0.91534423828125,0.09248516369940654,0.08845506775755428,0.5133509018841912,0.017834970220923424,0.3319777388354347,0.5110011680453431,0.40751665900735295,0.5414294672947304,F:\BUET plasma\PCMMD_LOCAL\set1\non_plasma\IMG_20230628_183832_p_17.jpg,0,non_plasma
0.428466796875,0.571533203125,0.7496796240922683,0.559432699228433,0.573058922462214,0.010177181925624609,0.6380014220851122,0.4152628580729167,0.35696590647977944,0.5085944680606618,F:\BUET plasma\PCMMD_LOCAL\set1\non_plasma\IMG_20230628_183832_p_18.jpg,0,non_plasma
0.34393310546875,0.65606689453125,0.5242348125407015,0.42149252186617087,0.5569998148999183,0.006986461963504552,0.7860125163423368,0.4404004863664216,0.3871926700367647,0.5014073988970589,F:\BUET plasma\PCMMD_LOCAL\set1\non_plasma\IMG_20230628_183832_p_19.jpg,0,non_plasma
0.07073974609375,0.92926025390625,0.0761247947454844,0.07336643526113656,0.5388532252093545,0.013236713752150535,0.1287260820737954,0.4836124195772059,0.37900079465379904,0.5208271101409314,F:\BUET plasma\PCMMD_LOCAL\set1\non_plasma\IMG_20230628_183832_p_20.jpg,0,non_plasma
0.048828125,0.951171875,0.0513347022587269,0.05006050195691799,0.5009157666973039,0.012070216413587331,0.19688717257712116,0.5286558861825981,0.445181334252451,0.5234154794730392,F:\BUET plasma\PCMMD_LOCAL\set1\non_plasma\IMG_20230628_183832_p_21.jpg,0,non_plasma
0.0714111328125,0.9285888671875,0.07690285263573025,0.07408919228198785,0.5296342837265114,0.020107967793941497,0.22623829704703266,0.5090279373468137,0.38240057253370097,0.519668638939951,F:\BUET plasma\PCMMD_LOCAL\set1\non_plasma\IMG_20230628_183832_p_22.jpg,0,non_plasma
0.4249267578125,0.5750732421875,0.738908936531522,0.553257868579248,0.5770022722630719,0.012327961560338736,0.5703031682799731,0.4159524356617647,0.33900433708639705,0.5140364104626225,F:\BUET plasma\PCMMD_LOCAL\set1\non_plasma\IMG_20230628_183832_p_23.jpg,0,non_plasma
0.1043701171875,0.8956298828125,0.11653264276952432,0.11022802856529475,0.48924887663398686,0.024420777525752783,0.11944584831570455,0.5538636450674019,0.46746682559742647,0.5109228994332108,F:\BUET plasma\PCMMD_LOCAL\set1\non_plasma\IMG_20230628_183832_p_24.jpg,0,non_plasma
0.44171142578125,0.55828857421875,0.7911883677708539,0.5828792921828699,0.5810621872446895,0.012844984795898198,0.3565947179590413,0.39953445733762255,0.3559421913296569,0.5013367895986519,F:\BUET plasma\PCMMD_LOCAL\set1\non_plasma\IMG_20230628_183832_p_25.jpg,0,non_plasma
0.375,0.625,0.6,0.4700036292457356,0.5568027471405228,0.006381523594260216,0.6440141718692275,0.45103017769607845,0.3793265548406863,0.49923502604166664,F:\BUET plasma\PCMMD_LOCAL\set1\non_plasma\IMG_20230628_183832_p_26.jpg,0,non_plasma
0.1708984375,0.8291015625,0.2061248527679623,0.18741261928810576,0.5278482275071488,0.015226298749446868,0.08089134457421218,0.5070951573988971,0.4182760799632353,0.4910840801164216,F:\BUET plasma\PCMMD_LOCAL\set1\non_plasma\IMG_20230628_183841_p_0.jpg,0,non_plasma
0.00628662109375,0.99371337890625,0.006326392727719427,0.0063064651077198155,0.5191078335631127,0.019738517701625824,0.14490912964039207,0.520053040747549,0.42203752106311276,0.5005859375,F:\BUET plasma\PCMMD_LOCAL\set1\non_plasma\IMG_20230628_183841_p_1.jpg,0,non_plasma
0.235595703125,0.764404296875,0.3082082401788566,0.26865844539293804,0.541031103196487,0.022073295202106238,0.38078827441184177,0.4761474609375,0.38266649433210786,0.5180927351409313,F:\BUET plasma\PCMMD_LOCAL\set1\non_plasma\IMG_20230628_183841_p_2.jpg,0,non_plasma
0.128173828125,0.871826171875,0.14701764211705404,0.13716521912489527,0.5614702212265115,0.03091104358062148,0.3170039704552418,0.43793466605392156,0.3548514571844363,0.5228032130821079,F:\BUET plasma\PCMMD_LOCAL\set1\non_plasma\IMG_20230628_183841_p_3.jpg,0,non_plasma
0.083740234375,0.916259765625,0.0913935518252065,0.08745536758432289,0.531152503319036,0.024597192227840424,0.24615310510162977,0.4823407341452206,0.3997678270526961,0.5244339288449755,F:\BUET plasma\PCMMD_LOCAL\set1\non_plasma\IMG_20230628_183841_p_4.jpg,0,non_plasma
0.10443115234375,0.89556884765625,0.11660873713623662,0.11029617863176744,0.5477217530892566,0.03267818355560303,0.3650652476110328,0.47032638250612746,0.39361045687806373,0.49289790134803924,F:\BUET plasma\PCMMD_LOCAL\set1\non_plasma\IMG_20230628_183841_p_5.jpg,0,non_plasma
0.07757568359375,0.92242431640625,0.08409978164494145,0.08074994826911368,0.5363934685202205,0.021103795766830444,0.36394575432639503,0.5003073299632353,0.4218448414522059,0.4686674230238971,F:\BUET plasma\PCMMD_LOCAL\set1\non_plasma\IMG_20230628_183841_p_6.jpg,0,non_plasma
0.16729736328125,0.83270263671875,0.2009088910063769,0.18307867927636023,0.5560856438929738,0.026566276367753744,0.13159413274067613,0.47912549785539216,0.37066794002757353,0.48194963043811273,F:\BUET plasma\PCMMD_LOCAL\set1\non_plasma\IMG_20230628_183841_p_7.jpg,0,non_plasma
0.025390625,0.974609375,0.026052104208416832,0.025718529287989116,0.5012587603400736,0.02837094473838806,0.3776048832455539,0.5469161688112745,0.46249712775735297,0.48681042241115197,F:\BUET plasma\PCMMD_LOCAL\set1\non_plasma\IMG_20230628_183846_p_7.jpg,0,non_plasma
0.11529541015625,0.88470458984375,0.13032080027595722,0.12250148648347844,0.5221271988613154,0.031041181325912475,0.258027899094657,0.5138681449142157,0.40968209060968136,0.5100681678921568,F:\BUET plasma\PCMMD_LOCAL\set1\non_plasma\IMG_20230628_183846_p_8.jpg,0,non_plasma
0.3017578125,0.6982421875,0.43216783216783217,0.35918926290544545,0.5376871744791667,0.020127811893820763,0.7095778175777235,0.4781214096966912,0.3957598517922794,0.5130572150735294,F:\BUET plasma\PCMMD_LOCAL\set1\non_plasma\IMG_20230628_183846_p_9.jpg,0,non_plasma
0.371826171875,0.628173828125,0.5919160513019821,0.4649383544375995,0.5965915256076388,0.01404609790071845,0.4213820253948788,0.39551499310661764,0.3488917930453431,0.46581863702512255,F:\BUET plasma\PCMMD_LOCAL\set1\non_plasma\IMG_20230628_183855_p_1.jpg,0,non_plasma
0.0689697265625,0.9310302734375,0.0740789301166907,0.07146348511505045,0.5058529124540441,0.019412723895162343,0.44555433196763294,0.5089312385110294,0.4469448912377451,0.5265651328890931,F:\BUET plasma\PCMMD_LOCAL\set1\non_plasma\IMG_20230628_183901_p_5.jpg,0,non_plasma
0.0968017578125,0.9031982421875,0.10717664549263414,0.10181321235373808,0.5600892310049019,0.024259095415472984,0.14954635290346768,0.46089968213848037,0.34230478324142155,0.5165278416053921,F:\BUET plasma\PCMMD_LOCAL\set1\non_plasma\IMG_20230628_183901_p_6.jpg,0,non_plasma
0.10302734375,0.89697265625,0.11486118671747414,0.10872990094427275,0.524484113306781,0.013901635851711034,0.20801390031781075,0.4885423847273284,0.40701473460477944,0.530990540747549,F:\BUET plasma\PCMMD_LOCAL\set1\non_plasma\IMG_20230628_183912_p_0.jpg,0,non_plasma
0.2218017578125,0.7781982421875,0.28501960784313723,0.2507739772526621,0.5998590207567402,0.03886492395028472,0.37316407001455065,0.408975279564951,0.3727043600643382,0.4187432981004902,F:\BUET plasma\PCMMD_LOCAL\set1\non_plasma\IMG_20230628_183912_p_1.jpg,0,non_plasma
0.49359130859375,0.50640869140625,0.974689646860311,0.6804112451749491,0.6153528550091911,0.007452148541808128,0.8393193245821295,0.3663612515318627,0.29258410883884806,0.4949960746017157,F:\BUET plasma\PCMMD_LOCAL\set1\non_plasma\IMG_20230628_183922_p_1.jpg,0,non_plasma
0.1341552734375,0.8658447265625,0.1549414916114479,0.14404968607720225,0.5232723460477942,0.016720741655677558,0.11782667371521643,0.49774098115808824,0.4259677064185049,0.5064742742800246,F:\BUET plasma\PCMMD_LOCAL\set1\non_plasma\IMG_20230628_183922_p_11.jpg,0,non_plasma
0.11248779296875,0.88751220703125,0.1267450656763634,0.11933300332574867,0.5759377074397467,0.01805609403550625,0.11274046447163387,0.43741838043811276,0.34772781671262254,0.48704068053002453,F:\BUET plasma\PCMMD_LOCAL\set1\non_plasma\IMG_20230628_183922_p_12.jpg,0,non_plasma
0.0218505859375,0.9781494140625,0.022338699613128666,0.022092845501218462,0.5635170132506128,0.014049671158194542,0.2433821403904316,0.4336993049172794,0.3815884459252451,0.49416120940563724,F:\BUET plasma\PCMMD_LOCAL\set1\non_plasma\IMG_20230628_183922_p_13.jpg,0,non_plasma
0.24151611328125,0.75848388671875,0.3184195702904965,0.27643372403323974,0.582980446410335,0.008762572154402733,0.07559680452596268,0.4180422315410539,0.34046822342218136,0.4925482058057598,F:\BUET plasma\PCMMD_LOCAL\set1\non_plasma\IMG_20230628_183922_p_14.jpg,0,non_plasma
0.0440673828125,0.9559326171875,0.0460988379517303,0.04506785252835134,0.5139933268229167,0.11017143034934998,0.13065802293164516,0.5082024069393383,0.43365765739889706,0.5161599551930147,F:\BUET plasma\PCMMD_LOCAL\set1\non_plasma\IMG_20230628_183922_p_15.jpg,0,non_plasma
0.0941162109375,0.9058837890625,0.10389435386066567,0.09884424930915546,0.5394944533803105,0.01497781740128994,0.612643836166795,0.47920448452818626,0.3737903071384804,0.528521848192402,F:\BUET plasma\PCMMD_LOCAL\set1\non_plasma\IMG_20230628_183922_p_16.jpg,0,non_plasma
0.033447265625,0.966552734375,0.034604698156100025,0.034019419613213094,0.5281166226256128,0.01304786342382431,0.5443225265932999,0.48779009650735294,0.4046482460171569,0.523211789598652,F:\BUET plasma\PCMMD_LOCAL\set1\non_plasma\IMG_20230628_183922_p_17.jpg,0,non_plasma
0.42767333984375,0.57232666015625,0.7472539191639117,0.5580453664196091,0.5808690289266748,0.011895460948348046,0.7282696830643546,0.41501728132659316,0.34421769684436276,0.4981579350490196,F:\BUET plasma\PCMMD_LOCAL\set1\non_plasma\IMG_20230628_183922_p_3.jpg,0,non_plasma
0.43865966796875,0.56134033203125,0.7814504729803197,0.5774279049365367,0.6095870672487744,0.00502194669470191,0.46138198095288846,0.3637953814338235,0.32874947342218136,0.4786939433976716,F:\BUET plasma\PCMMD_LOCAL\set1\non_plasma\IMG_20230628_183922_p_4.jpg,0,non_plasma
0.10821533203125,0.89178466796875,0.12134693039490795,0.1145305791671499,0.5265199748519199,0.016783818151801824,0.08027802531783769,0.5098422181372549,0.39583835975796566,0.5147594975490196,F:\BUET plasma\PCMMD_LOCAL\set1\non_plasma\IMG_20230628_183922_p_5.jpg,0,non_plasma
0.3516845703125,0.6483154296875,0.542459047260403,0.43337792685688986,0.5802116842830882,0.007480969846248626,0.7012738498940685,0.40114626416973037,0.35741660922181373,0.5008020737591912,F:\BUET plasma\PCMMD_LOCAL\set1\non_plasma\IMG_20230628_183922_p_6.jpg,0,non_plasma
0.15179443359375,0.84820556640625,0.17895948765920702,0.16463225935265235,0.560250555300245,0.012142888631671667,0.155334435607937,0.46976677389705884,0.3779186772365196,0.47156288296568627,F:\BUET plasma\PCMMD_LOCAL\set1\non_plasma\IMG_20230628_183922_p_7.jpg,0,non_plasma
0.33319091796875,0.66680908203125,0.4996796338672769,0.4052515078754434,0.5883639067606209,0.005496428430080414,0.6740875776414206,0.38707419002757354,0.3590700635723039,0.4887640261182598,F:\BUET plasma\PCMMD_LOCAL\set1\non_plasma\IMG_20230628_184106_p_3.jpg,0,non_plasma
0.2421875,0.7578125,0.31958762886597936,0.27731928541623435,0.5804450539981618,0.022077916860580443,0.15382319005238207,0.4408942727481618,0.33166097005208334,0.4861095952052696,F:\BUET plasma\PCMMD_LOCAL\set1\non_plasma\IMG_20230628_184106_p_4.jpg,0,non_plasma
0.50836181640625,0.49163818359375,1.034016139044072,0.7100122322281596,0.6219394658905228,0.0076922719478607175,0.8101580389988362,0.38498008578431375,0.28681592754289215,0.4623855890012255,F:\BUET plasma\PCMMD_LOCAL\set1\non_plasma\IMG_20230628_184121_p_10.jpg,0,non_plasma
0.45684814453125,0.54315185546875,0.8411057422182268,0.6103663379823722,0.6181940614787582,0.006553263127803802,0.8120532774823259,0.39495849609375,0.2981375899969363,0.4523217294730392,F:\BUET plasma\PCMMD_LOCAL\set1\non_plasma\IMG_20230628_184121_p_11.jpg,0,non_plasma
0.593017578125,0.406982421875,1.4571085782843431,0.8989852839685497,0.6617242551317402,0.006507499158382416,0.7770489215355804,0.2953910079656863,0.275515806908701,0.44392041973039215,F:\BUET plasma\PCMMD_LOCAL\set1\non_plasma\IMG_20230628_184121_p_12.jpg,0,non_plasma
0.36810302734375,0.63189697265625,0.5825364628610065,0.45902891607312124,0.6153530145782271,0.005374895676970482,0.8589599127287968,0.36281163832720587,0.3224484911151961,0.4686808268229167,F:\BUET plasma\PCMMD_LOCAL\set1\non_plasma\IMG_20230628_184121_p_13.jpg,0,non_plasma
0.266845703125,0.733154296875,0.36396936396936397,0.31039909873601346,0.5739034415849673,0.014853983279317617,0.39935501481992514,0.43514260684742645,0.3678059895833333,0.47534107881433824,F:\BUET plasma\PCMMD_LOCAL\set1\non_plasma\IMG_20230628_184121_p_14.jpg,0,non_plasma
0.0218505859375,0.9781494140625,0.022338699613128666,0.022092845501218462,0.5630198759191176,0.015398494716733694,0.4458169795996645,0.43863525390625,0.3948759191176471,0.47742919921875,F:\BUET plasma\PCMMD_LOCAL\set1\non_plasma\IMG_20230628_184121_p_15.jpg,0,non_plasma
0.14703369140625,0.85296630859375,0.1723792486583184,0.1590352298159344,0.5618717767054738,0.013321290910243987,0.2820123073470699,0.4542154947916667,0.3710066253063726,0.4891625497855392,F:\BUET plasma\PCMMD_LOCAL\set1\non_plasma\IMG_20230628_184121_p_16.jpg,0,non_plasma
0.18621826171875,0.81378173828125,0.2288307207680192,0.20606308372377588,0.5366380080678105,0.023349483489990233,0.36585374908102325,0.47963053385416665,0.40679189644607844,0.5036635454963235,F:\BUET plasma\PCMMD_LOCAL\set1\non_plasma\IMG_20230628_184121_p_17.jpg,0,non_plasma
0.0447998046875,0.9552001953125,0.046900958466453674,0.04583433187093505,0.5389326905892566,0.01794243225082755,0.3133115407777473,0.4919610715379902,0.3865512025122549,0.5046896541819853,F:\BUET plasma\PCMMD_LOCAL\set1\non_plasma\IMG_20230628_184121_p_18.jpg,0,non_plasma
0.30615234375,0.69384765625,0.44123856439127374,0.36550285806229776,0.5927411247702206,0.0061160060428082945,0.8041319674673106,0.400652956495098,0.3483934589460784,0.47273021024816175,F:\BUET plasma\PCMMD_LOCAL\set1\non_plasma\IMG_20230628_184121_p_19.jpg,0,non_plasma
0.395751953125,0.604248046875,0.654949494949495,0.5037704917165531,0.62760600171058,0.0037554446309804915,0.8749502536080443,0.3578912473192402,0.3056942210477941,0.4535965265012255,F:\BUET plasma\PCMMD_LOCAL\set1\non_plasma\IMG_20230628_184121_p_20.jpg,0,non_plasma
0.02923583984375,0.97076416015625,0.030116315624017606,0.02967172365598985,0.541598450903799,0.01380214637517929,0.31805726560708575,0.48542648016237744,0.39875895182291665,0.49101921530330883,F:\BUET plasma\PCMMD_LOCAL\set1\non_plasma\IMG_20230628_184121_p_21.jpg,0,non_plasma
0.18646240234375,0.81353759765625,0.2291994898341961,0.20636313623521615,0.5767493553410947,0.01882541833817959,0.23473556193469977,0.4261307061887255,0.3745490579044118,0.4690721698835784,F:\BUET plasma\PCMMD_LOCAL\set1\non_plasma\IMG_20230628_184121_p_22.jpg,0,non_plasma
0.16864013671875,0.83135986328125,0.20284854269143235,0.1846925293918927,0.5837301017412173,0.010741197526454926,0.10438605592706388,0.45156537224264703,0.3325568704044118,0.4646874521292892,F:\BUET plasma\PCMMD_LOCAL\set1\non_plasma\IMG_20230628_184121_p_23.jpg,0,non_plasma
0.39080810546875,0.60919189453125,0.6415188858831781,0.49562196315264795,0.5873601377399918,0.00639542555809021,0.6902757461181406,0.41181616689644607,0.3553854549632353,0.4707179649203431,F:\BUET plasma\PCMMD_LOCAL\set1\non_plasma\IMG_20230628_184121_p_8.jpg,0,non_plasma
0.2476806640625,0.7523193359375,0.3292227811130943,0.28459439631704586,0.5773935355392157,0.014357536256313324,0.6176907168717627,0.45577799479166664,0.340035950903799,0.47200544768688724,F:\BUET plasma\PCMMD_LOCAL\set1\non_plasma\IMG_20230628_184121_p_9.jpg,0,non_plasma
0.1337890625,0.8662109375,0.1544532130777903,0.1436268232898736,0.5459341809640523,0.016631205543875694,0.1421790905768042,0.4826296338848039,0.3841260723039216,0.49544175091911763,F:\BUET plasma\PCMMD_LOCAL\set1\non_plasma\IMG_20230628_184148_p_0.jpg,0,non_plasma
0.06195068359375,0.93804931640625,0.0660420326631531,0.06395275523192236,0.5552349015778186,0.012776989307254552,0.12673240307051026,0.4792569029564951,0.35813802083333335,0.4969003714767157,F:\BUET plasma\PCMMD_LOCAL\set1\non_plasma\IMG_20230628_184148_p_1.jpg,0,non_plasma
0.0733642578125,0.9266357421875,0.07917270451850876,0.07619473326252081,0.5546756121068219,0.010233969151973724,0.18313161044128348,0.4615854300704657,0.3884119370404412,0.48597579656862744,F:\BUET plasma\PCMMD_LOCAL\set1\non_plasma\IMG_20230628_184148_p_2.jpg,0,non_plasma
0.0533447265625,0.9466552734375,0.05635074145712444,0.05482027166864983,0.5370595894607844,0.025515691842883825,0.19784857311985077,0.48943134382659315,0.3915213790594363,0.5078685087316176,F:\BUET plasma\PCMMD_LOCAL\set1\non_plasma\IMG_20230628_184148_p_3.jpg,0,non_plasma
0.0611572265625,0.9388427734375,0.06514107398257704,0.06310725422223522,0.5035782558466095,0.019368784841150045,0.2618039810111941,0.5088572782628676,0.45466835171568626,0.5257396024816177,F:\BUET plasma\PCMMD_LOCAL\set1\non_plasma\IMG_20230628_184148_p_4.jpg,0,non_plasma
0.38360595703125,0.61639404296875,0.6223388454302407,0.4838688398126774,0.5685199014501634,0.005270253166556358,0.6685796453983142,0.42932870902267156,0.37139270258884804,0.4937188840379902,F:\BUET plasma\PCMMD_LOCAL\set1\non_plasma\IMG_20230628_184148_p_5.jpg,0,non_plasma
0.33001708984375,0.66998291015625,0.49257538489569097,0.40050307415191777,0.5515705582363154,0.006786513432860374,0.514725844712723,0.4422980813419118,0.4142489564185049,0.4887412875306373,F:\BUET plasma\PCMMD_LOCAL\set1\non_plasma\IMG_20230628_184148_p_6.jpg,0,non_plasma
0.107421875,0.892578125,0.12035010940919037,0.1136412341453031,0.5629981745302287,0.0177093270085752,0.211039431594723,0.44916034773284313,0.3632269167432598,0.49861821193321076,F:\BUET plasma\PCMMD_LOCAL\set1\non_plasma\IMG_20230628_184155_p_10.jpg,0,non_plasma
0.11212158203125,0.88787841796875,0.12628033271464906,0.11892046206577235,0.5397631676368464,0.011819876775145531,0.1547216615666507,0.46459362553615197,0.410845827588848,0.5052710439644608,F:\BUET plasma\PCMMD_LOCAL\set1\non_plasma\IMG_20230628_184155_p_11.jpg,0,non_plasma
0.350341796875,0.649658203125,0.5392709507703871,0.43130889574165454,0.5911377750970179,0.005112720429897308,0.6409490865649994,0.4059003044577206,0.35114793964460783,0.46953843060661765,F:\BUET plasma\PCMMD_LOCAL\set1\non_plasma\IMG_20230628_184155_p_12.jpg,0,non_plasma
0.2462158203125,0.7537841796875,0.3266396761133603,0.28264918578311105,0.583243097043505,0.015811458583921193,0.500665298347791,0.4221981272977941,0.3131828756893382,0.5148897058823529,F:\BUET plasma\PCMMD_LOCAL\set1\non_plasma\IMG_20230628_184155_p_13.jpg,0,non_plasma
0.4700927734375,0.5299072265625,0.8871227827689473,0.6350533319796956,0.6080301521650326,0.004249676223844289,0.8464317024304513,0.37195350796568627,0.3056717218137255,0.4982843137254902,F:\BUET plasma\PCMMD_LOCAL\set1\non_plasma\IMG_20230628_184155_p_7.jpg,0,non_plasma
0.48101806640625,0.51898193359375,0.9268493472891921,0.6558862064534419,0.6250864066329657,0.011017793998122215,0.47781202826191693,0.34380720549938726,0.28812734566482845,0.49280622893688725,F:\BUET plasma\PCMMD_LOCAL\set1\non_plasma\IMG_20230628_184155_p_8.jpg,0,non_plasma
0.1495361328125,0.8504638671875,0.1758289077077652,0.16197335224917012,0.5309625363817402,0.012663354095071555,0.42785002530453076,0.47625014361213236,0.3995914234834559,0.5312708237591912,F:\BUET plasma\PCMMD_LOCAL\set1\non_plasma\IMG_20230628_184155_p_9.jpg,0,non_plasma
0.40423583984375,0.59576416015625,0.6785165454359184,0.5179103946642692,0.5947624655330883,0.004253816232085228,0.8248556678491455,0.41788713043811276,0.30633736404718137,0.4914881089154412,F:\BUET plasma\PCMMD_LOCAL\set1\non_plasma\IMG_20230628_184209_p_4.jpg,0,non_plasma
0.12841796875,0.87158203125,0.1473389355742297,0.13744529194565897,0.565359955831291,0.012943078573793173,0.27026661185236134,0.44088230507046566,0.3496646656709559,0.5133731617647059,F:\BUET plasma\PCMMD_LOCAL\set1\non_plasma\IMG_20230628_184209_p_5.jpg,0,non_plasma
0.1956787109375,0.8043212890625,0.24328426164820155,0.21775647636546913,0.5428110160079657,0.01565712433680892,0.15448497975240472,0.4668737074908088,0.386117493872549,0.5185757506127451,F:\BUET plasma\PCMMD_LOCAL\set1\non_plasma\IMG_20230628_184209_p_6.jpg,0,non_plasma
0.23760986328125,0.76239013671875,0.31166439836682414,0.2712968638733251,0.5747249029820262,0.005203204210847617,0.8469350905388103,0.4058950386795343,0.37720779718137254,0.4927224551930147,F:\BUET plasma\PCMMD_LOCAL\set1\non_plasma\IMG_20230628_184209_p_7.jpg,0,non_plasma
0.320556640625,0.679443359375,0.4717930291052821,0.386481405193453,0.5626286126429738,0.008536401256918907,0.7064555564994915,0.3991033815870098,0.39055798100490197,0.5224527994791667,F:\BUET plasma\PCMMD_LOCAL\set1\non_plasma\IMG_20230628_184215_p_0.jpg,0,non_plasma
0.27197265625,0.72802734375,0.3735747820254863,0.31741667139466,0.567813090405433,0.015008928522467614,0.3070944824559512,0.45047080844056375,0.3670199525122549,0.47906996783088235,F:\BUET plasma\PCMMD_LOCAL\set1\non_plasma\IMG_20230628_184215_p_1.jpg,0,non_plasma
0.34588623046875,0.65411376953125,0.5287860408696463,0.42447398312623724,0.5988692938112745,0.008311357602477074,0.5946080530167412,0.4026838714001226,0.341897642846201,0.45881060431985293,F:\BUET plasma\PCMMD_LOCAL\set1\non_plasma\IMG_20230628_184215_p_10.jpg,0,non_plasma
0.3079833984375,0.6920166015625,0.44505203739636623,0.36814533295498536,0.5618605270884396,0.018481934543699025,0.8379338664066668,0.42629801432291664,0.3967108034620098,0.4914096009497549,F:\BUET plasma\PCMMD_LOCAL\set1\non_plasma\IMG_20230628_184215_p_11.jpg,0,non_plasma
0.22894287109375,0.77105712890625,0.29692076308082005,0.25999281100919686,0.5707575380412582,0.018090711709111928,0.06543801680839129,0.42986797257965687,0.3372225892310049,0.5206368240655638,F:\BUET plasma\PCMMD_LOCAL\set1\non_plasma\IMG_20230628_184215_p_2.jpg,0,non_plasma
0.34735107421875,0.65264892578125,0.5322173384457122,0.4267159270825777,0.5791642731311275,0.005499911651015281,0.7997625759618814,0.421234250536152,0.34209151922487746,0.49918141084558826,F:\BUET plasma\PCMMD_LOCAL\set1\non_plasma\IMG_20230628_184215_p_3.jpg,0,non_plasma
0.24169921875,0.75830078125,0.31873792659368966,0.2766751630107114,0.5953746521395016,0.04339008563756943,0.5283877038255246,0.39602242264093135,0.3135409486060049,0.5043126723345588,F:\BUET plasma\PCMMD_LOCAL\set1\non_plasma\IMG_20230628_184215_p_4.jpg,0,non_plasma
0.38818359375,0.61181640625,0.6344772545889864,0.49132303126333005,0.5764580620659723,0.014923529624938965,0.275271737616315,0.4345435049019608,0.3239815506280637,0.5121007582720588,F:\BUET plasma\PCMMD_LOCAL\set1\non_plasma\IMG_20230628_184239_p_10.jpg,0,non_plasma
0.60577392578125,0.39422607421875,1.5366155751664343,0.9308307418067616,0.6458796881382762,0.008681693520396948,0.27845894317800995,0.3077311197916667,0.25428203507965685,0.500347780713848,F:\BUET plasma\PCMMD_LOCAL\set1\non_plasma\IMG_20230628_184239_p_11.jpg,0,non_plasma
0.34600830078125,0.65399169921875,0.5290713952403173,0.42466061993155696,0.5742898380055147,0.014989569887518883,0.512692032974554,0.419973814721201,0.3389959597120098,0.5181607115502451,F:\BUET plasma\PCMMD_LOCAL\set1\non_plasma\IMG_20230628_184239_p_12.jpg,0,non_plasma
0.41937255859375,0.58062744140625,0.7222747818774309,0.5436459646327774,0.5693060980902778,0.026538222219794988,0.7167503249608062,0.4356632008272059,0.3358297909007353,0.5205887140012255,F:\BUET plasma\PCMMD_LOCAL\set1\non_plasma\IMG_20230628_184239_p_13.jpg,0,non_plasma
0.03607177734375,0.96392822265625,0.0374216424998417,0.03673844496917973,0.5274157156352124,0.010895458724349737,0.28809185698499823,0.48928653492647056,0.4005409390318627,0.5279253791360294,F:\BUET plasma\PCMMD_LOCAL\set1\non_plasma\IMG_20230628_184239_p_14.jpg,0,non_plasma
0.30615234375,0.69384765625,0.44123856439127374,0.36550285806229776,0.5879099328533497,0.017874134048819542,0.22653580310802285,0.42163708256740196,0.32455121208639703,0.490081906786152,F:\BUET plasma\PCMMD_LOCAL\set1\non_plasma\IMG_20230628_184239_p_15.jpg,0,non_plasma
0.23443603515625,0.76556396484375,0.3062265805628637,0.2671425078145596,0.5577368642769608,0.02344346198067069,0.23250883004036813,0.45006797640931373,0.3574142156862745,0.5193072150735294,F:\BUET plasma\PCMMD_LOCAL\set1\non_plasma\IMG_20230628_184239_p_5.jpg,0,non_plasma
0.03875732421875,0.96124267578125,0.0403200203187504,0.03952837766465366,0.5513648737489787,0.02445508551597595,0.3135676583483042,0.44096153109681374,0.375466978783701,0.529476868872549,F:\BUET plasma\PCMMD_LOCAL\set1\non_plasma\IMG_20230628_184239_p_6.jpg,0,non_plasma
0.36328125,0.63671875,0.5705521472392638,0.4514272436728002,0.5751002891390931,0.009289190053939819,0.6969915765971268,0.3861842735140931,0.3675946403952206,0.5209202186734069,F:\BUET plasma\PCMMD_LOCAL\set1\non_plasma\IMG_20230628_184239_p_7.jpg,0,non_plasma
0.40179443359375,0.59820556640625,0.6716661565146413,0.5138208275700544,0.5966945274203431,0.0109321911893785,0.35819292412574716,0.37423311121323527,0.3246562882965686,0.5110270182291666,F:\BUET plasma\PCMMD_LOCAL\set1\non_plasma\IMG_20230628_184239_p_8.jpg,0,non_plasma
0.1927490234375,0.8072509765625,0.23877211553001662,0.21412065960462665,0.5506587009803922,0.016299875020980834,0.10830190730186874,0.4478841145833333,0.3702167585784314,0.5299230238970588,F:\BUET plasma\PCMMD_LOCAL\set1\non_plasma\IMG_20230628_184239_p_9.jpg,0,non_plasma
0.343505859375,0.656494140625,0.5232428412049089,0.4208415104504791,0.5710558523539624,0.009667516436427832,0.7472336136736206,0.4135402305453431,0.3718094171262255,0.5014827952665442,F:\BUET plasma\PCMMD_LOCAL\set1\non_plasma\IMG_20230628_184358_p_0.jpg,0,non_plasma
0.237060546875,0.762939453125,0.31072,0.27057660454884186,0.496328795189951,0.02871280711889267,0.13948226440513645,0.5314139571844363,0.42651534734987745,0.5530843098958333,F:\BUET plasma\PCMMD_LOCAL\set1\non_plasma\IMG_20230628_184358_p_1.jpg,0,non_plasma
0.05413818359375,0.94586181640625,0.05723688455830161,0.055658792051899386,0.5230976179534313,0.019462926626205444,0.26426980876003103,0.4984178730085784,0.41105980966605393,0.5212294634650735,F:\BUET plasma\PCMMD_LOCAL\set1\non_plasma\IMG_20230628_184358_p_2.jpg,0,non_plasma
0.206787109375,0.793212890625,0.26069559864573716,0.23166363105024343,0.535610862183415,0.017783689260482786,0.24999235621803356,0.49146345549938725,0.3822282379748774,0.5194757199754902,F:\BUET plasma\PCMMD_LOCAL\set1\non_plasma\IMG_20230628_184358_p_3.jpg,0,non_plasma
0.5335693359375,0.4664306640625,1.1439413766029836,0.7626458998323891,0.6542829924938726,0.007422718551009893,0.8297035182698828,0.2924917183670343,0.2766158758425245,0.4680434283088235,F:\BUET plasma\PCMMD_LOCAL\set1\non_plasma\IMG_20230628_184358_p_4.jpg,0,non_plasma
0.11175537109375,0.88824462890625,0.1258159829588401,0.11850809092590811,0.5525996189491422,0.01922423454746604,0.1623896122471699,0.46893047257965687,0.35178390203737747,0.5214867685355392,F:\BUET plasma\PCMMD_LOCAL\set1\non_plasma\IMG_20230628_184358_p_8.jpg,0,non_plasma
0.2838134765625,0.7161865234375,0.39628430202829384,0.33381463835342917,0.5726768344056372,0.026407672461122276,0.520463342709872,0.45184278301164216,0.35963182636335783,0.47049488740808826,F:\BUET plasma\PCMMD_LOCAL\set1\non_plasma\IMG_20230628_184439_p_4.jpg,0,non_plasma
0.46087646484375,0.53912353515625,0.8548624476395336,0.617810541094102,0.6197961345996732,0.015386007841676473,0.3063357956356598,0.3491878733915441,0.31363453584558826,0.47778918696384803,F:\BUET plasma\PCMMD_LOCAL\set1\non_plasma\IMG_20230628_184439_p_5.jpg,0,non_plasma
0.21783447265625,0.78216552734375,0.27850175575497466,0.24568888904106284,0.5542304942810458,0.015389175351709127,0.1749278519814143,0.47386977251838236,0.35895182291666666,0.5044869217218138,F:\BUET plasma\PCMMD_LOCAL\set1\non_plasma\IMG_20230628_184439_p_6.jpg,0,non_plasma
0.25445556640625,0.74554443359375,0.341301678264429,0.2936405441473935,0.5871313955269608,0.017609085138887166,0.13886147404571414,0.4187021292892157,0.31816573797487746,0.5017379461550245,F:\BUET plasma\PCMMD_LOCAL\set1\non_plasma\IMG_20230628_184439_p_7.jpg,0,non_plasma
0.2171630859375,0.7828369140625,0.2774052705442071,0.2448308881304261,0.5834304310917076,0.016493916928768157,0.15562726246729544,0.39179998659620097,0.350466978783701,0.5074417413449754,F:\BUET plasma\PCMMD_LOCAL\set1\non_plasma\IMG_20230628_184444_p_0.jpg,0,non_plasma
0.28564453125,0.71435546875,0.3998632946001367,0.33637458513927404,0.5757119172538807,0.034580599531531336,0.14661134611929766,0.4225509344362745,0.37594544653799017,0.47436786726409313,F:\BUET plasma\PCMMD_LOCAL\set1\non_plasma\IMG_20230628_184444_p_1.jpg,0,non_plasma
0.54248046875,0.45751953125,1.1856990394877267,0.7819357039209762,0.6177143171721814,0.012517184015363454,0.6371861258072833,0.3746620327818627,0.29804855047487744,0.47414646522671566,F:\BUET plasma\PCMMD_LOCAL\set1\non_plasma\IMG_20230628_184444_p_12.jpg,0,non_plasma
0.36236572265625,0.63763427734375,0.5682971187900833,0.4499903930017264,0.5953112234477125,0.023216343965381383,0.14903158474300082,0.4053490732230392,0.3347132065716912,0.47400404986213235,F:\BUET plasma\PCMMD_LOCAL\set1\non_plasma\IMG_20230628_184444_p_2.jpg,0,non_plasma
0.352783203125,0.647216796875,0.5450773293096944,0.43507396043031815,0.6051486545138889,0.028140989538282157,0.05519109751574856,0.3987960516237745,0.3125732421875,0.47318474264705884,F:\BUET plasma\PCMMD_LOCAL\set1\non_plasma\IMG_20230628_184444_p_3.jpg,0,non_plasma
0.5570068359375,0.4429931640625,1.2573711766326812,0.8142009400662187,0.5971074920853758,0.011575923904776573,0.5974639286126243,0.4391627891390931,0.2875708486519608,0.4819438859528186,F:\BUET plasma\PCMMD_LOCAL\set1\non_plasma\IMG_20230628_184444_p_4.jpg,0,non_plasma
0.3135986328125,0.6864013671875,0.4568735550417926,0.3762927389870873,0.586441259446487,0.018436253294348715,0.16288136138138556,0.43861371208639705,0.34450444240196076,0.4575580671721814,F:\BUET plasma\PCMMD_LOCAL\set1\non_plasma\IMG_20230628_184444_p_5.jpg,0,non_plasma
0.336669921875,0.663330078125,0.5075450864924549,0.41048255729299593,0.6071186938316993,0.013286840200424194,0.43837550504180645,0.36910137101715684,0.3475808536305147,0.4619616938572304,F:\BUET plasma\PCMMD_LOCAL\set1\non_plasma\IMG_20230628_184450_p_0.jpg,0,non_plasma
0.6015625,0.3984375,1.5098039215686274,0.9202046311952914,0.6378560783037173,0.01375479243695736,0.4850455117144419,0.3260897767310049,0.2899361404718137,0.4704058478860294,F:\BUET plasma\PCMMD_LOCAL\set1\non_plasma\IMG_20230628_184450_p_1.jpg,0,non_plasma
0.436767578125,0.563232421875,0.7754659731252709,0.5740629085455901,0.5831706527011846,0.02071232768520713,0.7722520716024303,0.42062677121629904,0.33609068627450983,0.49377058440563726,F:\BUET plasma\PCMMD_LOCAL\set1\non_plasma\IMG_20230628_184450_p_2.jpg,0,non_plasma
0.3909912109375,0.6090087890625,0.6420124273401483,0.49592257941825163,0.6147314931832109,0.009393869161605835,0.6515395665503875,0.3643210018382353,0.3025172813265931,0.4889672372855392,F:\BUET plasma\PCMMD_LOCAL\set1\non_plasma\IMG_20230628_184450_p_3.jpg,0,non_plasma
0.362548828125,0.637451171875,0.5687476062811183,0.45027759802021483,0.5673295962265115,0.022028600480407477,0.6430800375202537,0.4677226945465686,0.32343726064644607,0.506851256127451,F:\BUET plasma\PCMMD_LOCAL\set1\non_plasma\IMG_20230628_184450_p_9.jpg,0,non_plasma
0.3341064453125,0.6658935546875,0.5017415215398717,0.40662544901211783,0.5730587628931781,0.01600955867767334,0.10879194151944055,0.44665120442708334,0.332916140088848,0.5012563668045343,F:\BUET plasma\PCMMD_LOCAL\set1\non_plasma\IMG_20230628_184507_p_3.jpg,0,non_plasma
0.22607421875,0.77392578125,0.2921135646687697,0.25627929984801745,0.5722059461805555,0.015888772428035738,0.10671805275301109,0.46253709980085783,0.3400900448069853,0.4807550168504902,F:\BUET plasma\PCMMD_LOCAL\set1\non_plasma\IMG_20230628_184507_p_4.jpg,0,non_plasma
0.53338623046875,0.46661376953125,1.1431000654022236,0.7622534094760717,0.6349388371885213,0.01229310354217887,0.6836077953348411,0.35330283969056375,0.31039368872549017,0.4314869600183823,F:\BUET plasma\PCMMD_LOCAL\set1\non_plasma\IMG_20230628_184535_p_10.jpg,0,non_plasma
0.28961181640625,0.71038818359375,0.40768107225706673,0.341943720897258,0.5945143356821896,0.021715884145349265,0.2639550951355189,0.41845894607843137,0.33847775926776963,0.4595202876072304,F:\BUET plasma\PCMMD_LOCAL\set1\non_plasma\IMG_20230628_184535_p_11.jpg,0,non_plasma
0.60302734375,0.39697265625,1.5190651906519066,0.9238878766115879,0.6335986966401144,0.03367786532267928,0.29459807973463126,0.38911300359987744,0.304299986596201,0.4057909198835784,F:\BUET plasma\PCMMD_LOCAL\set1\non_plasma\IMG_20230628_184535_p_12.jpg,0,non_plasma
0.424560546875,0.575439453125,0.7378022910479423,0.5526212637832125,0.6179918875102124,0.017552771031856537,0.18762908798343947,0.3937772863051471,0.30516165939031864,0.44708539177389706,F:\BUET plasma\PCMMD_LOCAL\set1\non_plasma\IMG_20230628_184535_p_2.jpg,0,non_plasma
0.539306640625,0.460693359375,1.1706412294647588,0.7750226213507935,0.6580586352379494,0.013496172368526458,0.1194953161693818,0.3391927083333333,0.2655709060968137,0.4210604798560049,F:\BUET plasma\PCMMD_LOCAL\set1\non_plasma\IMG_20230628_184535_p_3.jpg,0,non_plasma
0.4427490234375,0.5572509765625,0.7945235487404162,0.5847395542502202,0.6077419704861111,0.02183439775928855,0.13002461624097586,0.41524538526348037,0.32869729434742645,0.43283140893075983,F:\BUET plasma\PCMMD_LOCAL\set1\non_plasma\IMG_20230628_184535_p_4.jpg,0,non_plasma
0.42803955078125,0.57196044921875,0.7483726389926368,0.5586854347154107,0.6351162779564952,0.02653421339020133,0.1596190945840411,0.3319271312040441,0.30412406173406864,0.458599973192402,F:\BUET plasma\PCMMD_LOCAL\set1\non_plasma\IMG_20230628_184535_p_5.jpg,0,non_plasma
0.68560791015625,0.31439208984375,2.180741603572122,1.157114378273649,0.6865658828635621,0.012437751516699791,0.2609807716000366,0.3074489219515931,0.24689654181985293,0.3859568876378677,F:\BUET plasma\PCMMD_LOCAL\set1\non_plasma\IMG_20230628_184535_p_6.jpg,0,non_plasma
0.48114013671875,0.51885986328125,0.9273026702740854,0.6561214452218754,0.6301192938112745,0.014276220262050629,0.25801170577567795,0.37099130667892155,0.33831069048713236,0.40034012140012254,F:\BUET plasma\PCMMD_LOCAL\set1\non_plasma\IMG_20230628_184535_p_7.jpg,0,non_plasma
0.36785888671875,0.63214111328125,0.5819252679347301,0.4586426292503555,0.6021264169730391,0.02773883245885372,0.2307465450108465,0.4296152152267157,0.35921918083639703,0.4047863530177696,F:\BUET plasma\PCMMD_LOCAL\set1\non_plasma\IMG_20230628_184535_p_8.jpg,0,non_plasma
0.52203369140625,0.47796630859375,1.0921976759034606,0.7382150330882966,0.6495796153747957,0.02442560901865363,0.4235970587110369,0.35194833792892155,0.2902765012254902,0.409036314721201,F:\BUET plasma\PCMMD_LOCAL\set1\non_plasma\IMG_20230628_184535_p_9.jpg,0,non_plasma
0.45196533203125,0.54803466796875,0.8247020826372647,0.6014167313184257,0.6039771784364787,0.025490327056497335,0.22388966743532113,0.4270950616574755,0.2853372012867647,0.47563620174632354,F:\BUET plasma\PCMMD_LOCAL\set1\non_plasma\IMG_20230628_184637_p_2.jpg,0,non_plasma
0.17913818359375,0.82086181640625,0.21823183879842367,0.19740049501568513,0.5432120927798203,0.03098497973382473,0.11569373166317748,0.4833429074754902,0.36912099800857845,0.5178998161764706,F:\BUET plasma\PCMMD_LOCAL\set1\non_plasma\IMG_20230628_184637_p_3.jpg,0,non_plasma
0.39801025390625,0.60198974609375,0.6611578627192538,0.5075148668852408,0.5988689746732027,0.011222778260707856,0.3521903304735647,0.39633262484681375,0.32136206533394607,0.48569838579963237,F:\BUET plasma\PCMMD_LOCAL\set1\non_plasma\IMG_20230628_184643_p_10.jpg,0,non_plasma
0.43292236328125,0.56707763671875,0.7634269723388225,0.5672590591979219,0.6224097956239787,0.011534603115171195,0.27756965030381475,0.36594740923713237,0.29387230966605393,0.47295089422487746,F:\BUET plasma\PCMMD_LOCAL\set1\non_plasma\IMG_20230628_184643_p_11.jpg,0,non_plasma
0.49920654296875,0.50079345703125,0.9968312004875076,0.691561524315043,0.6371261297487745,0.013501194294542074,0.4117971842440395,0.3481012082567402,0.2721579159007353,0.468362486596201,F:\BUET plasma\PCMMD_LOCAL\set1\non_plasma\IMG_20230628_184643_p_12.jpg,0,non_plasma
0.38873291015625,0.61126708984375,0.635946080878682,0.49222127973931573,0.5952151628880719,0.013593446072191,0.7335457384895134,0.39576487821691175,0.3327749214920343,0.48581471162683826,F:\BUET plasma\PCMMD_LOCAL\set1\non_plasma\IMG_20230628_184643_p_13.jpg,0,non_plasma
0.3787841796875,0.6212158203125,0.609746512084889,0.47607672069045637,0.6021397409875409,0.017326449777930974,0.22390374181814107,0.3534229951746323,0.3448349896599265,0.4953227922028186,F:\BUET plasma\PCMMD_LOCAL\set1\non_plasma\IMG_20230628_184643_p_14.jpg,0,non_plasma
0.31365966796875,0.68634033203125,0.457003112494442,0.37638166344581825,0.5643741383272058,0.012899646624922753,0.15644924882914954,0.4251998602175245,0.3692138671875,0.5124638576133579,F:\BUET plasma\PCMMD_LOCAL\set1\non_plasma\IMG_20230628_184643_p_15.jpg,0,non_plasma
0.40557861328125,0.59442138671875,0.6823082451997124,0.5201668058780351,0.6091010199652778,0.010572870597243308,0.32817670768735346,0.3823512657015931,0.32647537530637255,0.463870299096201,F:\BUET plasma\PCMMD_LOCAL\set1\non_plasma\IMG_20230628_184643_p_16.jpg,0,non_plasma
0.30377197265625,0.69622802734375,0.4363110370824932,0.36207804681133643,0.5479865579044118,0.016848651513457297,0.19219727762651911,0.48770560470281865,0.36595052083333335,0.5023842007506127,F:\BUET plasma\PCMMD_LOCAL\set1\non_plasma\IMG_20230628_184643_p_8.jpg,0,non_plasma
0.3543701171875,0.6456298828125,0.5488750236339572,0.4375288762133091,0.5924726498672386,0.026675837006419897,0.08818879079802298,0.41640601064644606,0.3200815238204657,0.48609451593137254,F:\BUET plasma\PCMMD_LOCAL\set1\non_plasma\IMG_20230628_184643_p_9.jpg,0,non_plasma
0.37249755859375,0.62750244140625,0.5936192977336835,0.4660077172965158,0.6075309404360703,0.03460489582642913,0.12941732517199664,0.3980502259497549,0.30592328239889705,0.47343367034313727,F:\BUET plasma\PCMMD_LOCAL\set1\non_plasma\IMG_20230628_184658_p_0.jpg,0,non_plasma
0.15679931640625,0.84320068359375,0.18595729279768367,0.17055029048171744,0.5810128006280637,0.04616661724075675,0.13483704901926444,0.4319936714920343,0.3424950693167892,0.4824728573069853,F:\BUET plasma\PCMMD_LOCAL\set1\non_plasma\IMG_20230628_184658_p_1.jpg,0,non_plasma
0.452392578125,0.547607421875,0.8261257244761481,0.6021966321991353,0.6334725573171978,0.010779794033616782,0.7327137156376468,0.3592134363511029,0.2998812806372549,0.440487611060049,F:\BUET plasma\PCMMD_LOCAL\set1\non_plasma\IMG_20230628_184658_p_2.jpg,0,non_plasma
0.1368408203125,0.8631591796875,0.1585348606986282,0.14715615567504825,0.5458384395424836,0.01567372950538993,0.13753423054874395,0.4739061542585784,0.4035204120710784,0.48505811504289215,F:\BUET plasma\PCMMD_LOCAL\set1\non_plasma\IMG_20230628_184658_p_3.jpg,0,non_plasma
0.45001220703125,0.54998779296875,0.8182221728997892,0.597859195604197,0.5848895303564134,0.017711539920419454,0.7341909234574482,0.40315324371936273,0.3375574448529412,0.5046207203584558,F:\BUET plasma\PCMMD_LOCAL\set1\non_plasma\IMG_20230628_184710_p_10.jpg,0,non_plasma
0.10662841796875,0.89337158203125,0.11935505909680945,0.11275267935528745,0.49439601524203436,0.0177102045416832,0.1496735764251867,0.535284543504902,0.43730851715686275,0.5442188936121324,F:\BUET plasma\PCMMD_LOCAL\set1\non_plasma\IMG_20230628_184710_p_11.jpg,0,non_plasma
0.23883056640625,0.76116943359375,0.313767941624569,0.2728992999184872,0.5610347573274101,0.025962735638022424,0.1432445768755792,0.4511752259497549,0.3531436695772059,0.5125768324908089,F:\BUET plasma\PCMMD_LOCAL\set1\non_plasma\IMG_20230628_184710_p_12.jpg,0,non_plasma
0.37066650390625,0.62933349609375,0.5889826398991368,0.46309396232129074,0.5881826363357843,0.014607584103941917,0.47714287920452525,0.407012819776348,0.3417181276807598,0.4867211435355392,F:\BUET plasma\PCMMD_LOCAL\set1\non_plasma\IMG_20230628_184710_p_13.jpg,0,non_plasma
0.3067626953125,0.6932373046875,0.4425074837119211,0.3663829074018565,0.5801790524152369,0.008859451711177826,0.5328228318513699,0.43473163679534316,0.3421901328890931,0.48254107306985294,F:\BUET plasma\PCMMD_LOCAL\set1\non_plasma\IMG_20230628_184710_p_14.jpg,0,non_plasma
0.35003662109375,0.64996337890625,0.5385482204901869,0.43083925782385063,0.5819247376685048,0.0077228742204606534,0.38490087512781745,0.43353798062193627,0.3301812863817402,0.4905065199908088,F:\BUET plasma\PCMMD_LOCAL\set1\non_plasma\IMG_20230628_184710_p_15.jpg,0,non_plasma
0.42852783203125,0.57147216796875,0.7498664957812667,0.5595394969003453,0.6348819508272059,0.004366246517747641,0.4558159281692181,0.33249631395526963,0.3038770488664216,0.4589807846966912,F:\BUET plasma\PCMMD_LOCAL\set1\non_plasma\IMG_20230628_184710_p_6.jpg,0,non_plasma
0.267578125,0.732421875,0.36533333333333334,0.311398599069097,0.55877055249183,0.014759316589683295,0.31940904521759095,0.45453622855392156,0.3668674842984069,0.5022846296721813,F:\BUET plasma\PCMMD_LOCAL\set1\non_plasma\IMG_20230628_184710_p_8.jpg,0,non_plasma
0.2982177734375,0.7017822265625,0.42494346842929204,0.3541321416559981,0.5633536943423203,0.009094041343778371,0.336807394884092,0.4324563419117647,0.37042427810968137,0.5070582969515931,F:\BUET plasma\PCMMD_LOCAL\set1\non_plasma\IMG_20230628_184710_p_9.jpg,0,non_plasma
0.0281982421875,0.9718017578125,0.02901645521919357,0.028603448190710833,0.5306998857485703,0.01954705236852169,0.36739424793927083,0.48037923177083336,0.42185297947303924,0.5056681315104167,F:\BUET plasma\PCMMD_LOCAL\set1\non_plasma\IMG_20230628_184718_p_0.jpg,0,non_plasma
0.17626953125,0.82373046875,0.21398933017190278,0.19391190361343008,0.522103901782067,0.02575332020223141,0.2657083515992291,0.5238762350643382,0.40407475490196076,0.5057373046875,F:\BUET plasma\PCMMD_LOCAL\set1\non_plasma\IMG_20230628_184718_p_1.jpg,0,non_plasma
0.03350830078125,0.96649169921875,0.03467003473318598,0.03408256886649416,0.5190878076491012,0.02155081497132778,0.1208657897609304,0.48371534160539215,0.44046559053308826,0.5185556449142157,F:\BUET plasma\PCMMD_LOCAL\set1\non_plasma\IMG_20230628_184718_p_2.jpg,0,non_plasma
0.23138427734375,0.76861572265625,0.30104026046216154,0.2631641448333879,0.5236417483660131,0.017296873033046722,0.5608639364690629,0.5035031786151961,0.40447160309436275,0.521099973192402,F:\BUET plasma\PCMMD_LOCAL\set1\non_plasma\IMG_20230628_184718_p_3.jpg,0,non_plasma
0.1365966796875,0.8634033203125,0.1582072670719638,0.1468733502432991,0.5429050021701389,0.012448589380830526,0.26885887966442545,0.4723714192708333,0.37022633272058825,0.5286872414981618,F:\BUET plasma\PCMMD_LOCAL\set1\non_plasma\IMG_20230628_184718_p_4.jpg,0,non_plasma
0.3226318359375,0.6773681640625,0.4763020364029555,0.38954033695338774,0.6066046421823938,0.031240318715572358,0.8285465001348208,0.39884535845588237,0.2788818359375,0.5024588790594363,F:\BUET plasma\PCMMD_LOCAL\set1\non_plasma\IMG_20230628_184724_p_3.jpg,0,non_plasma
0.32611083984375,0.67388916015625,0.4839235576487637,0.39468963240009736,0.5727841445823121,0.021319195732474327,0.33639211480254416,0.4355368221507353,0.3344592524509804,0.511651491651348,F:\BUET plasma\PCMMD_LOCAL\set1\non_plasma\IMG_20230628_184724_p_4.jpg,0,non_plasma
0.2684326171875,0.7315673828125,0.36692808276322375,0.3125659468211038,0.5755240247140523,0.012806433141231538,0.4814321922701901,0.44538765701593136,0.33828914866727944,0.48975112017463235,F:\BUET plasma\PCMMD_LOCAL\set1\non_plasma\IMG_20230628_184724_p_5.jpg,0,non_plasma
0.4622802734375,0.5377197265625,0.8597048808172532,0.6204178089090091,0.6193926642922793,0.00443199821934104,0.8340342032536397,0.35199261833639706,0.2905625287224265,0.49926686006433824,F:\BUET plasma\PCMMD_LOCAL\set1\non_plasma\IMG_20230628_184724_p_6.jpg,0,non_plasma
0.3427734375,0.6572265625,0.5215453194650818,0.4197264759547253,0.5868547028186275,0.004835815295577049,0.8566954840309539,0.3887106502757353,0.3448850145526961,0.5058402267156863,F:\BUET plasma\PCMMD_LOCAL\set1\non_plasma\IMG_20230628_184724_p_7.jpg,0,non_plasma
0.3477783203125,0.6522216796875,0.5332210368706719,0.4273707753215177,0.5497249029820261,0.009218499895185233,0.2539014748350705,0.4776699888939951,0.33813428691789216,0.5350210152420343,F:\BUET plasma\PCMMD_LOCAL\set1\non_plasma\IMG_20230628_184724_p_8.jpg,0,non_plasma
0.26824951171875,0.73175048828125,0.3665860372007674,0.3123156861315807,0.521014444189134,0.006762639965862036,0.8130285051962306,0.4773403990502451,0.4167209999234069,0.5428952684589461,F:\BUET plasma\PCMMD_LOCAL\set1\non_plasma\IMG_20230628_184739_p_1.jpg,0,non_plasma
0.22906494140625,0.77093505859375,0.2971261182804212,0.26015113906525905,0.4909317714716095,0.009439926147460937,0.800474540514859,0.5201961741727941,0.46710492302389706,0.5399035883884804,F:\BUET plasma\PCMMD_LOCAL\set1\non_plasma\IMG_20230628_184739_p_2.jpg,0,non_plasma
0.26446533203125,0.73553466796875,0.35955522363289355,0.30715760481184246,0.563257075291054,0.020249153193086386,0.18912295024397302,0.4657671760110294,0.3494920917585784,0.4949695063572304,F:\BUET plasma\PCMMD_LOCAL\set1\non_plasma\IMG_20230628_184900_p_0.jpg,0,non_plasma
0.44171142578125,0.55828857421875,0.7911883677708539,0.5828792921828699,0.5960472356260212,0.020693109270185233,0.2652220571581192,0.4162305644914216,0.3038607728247549,0.4917669558057598,F:\BUET plasma\PCMMD_LOCAL\set1\non_plasma\IMG_20230628_184900_p_1.jpg,0,non_plasma
0.35552978515625,0.64447021484375,0.5516620892129936,0.43932667203271997,0.5646007263582516,0.014476056084036827,0.44897944657316585,0.4446693570006127,0.34759018841911765,0.5139382755055147,F:\BUET plasma\PCMMD_LOCAL\set1\non_plasma\IMG_20230628_184900_p_2.jpg,0,non_plasma
0.364013671875,0.635986328125,0.5723608445297504,0.45257821253187636,0.5791037166819852,0.011606081690639257,0.3806351402916824,0.4175312117034314,0.32606584137561273,0.519091796875,F:\BUET plasma\PCMMD_LOCAL\set1\non_plasma\IMG_20230628_184900_p_3.jpg,0,non_plasma
0.16900634765625,0.83099365234375,0.2033786265148733,0.18513312273137436,0.5564222547743056,0.018043289884924887,0.15515603276884968,0.4618329216452206,0.3660515280330882,0.5028487859987745,F:\BUET plasma\PCMMD_LOCAL\set1\non_plasma\IMG_20230628_184909_p_1.jpg,0,non_plasma
0.1351318359375,0.8648681640625,0.15624558927311222,0.14517819515450822,0.5691421409058415,0.019260211672633885,0.08417877753037048,0.45044447954963235,0.35536175896139705,0.48676733877144607,F:\BUET plasma\PCMMD_LOCAL\set1\non_plasma\IMG_20230628_184909_p_2.jpg,0,non_plasma
0.3072509765625,0.6927490234375,0.44352422907488986,0.36708750492968556,0.5787051132301879,0.013168190225958824,0.31223494692508574,0.44718137254901963,0.3247127757352941,0.49199051202512256,F:\BUET plasma\PCMMD_LOCAL\set1\non_plasma\IMG_20230628_184909_p_3.jpg,0,non_plasma
0.2877197265625,0.7122802734375,0.40394173093401886,0.33928380255863266,0.5499443901909722,0.007867336984723807,0.581410140269451,0.46535859949448527,0.37071676815257354,0.5140914617800245,F:\BUET plasma\PCMMD_LOCAL\set1\non_plasma\IMG_20230628_184909_p_4.jpg,0,non_plasma
0.38958740234375,0.61041259765625,0.6382361763823617,0.49362016086271826,0.6006120270373774,0.005107050359249115,0.8701797430697645,0.3845959233302696,0.322683775658701,0.4908842198988971,F:\BUET plasma\PCMMD_LOCAL\set1\non_plasma\IMG_20230628_184923_p_10.jpg,0,non_plasma
0.332275390625,0.667724609375,0.4976234003656307,0.40387945186326213,0.5714349085988562,0.006949488338083029,0.8105314784676415,0.42115861481311273,0.3542059206495098,0.5103307387408088,F:\BUET plasma\PCMMD_LOCAL\set1\non_plasma\IMG_20230628_184923_p_11.jpg,0,non_plasma
0.28424072265625,0.71575927734375,0.3971177624285836,0.33441137337816984,0.553573388991013,0.007545835431665182,0.3235315443991037,0.4599930108762255,0.3684591854319853,0.51082763671875,F:\BUET plasma\PCMMD_LOCAL\set1\non_plasma\IMG_20230628_184923_p_12.jpg,0,non_plasma
0.29168701171875,0.70831298828125,0.4118052563550194,0.3448692091306969,0.5465955148335375,0.02233342719078064,0.3488982956246941,0.43814816942401963,0.40676365272671566,0.515301633348652,F:\BUET plasma\PCMMD_LOCAL\set1\non_plasma\IMG_20230628_184923_p_13.jpg,0,non_plasma
0.1893310546875,0.8106689453125,0.23354916428248756,0.20989551373857532,0.5320430581086601,0.029196135070174933,0.07992840644995124,0.49946121515012254,0.38634727328431373,0.5180623372395833,F:\BUET plasma\PCMMD_LOCAL\set1\non_plasma\IMG_20230628_184923_p_14.jpg,0,non_plasma
0.45281982421875,0.54718017578125,0.8275515895147797,0.6029771418000011,0.5956688176572713,0.010474564656615257,0.42244245160285865,0.40079465379901963,0.3330288756127451,0.4791700176164216,F:\BUET plasma\PCMMD_LOCAL\set1\non_plasma\IMG_20230628_184923_p_15.jpg,0,non_plasma
0.03399658203125,0.96600341796875,0.03519302457825235,0.03458790650595118,0.5267750459558824,0.03559656044468284,0.4394451868646703,0.48331298828125,0.4441576191023284,0.4922042547487745,F:\BUET plasma\PCMMD_LOCAL\set1\non_plasma\IMG_20230628_184923_p_16.jpg,0,non_plasma
0.1400146484375,0.8599853515625,0.16281050390347765,0.15083992294650841,0.5254491070516748,0.0285759663246572,0.1660640437976157,0.5114207548253676,0.39309058095894606,0.5191413430606617,F:\BUET plasma\PCMMD_LOCAL\set1\non_plasma\IMG_20230628_184923_p_17.jpg,0,non_plasma
0.26275634765625,0.73724365234375,0.3564036758009769,0.30483684123395594,0.6043022205627042,0.010437796648591758,0.1354355171538838,0.39197710822610293,0.3272594975490196,0.4678567325367647,F:\BUET plasma\PCMMD_LOCAL\set1\non_plasma\IMG_20230628_184923_p_6.jpg,0,non_plasma
0.5159912109375,0.4840087890625,1.066078184110971,0.7256522132103407,0.6118032418045343,0.021389327466487886,0.2807393533813653,0.3758202646292892,0.2964973000919118,0.49227270986519606,F:\BUET plasma\PCMMD_LOCAL\set1\non_plasma\IMG_20230628_184923_p_7.jpg,0,non_plasma
0.427001953125,0.572998046875,0.7452066467831274,0.5568729708683202,0.5970970403135213,0.015698107328265907,0.4672118505129606,0.3944103764552696,0.31410295075061273,0.5001955518535539,F:\BUET plasma\PCMMD_LOCAL\set1\non_plasma\IMG_20230628_184923_p_8.jpg,0,non_plasma
0.31182861328125,0.68817138671875,0.45312638580931264,0.3737173634683552,0.5726583243974673,0.006795138951390982,0.8574739232669,0.43196303423713234,0.35978932100183825,0.49027267156862747,F:\BUET plasma\PCMMD_LOCAL\set1\non_plasma\IMG_20230628_184923_p_9.jpg,0,non_plasma
0.24969482421875,0.75030517578125,0.33279101927926463,0.2872752541718933,0.5591575871885213,0.03486629613861442,0.2931224090606505,0.45131931678921566,0.38429697074142155,0.48691095090379904,F:\BUET plasma\PCMMD_LOCAL\set1\non_plasma\IMG_20230628_184934_p_10.jpg,0,non_plasma
0.33404541015625,0.66595458984375,0.501603885986619,0.4065337941841356,0.5750261693218954,0.022015169586986304,0.11328015422578729,0.4148669672947304,0.35537420534620096,0.5046803193933823,F:\BUET plasma\PCMMD_LOCAL\set1\non_plasma\IMG_20230628_184934_p_11.jpg,0,non_plasma
0.20562744140625,0.79437255859375,0.25885516711486745,0.23020271041056856,0.5401958390778187,0.04929417147859931,0.1117262693924145,0.4680616191789216,0.41664680032169116,0.49470406326593136,F:\BUET plasma\PCMMD_LOCAL\set1\non_plasma\IMG_20230628_184934_p_12.jpg,0,non_plasma
0.1297607421875,0.8702392578125,0.14910927198765606,0.13898709616166055,0.5239055957669526,0.021768114622682334,0.14454855576941142,0.520080327052696,0.4036111270680147,0.5045917585784314,F:\BUET plasma\PCMMD_LOCAL\set1\non_plasma\IMG_20230628_184934_p_13.jpg,0,non_plasma
0.5299072265625,0.4700927734375,1.1272396780057128,0.7548252134643801,0.632375998902165,0.01290812812745571,0.4996768615589365,0.36289660883884806,0.285971009497549,0.4540043849571078,F:\BUET plasma\PCMMD_LOCAL\set1\non_plasma\IMG_20230628_184934_p_14.jpg,0,non_plasma
0.386474609375,0.613525390625,0.6299243931555909,0.4885336291757515,0.6049640331392974,0.005931268449872732,0.8410447437432346,0.38457725375306373,0.3414567535998774,0.45907389322916664,F:\BUET plasma\PCMMD_LOCAL\set1\non_plasma\IMG_20230628_184934_p_15.jpg,0,non_plasma
0.42327880859375,0.57672119140625,0.7339400994814266,0.5503963330566084,0.61493550219567,0.011288850411772728,0.5874339586076749,0.3471947763480392,0.33831595626531863,0.46968276079963234,F:\BUET plasma\PCMMD_LOCAL\set1\non_plasma\IMG_20230628_184934_p_16.jpg,0,non_plasma
0.1331787109375,0.8668212890625,0.15364033234755667,0.1429224490971954,0.5604378893484477,0.02485171531140804,0.678143128656446,0.44995978860294117,0.38503729128370096,0.4836892520680147,F:\BUET plasma\PCMMD_LOCAL\set1\non_plasma\IMG_20230628_184934_p_17.jpg,0,non_plasma
0.141845703125,0.858154296875,0.16529160739687054,0.1529713624745784,0.5651088739532271,0.05034475015103817,0.45159611952673606,0.44982981962316176,0.41791274126838235,0.43693081724877453,F:\BUET plasma\PCMMD_LOCAL\set1\non_plasma\IMG_20230628_184934_p_18.jpg,0,non_plasma
0.3402099609375,0.6597900390625,0.5156336725254395,0.41583361720598044,0.5800823535794526,0.008423755586147308,0.8503244581527882,0.4271994198069853,0.34961105047487745,0.48294246897977944,F:\BUET plasma\PCMMD_LOCAL\set1\non_plasma\IMG_20230628_184934_p_3.jpg,0,non_plasma
0.34185791015625,0.65814208984375,0.5194287304089771,0.41833442895716194,0.5911852468852125,0.008040205225348472,0.5641775693423026,0.4034378350949755,0.3454891429227941,0.47751728132659316,F:\BUET plasma\PCMMD_LOCAL\set1\non_plasma\IMG_20230628_184934_p_4.jpg,0,non_plasma
0.09466552734375,0.90533447265625,0.10456414750893278,0.09945082051562196,0.5412492340686275,0.02584945597872138,0.3561009631972662,0.49041149662990197,0.4019899854473039,0.48385081571691174,F:\BUET plasma\PCMMD_LOCAL\set1\non_plasma\IMG_20230628_184934_p_5.jpg,0,non_plasma
0.15142822265625,0.84857177734375,0.1784506940947997,0.16420060466969102,0.5840010499642565,0.020283833470195533,0.20483342842210442,0.42929831112132355,0.3616785386029412,0.4570200003829657,F:\BUET plasma\PCMMD_LOCAL\set1\non_plasma\IMG_20230628_184934_p_6.jpg,0,non_plasma
0.0672607421875,0.9327392578125,0.07211098023818872,0.06962958363172232,0.5516643050449346,0.01613651468977332,0.5374886915572437,0.4652980430453431,0.41192626953125,0.46778277228860293,F:\BUET plasma\PCMMD_LOCAL\set1\non_plasma\IMG_20230628_184934_p_7.jpg,0,non_plasma
0.07574462890625,0.92425537109375,0.08195205705606551,0.07876686988257883,0.553945823120915,0.013743130501359701,0.5917049954529188,0.4644844803155637,0.37501986634497547,0.4986581839767157,F:\BUET plasma\PCMMD_LOCAL\set1\non_plasma\IMG_20230628_184934_p_8.jpg,0,non_plasma
0.61907958984375,0.38092041015625,1.6252203172568498,0.9651648229051913,0.6722944272109885,0.00853028005361557,0.5198044212190247,0.28574817133884806,0.2563778147977941,0.44099073223039215,F:\BUET plasma\PCMMD_LOCAL\set1\non_plasma\IMG_20230628_184934_p_9.jpg,0,non_plasma
0.20758056640625,0.79241943359375,0.2619579450050065,0.23266443947898088,0.5304728190104167,0.03913829885423183,0.10559699275081894,0.5043229645373775,0.3962026558670343,0.5080559225643382,F:\BUET plasma\PCMMD_LOCAL\set1\non_plasma\IMG_20230628_184940_p_1.jpg,0,non_plasma
0.061767578125,0.938232421875,0.06583398386677075,0.06375757615449977,0.5241794960171569,0.018981673955917357,0.24761517326936638,0.524255610447304,0.4051834405637255,0.4980224609375,F:\BUET plasma\PCMMD_LOCAL\set1\non_plasma\IMG_20230628_184940_p_2.jpg,0,non_plasma
0.0867919921875,0.9132080078125,0.09504076995054137,0.0907915954068841,0.5438067267922795,0.0302395595908165,0.5917796718880167,0.4733920228247549,0.42303658279718137,0.4721512140012255,F:\BUET plasma\PCMMD_LOCAL\set1\non_plasma\IMG_20230628_184940_p_3.jpg,0,non_plasma
0.0966796875,0.9033203125,0.10702702702702703,0.1016780680870279,0.5347582848243464,0.019776539742946624,0.17014874712657038,0.48345875459558824,0.41571906594669117,0.49654732498468135,F:\BUET plasma\PCMMD_LOCAL\set1\non_plasma\IMG_20230628_184940_p_4.jpg,0,non_plasma
0.11865234375,0.88134765625,0.13462603878116344,0.1263031153924171,0.5481726951848448,0.021539837416261434,0.17317443077266795,0.4591653262867647,0.39191631242340685,0.5044002757352941,F:\BUET plasma\PCMMD_LOCAL\set1\non_plasma\IMG_20230628_184940_p_5.jpg,0,non_plasma
0.24322509765625,0.75677490234375,0.3213968868457134,0.2786894246593923,0.527932719311683,0.023641205176711082,0.1646946121987978,0.5051068474264706,0.3937997855392157,0.5172952090992647,F:\BUET plasma\PCMMD_LOCAL\set1\non_plasma\IMG_20230628_184948_p_11.jpg,0,non_plasma
0.27008056640625,0.72991943359375,0.3700142152353876,0.3148211158704269,0.5465203578176062,0.019501647647470234,0.11165806620335245,0.49340437346813726,0.36189826516544116,0.505136287913603,F:\BUET plasma\PCMMD_LOCAL\set1\non_plasma\IMG_20230628_184948_p_12.jpg,0,non_plasma
0.421142578125,0.578857421875,0.7275411218894982,0.5466990806539384,0.6427356196384804,0.004961639132350683,0.5789750348629817,0.31963512944240197,0.3144579120710784,0.4377000995710784,F:\BUET plasma\PCMMD_LOCAL\set1\non_plasma\IMG_20230628_184948_p_6.jpg,0,non_plasma
0.3843994140625,0.6156005859375,0.6244299028356137,0.4851569252025637,0.6127551508884803,0.019185550451278687,0.22704401739862562,0.35194929534313724,0.3317756204044118,0.4780096315870098,F:\BUET plasma\PCMMD_LOCAL\set1\non_plasma\IMG_20230628_184948_p_7.jpg,0,non_plasma
0.385986328125,0.614013671875,0.6286282306163022,0.4877380841855042,0.629409849877451,0.005830932378768921,0.45204443126403293,0.3633777094822304,0.2992589613970588,0.44913377948835786,F:\BUET plasma\PCMMD_LOCAL\set1\non_plasma\IMG_20230628_184948_p_8.jpg,0,non_plasma
0.578369140625,0.421630859375,1.371742906774754,0.8636250885726651,0.6162771586499183,0.011364035185426474,0.6208644754987116,0.34748918121936273,0.31734236174938724,0.4863369810814951,F:\BUET plasma\PCMMD_LOCAL\set1\non_plasma\IMG_20230628_184948_p_9.jpg,0,non_plasma
0.22479248046875,0.77520751953125,0.28997716715219274,0.25462451833491484,0.5413375555300245,0.03820554467663169,0.24756501307945072,0.48188524433210783,0.3644887886795343,0.5296133003982844,F:\BUET plasma\PCMMD_LOCAL\set1\non_plasma\IMG_20230628_185009_p_1.jpg,0,non_plasma
0.18560791015625,0.81439208984375,0.22790976542007044,0.20531334609681365,0.5370822482638888,0.028004994567483663,0.1778152885341102,0.4786477481617647,0.38824630438112745,0.5218592026654412,F:\BUET plasma\PCMMD_LOCAL\set1\non_plasma\IMG_20230628_185009_p_2.jpg,0,non_plasma
0.24700927734375,0.75299072265625,0.3280376104401394,0.2837023717677697,0.5719303704554739,0.01768312829732895,0.1542051846486639,0.43099580652573527,0.34100413602941176,0.5122089460784314,F:\BUET plasma\PCMMD_LOCAL\set1\non_plasma\IMG_20230628_185009_p_3.jpg,0,non_plasma
0.3076171875,0.6923828125,0.44428772919605075,0.3676162790673256,0.5911601945465687,0.018957947012037037,0.2992250516385982,0.4126914828431373,0.345437681908701,0.4683902516084559,F:\BUET plasma\PCMMD_LOCAL\set1\non_plasma\IMG_20230628_185015_p_4.jpg,0,non_plasma
0.3828125,0.6171875,0.620253164556962,0.48258241145259567,0.6221318263633578,0.02232062303647399,0.1734322266044624,0.3839496687346814,0.31189922257965685,0.4377556295955882,F:\BUET plasma\PCMMD_LOCAL\set1\non_plasma\IMG_20230628_185015_p_5.jpg,0,non_plasma
0.6490478515625,0.3509521484375,1.849391304347826,1.047105394047838,0.6445500791462418,0.01625165882334113,0.6457334936106635,0.3404009650735294,0.2574348000919118,0.4685139973958333,F:\BUET plasma\PCMMD_LOCAL\set1\non_plasma\IMG_20230628_185015_p_6.jpg,0,non_plasma
0.498779296875,0.501220703125,0.9951290793960058,0.6907087497004102,0.6128030215992647,0.038441651549190284,0.10020102254659845,0.3646752450980392,0.3050070369944853,0.49190865310968135,F:\BUET plasma\PCMMD_LOCAL\set1\non_plasma\IMG_20230628_185015_p_7.jpg,0,non_plasma
0.34600830078125,0.65399169921875,0.5290713952403173,0.42466061993155696,0.5666544596354166,0.02793088422715664,0.337171940476892,0.4534426221660539,0.34168102787990196,0.5049129710477941,F:\BUET plasma\PCMMD_LOCAL\set1\non_plasma\IMG_20230628_185015_p_8.jpg,0,non_plasma
0.2437744140625,0.7562255859375,0.32235673930589187,0.2794155532160462,0.5355607575061274,0.014947872161865234,0.8006386626938364,0.4996450386795343,0.3601038315716912,0.5335688572303922,F:\BUET plasma\PCMMD_LOCAL\set1\non_plasma\IMG_20230628_185131_p_5.jpg,0,non_plasma
0.05224609375,0.94775390625,0.05512622359608449,0.05366040299038814,0.492849551930147,0.023307265996932985,0.18574573893316576,0.5496783088235294,0.43251139322916665,0.5392616421568628,F:\BUET plasma\PCMMD_LOCAL\set1\non_plasma\IMG_20230628_185131_p_6.jpg,0,non_plasma
0.17193603515625,0.82806396484375,0.20763617601533133,0.18866487535392576,0.5225095262714461,0.022374509569257496,0.586181292832662,0.5135139016544118,0.3969013288909314,0.5220561906403186,F:\BUET plasma\PCMMD_LOCAL\set1\non_plasma\IMG_20230628_185131_p_7.jpg,0,non_plasma
0.1873779296875,0.8126220703125,0.2305843473035902,0.2074891356785854,0.529018905739379,0.02708390897512436,0.1342793281192034,0.46712742225796566,0.423541140088848,0.522274720435049,F:\BUET plasma\PCMMD_LOCAL\set1\non_plasma\IMG_20230628_185131_p_8.jpg,0,non_plasma
0.32666015625,0.67333984375,0.4851341551849166,0.3955051083660966,0.5876197565614787,0.01738378916680813,0.2689624315690373,0.4147101907169118,0.34124588311887255,0.4811846564797794,F:\BUET plasma\PCMMD_LOCAL\set1\non_plasma\IMG_20230628_185138_p_10.jpg,0,non_plasma
0.3450927734375,0.6549072265625,0.5269338303821063,0.4232616922144902,0.5367695727379493,0.014630350053310395,0.21445169291899902,0.49947485830269606,0.37155354817708336,0.5186628753063726,F:\BUET plasma\PCMMD_LOCAL\set1\non_plasma\IMG_20230628_185138_p_11.jpg,0,non_plasma
0.1671142578125,0.8328857421875,0.20064487761981534,0.1828588104638654,0.5738609962214052,0.03305873095616698,0.13593010199113942,0.44008549708946076,0.32915972541360294,0.5091717888327206,F:\BUET plasma\PCMMD_LOCAL\set1\non_plasma\IMG_20230628_185138_p_12.jpg,0,non_plasma
0.23492431640625,0.76507568359375,0.3070602313522138,0.26778051724684054,0.564865052466299,0.032970855351537466,0.2795970499778842,0.45819714116115196,0.3439809761795343,0.5032267252604167,F:\BUET plasma\PCMMD_LOCAL\set1\non_plasma\IMG_20230628_185138_p_5.jpg,0,non_plasma
0.352783203125,0.647216796875,0.5450773293096944,0.43507396043031815,0.5866034613715277,0.028663278922438622,0.09681988671935537,0.42933756510416665,0.31273456648284315,0.49811748429840685,F:\BUET plasma\PCMMD_LOCAL\set1\non_plasma\IMG_20230628_185138_p_6.jpg,0,non_plasma
0.196044921875,0.803955078125,0.24385059216519892,0.21821188434297945,0.5619223600898693,0.028786266088485717,0.1547132216188229,0.44633741191789217,0.3923071767769608,0.4755883310355392,F:\BUET plasma\PCMMD_LOCAL\set1\non_plasma\IMG_20230628_185138_p_7.jpg,0,non_plasma
0.08990478515625,0.91009521484375,0.09878613104419556,0.09420605324832691,0.5424428104575163,0.02228202795982361,0.1750951917325604,0.4909586588541667,0.3761821672028186,0.5055307425704657,F:\BUET plasma\PCMMD_LOCAL\set1\non_plasma\IMG_20230628_185138_p_8.jpg,0,non_plasma
0.214111328125,0.785888671875,0.2724448586517552,0.24094013542053558,0.5722086588541666,0.0244060484431684,0.1882378072521309,0.4482206456801471,0.3262496649050245,0.5089037128523284,F:\BUET plasma\PCMMD_LOCAL\set1\non_plasma\IMG_20230628_185138_p_9.jpg,0,non_plasma
0.318603515625,0.681396484375,0.4675743461125045,0.38361093318302153,0.5780775282118056,0.009850754961371421,0.8524804544985084,0.3994896982230392,0.34654804304534315,0.519729674096201,F:\BUET plasma\PCMMD_LOCAL\set1\non_plasma\IMG_20230628_185151_p_3.jpg,0,non_plasma
0.29180908203125,0.70819091796875,0.41204860811859,0.3450415634916889,0.5638162849775327,0.013303688313812017,0.1937511732271641,0.45445508769914217,0.3586282169117647,0.4954678404564951,F:\BUET plasma\PCMMD_LOCAL\set1\non_plasma\IMG_20230628_185201_p_4.jpg,0,non_plasma
0.23480224609375,0.76519775390625,0.3068517189120204,0.2676209767232092,0.5495499355341095,0.017929843291640282,0.2917498007771024,0.4750086167279412,0.3854535271139706,0.4908880495557598,F:\BUET plasma\PCMMD_LOCAL\set1\non_plasma\IMG_20230628_185201_p_5.jpg,0,non_plasma
0.411865234375,0.588134765625,0.7002905770029058,0.5307991641044724,0.6229388467626634,0.013355531439185142,0.7035400714251381,0.3706315582873774,0.3078273399203431,0.4527245615042892,F:\BUET plasma\PCMMD_LOCAL\set1\non_plasma\IMG_20230628_185201_p_6.jpg,0,non_plasma
0.230224609375,0.769775390625,0.2990802410402791,0.2616565071742829,0.559976256127451,0.017316542625427245,0.18813036046162684,0.45327244178921566,0.38966902190563724,0.4771297679227941,F:\BUET plasma\PCMMD_LOCAL\set1\non_plasma\IMG_20230628_185209_p_10.jpg,0,non_plasma
0.36907958984375,0.63092041015625,0.5849859727193576,0.46057555727074956,0.6021256191278594,0.021019215047359468,0.7912886675663264,0.36709175857843135,0.3573055491727941,0.4692258348651961,F:\BUET plasma\PCMMD_LOCAL\set1\non_plasma\IMG_20230628_185209_p_11.jpg,0,non_plasma
0.38714599609375,0.61285400390625,0.6317099890449158,0.489628537959798,0.6059011820874183,0.01919967269897461,0.38166546360322484,0.38883990119485295,0.3200662051930147,0.47339034734987745,F:\BUET plasma\PCMMD_LOCAL\set1\non_plasma\IMG_20230628_185209_p_12.jpg,0,non_plasma
0.30621337890625,0.69378662109375,0.441365355854667,0.3655908281525238,0.5756886201746323,0.014414832830429077,0.2741830134208898,0.4401594573376226,0.3564965341605392,0.47627814797794116,F:\BUET plasma\PCMMD_LOCAL\set1\non_plasma\IMG_20230628_185209_p_13.jpg,0,non_plasma
0.2392578125,0.7607421875,0.31450577663671375,0.27346075972870487,0.5460035934946895,0.020447517335414885,0.6024311580281427,0.45965169270833334,0.4069055893841912,0.49543193742340685,F:\BUET plasma\PCMMD_LOCAL\set1\non_plasma\IMG_20230628_185209_p_14.jpg,0,non_plasma
0.2259521484375,0.7740478515625,0.2919097934079798,0.2561215835792574,0.5647258284824346,0.016938894972205163,0.09412960989837953,0.4590975892310049,0.3470987955729167,0.4996261297487745,F:\BUET plasma\PCMMD_LOCAL\set1\non_plasma\IMG_20230628_185209_p_15.jpg,0,non_plasma
0.22314453125,0.77685546875,0.2872407291011942,0.2525009578216115,0.539218239379085,0.016912156935781242,0.2758575153931205,0.5045982211243872,0.3938086416207108,0.48393841911764707,F:\BUET plasma\PCMMD_LOCAL\set1\non_plasma\IMG_20230628_185209_p_16.jpg,0,non_plasma
0.40191650390625,0.59808349609375,0.6720073476885396,0.5140249092034159,0.5758099724264706,0.04689521321281791,0.4685913324972628,0.4153121649050245,0.3780175302542892,0.4792403875612745,F:\BUET plasma\PCMMD_LOCAL\set1\non_plasma\IMG_20230628_185209_p_17.jpg,0,non_plasma
0.3065185546875,0.6934814453125,0.4419996479493047,0.3660307947221621,0.5758075788909314,0.017748619254678487,0.19253904847829695,0.44431200214460786,0.3512408088235294,0.47702445235906865,F:\BUET plasma\PCMMD_LOCAL\set1\non_plasma\IMG_20230628_185209_p_9.jpg,0,non_plasma
0.1343994140625,0.8656005859375,0.15526724016358764,0.14433169397529233,0.49678979013480395,0.09279053401574493,0.1569113862243276,0.5402547200520833,0.43573285271139706,0.5336430568321079,F:\BUET plasma\PCMMD_LOCAL\set1\non_plasma\IMG_20230628_185218_p_3.jpg,0,non_plasma
0.23419189453125,0.76580810546875,0.3058101538216307,0.2668236556795346,0.5020229364532272,0.01037788763269782,0.6055899547650205,0.5291645124846813,0.46631266276041666,0.4984540153952206,F:\BUET plasma\PCMMD_LOCAL\set1\non_plasma\IMG_20230628_185218_p_4.jpg,0,non_plasma
0.029541015625,0.970458984375,0.030440251572327045,0.02998613963091144,0.4805499706392974,0.01839886161312461,0.23226399798295305,0.5617761948529412,0.4536661783854167,0.54290771484375,F:\BUET plasma\PCMMD_LOCAL\set1\non_plasma\IMG_20230628_185218_p_5.jpg,0,non_plasma
0.0037841796875,0.9962158203125,0.0037985540987624067,0.0037913578100461547,0.4671756121068219,0.018399106964468954,0.5236121409444596,0.5794960171568627,0.46898121553308825,0.5499959309895833,F:\BUET plasma\PCMMD_LOCAL\set1\non_plasma\IMG_20230628_185218_p_6.jpg,0,non_plasma
0.058837890625,0.941162109375,0.06251621271076524,0.06063988072191385,0.4662281709558823,0.03158692926168442,0.16169016603956654,0.5918277516084559,0.46325755399816176,0.5462301815257353,F:\BUET plasma\PCMMD_LOCAL\set1\non_plasma\IMG_20230628_185218_p_7.jpg,0,non_plasma
0.0472412109375,0.9527587890625,0.049583600256245995,0.04839351432975658,0.4958412320006127,0.017765153646469117,0.300960066851282,0.5315963445925245,0.43442837584252453,0.5464515835631127,F:\BUET plasma\PCMMD_LOCAL\set1\non_plasma\IMG_20230628_185218_p_8.jpg,0,non_plasma
0.04241943359375,0.95758056640625,0.04429855312639429,0.04334541900627878,0.4953444935917075,0.02069711184129119,0.47372728350781385,0.5396874521292893,0.4296140184589461,0.5446650486366421,F:\BUET plasma\PCMMD_LOCAL\set1\non_plasma\IMG_20230628_185218_p_9.jpg,0,non_plasma
0.220703125,0.779296875,0.2832080200501253,0.24936320814964433,0.5573277292687908,0.04682063961029053,0.29964616779899816,0.443277037377451,0.40266185087316175,0.4820779239430147,F:\BUET plasma\PCMMD_LOCAL\set1\non_plasma\IMG_20230628_185237_p_1.jpg,0,non_plasma
0.13092041015625,0.86907958984375,0.1506426013062715,0.1403205700582397,0.5245248831954656,0.013917413767427207,0.26880555289031116,0.5010866651348039,0.4000490674785539,0.5252896178002451,F:\BUET plasma\PCMMD_LOCAL\set1\non_plasma\IMG_20230628_185237_p_2.jpg,0,non_plasma
0.0609130859375,0.9390869140625,0.06486416222539972,0.06284724382035435,0.49247544232536766,0.028648912370204924,0.22706298107295897,0.5369023341758579,0.45495413985906863,0.5307171989889706,F:\BUET plasma\PCMMD_LOCAL\set1\non_plasma\IMG_20230628_185256_p_4.jpg,0,non_plasma
0.2415771484375,0.7584228515625,0.31852567197811044,0.27651419721559517,0.519906715941585,0.01330706000328064,0.10972289181563835,0.5156451056985294,0.4007388844209559,0.5238958620557598,F:\BUET plasma\PCMMD_LOCAL\set1\non_plasma\IMG_20230628_185256_p_5.jpg,0,non_plasma
0.11029052734375,0.88970947265625,0.12396240653083625,0.11686030476522165,0.5534702276092729,0.06156205132231116,0.19100900335582294,0.4590497185202206,0.36697806564031865,0.5135615330116422,F:\BUET plasma\PCMMD_LOCAL\set1\non_plasma\IMG_20230628_185256_p_6.jpg,0,non_plasma
0.0797119140625,0.9202880859375,0.08661626210372729,0.08306852106758715,0.5200245576746323,0.02061924324929714,0.5720909144691684,0.5038033279718137,0.41386192172181374,0.5222610772824755,F:\BUET plasma\PCMMD_LOCAL\set1\non_plasma\IMG_20230628_185256_p_7.jpg,0,non_plasma
0.0626220703125,0.9373779296875,0.06680557364240135,0.06466873794874546,0.5244640873927696,0.02251505472883582,0.18743805617197973,0.4976016773897059,0.41202201095281865,0.5169840494791667,F:\BUET plasma\PCMMD_LOCAL\set1\non_plasma\IMG_20230628_185420_p_1.jpg,0,non_plasma
0.07318115234375,0.92681884765625,0.07895949950609153,0.07599715035938517,0.5436191533905228,0.016899656470865013,0.07487988246081412,0.48741742302389707,0.3616287530637255,0.5200963637408088,F:\BUET plasma\PCMMD_LOCAL\set1\non_plasma\IMG_20230628_185420_p_2.jpg,0,non_plasma
0.3232421875,0.6767578125,0.47763347763347763,0.39044180640954984,0.5708047704758987,0.009859061684459448,0.3863689047136686,0.4332706227022059,0.34549273322610297,0.5088223326439951,F:\BUET plasma\PCMMD_LOCAL\set1\non_plasma\IMG_20230628_185426_p_0.jpg,0,non_plasma
0.13140869140625,0.86859130859375,0.15128943854964513,0.1408825651555744,0.5751262191074347,0.010919053163379431,0.23847681332487788,0.4059912588082108,0.37405694699754904,0.49457313687193627,F:\BUET plasma\PCMMD_LOCAL\set1\non_plasma\IMG_20230628_185426_p_1.jpg,0,non_plasma
0.285400390625,0.714599609375,0.3993850358729074,0.33603288002745785,0.5526262669781454,0.011629317697137594,0.25481161302960226,0.47185561236213236,0.3628607058057598,0.5074048808976716,F:\BUET plasma\PCMMD_LOCAL\set1\non_plasma\IMG_20230628_185426_p_2.jpg,0,non_plasma
0.33502197265625,0.66497802734375,0.5038090867370353,0.40800128046051404,0.5773604249642565,0.011602419003844261,0.40182961078868384,0.44492785883884806,0.3495447495404412,0.4734461167279412,F:\BUET plasma\PCMMD_LOCAL\set1\non_plasma\IMG_20230628_185431_p_3.jpg,0,non_plasma
0.15802001953125,0.84197998046875,0.18767669445451252,0.1719990411878479,0.5133186689389297,0.023468471527099608,0.1123513835898654,0.5020222981770833,0.43814266429227944,0.519879030713848,F:\BUET plasma\PCMMD_LOCAL\set1\non_plasma\IMG_20230628_185431_p_4.jpg,0,non_plasma
0.1165771484375,0.8834228515625,0.1319607572198425,0.12395131241316135,0.5755419762305964,0.015139627322554588,0.13264253464451695,0.45374061734068627,0.32542652803308825,0.49420692593443627,F:\BUET plasma\PCMMD_LOCAL\set1\non_plasma\IMG_20230628_185431_p_5.jpg,0,non_plasma
0.311767578125,0.688232421875,0.45299751684994677,0.37362867560523116,0.5953465679891747,0.010811287626624108,0.4671790293472491,0.41797928155637254,0.3416477577359069,0.4543332567401961,F:\BUET plasma\PCMMD_LOCAL\set1\non_plasma\IMG_20230628_185441_p_0.jpg,0,non_plasma
0.29058837890625,0.70941162109375,0.40961885915856494,0.34331935519552637,0.5686164407169118,0.013196965634822845,0.6026292871329895,0.463931334252451,0.3504947437959559,0.47972459980085785,F:\BUET plasma\PCMMD_LOCAL\set1\non_plasma\IMG_20230628_185441_p_1.jpg,0,non_plasma
0.3955078125,0.6044921875,0.654281098546042,0.5033665329148569,0.6081046709048203,0.018949974205344916,0.5822787810498163,0.38526324103860293,0.3345272288602941,0.45589551738664214,F:\BUET plasma\PCMMD_LOCAL\set1\non_plasma\IMG_20230628_185441_p_10.jpg,0,non_plasma
0.462158203125,0.537841796875,0.8592827961870178,0.6201908199170006,0.5965655956392973,0.01369855424389243,0.39319031318788134,0.43533720128676473,0.30343209060968135,0.4715339211856618,F:\BUET plasma\PCMMD_LOCAL\set1\non_plasma\IMG_20230628_185441_p_2.jpg,0,non_plasma
0.4385986328125,0.5614013671875,0.7812567949554251,0.5773191797393653,0.6375967786203023,0.016499938275665045,0.2166371986866519,0.3767372280943627,0.2861620136335784,0.42431042241115197,F:\BUET plasma\PCMMD_LOCAL\set1\non_plasma\IMG_20230628_185441_p_3.jpg,0,non_plasma
0.04443359375,0.95556640625,0.04649974450689831,0.045451018763322165,0.5461808746936274,0.016583618104457857,0.37385504252273283,0.47227136948529413,0.4068893133425245,0.482296693091299,F:\BUET plasma\PCMMD_LOCAL\set1\non_plasma\IMG_20230628_185453_p_0.jpg,0,non_plasma
0.34405517578125,0.65594482421875,0.5245184702707733,0.4216786029980811,0.5955188227634804,0.014149691041558981,0.6028254141091971,0.40328129787071076,0.3463826497395833,0.46377958409926473,F:\BUET plasma\PCMMD_LOCAL\set1\non_plasma\IMG_20230628_185453_p_1.jpg,0,non_plasma
0.143798828125,0.856201171875,0.1679498146564015,0.1552499165791656,0.5233187806372549,0.02126191871985793,0.08651005499420622,0.5262149586397059,0.41751517501531865,0.4863135244332108,F:\BUET plasma\PCMMD_LOCAL\set1\non_plasma\IMG_20230628_185453_p_2.jpg,0,non_plasma
0.33660888671875,0.66339111328125,0.5074063851320268,0.4103905482760474,0.6044897939644608,0.012170236494392157,0.6630166056597586,0.37364549823835785,0.36649193857230394,0.4463931812959559,F:\BUET plasma\PCMMD_LOCAL\set1\non_plasma\IMG_20230628_185501_p_3.jpg,0,non_plasma
0.2628173828125,0.7371826171875,0.35651597946679914,0.30491963297138786,0.5937050015318628,0.01210649487003684,0.4507037685858007,0.45003207337622547,0.32694450827205884,0.44190841375612744,F:\BUET plasma\PCMMD_LOCAL\set1\non_plasma\IMG_20230628_185501_p_4.jpg,0,non_plasma
0.3284912109375,0.6715087890625,0.4891837847664061,0.39822817440383096,0.5963936600030637,0.015798026647418736,0.10110532395878379,0.4187432981004902,0.3174117742800245,0.4746639476102941,F:\BUET plasma\PCMMD_LOCAL\set1\non_plasma\IMG_20230628_185501_p_6.jpg,0,non_plasma
0.17132568359375,0.82867431640625,0.20674670398467998,0.1879280642389531,0.566616641773897,0.02208819579705596,0.11595678883547403,0.4646414962469363,0.35251057942708336,0.4829979990042892,F:\BUET plasma\PCMMD_LOCAL\set1\non_plasma\IMG_20230628_185501_p_7.jpg,0,non_plasma
0.33905029296875,0.66094970703125,0.5129744205374458,0.4140775282108549,0.5483313865910948,0.014904388155788184,0.23254316556322494,0.47747060738357844,0.36542154947916666,0.5121136833639706,F:\BUET plasma\PCMMD_LOCAL\set1\non_plasma\IMG_20230628_185508_p_5.jpg,0,non_plasma
0.12078857421875,0.87921142578125,0.13738285317598056,0.12872988032060548,0.5652867934283088,0.021629953801631928,0.18055053492639367,0.4522341260723039,0.33920826631433826,0.5126972273284314,F:\BUET plasma\PCMMD_LOCAL\set1\non_plasma\IMG_20230628_185508_p_6.jpg,0,non_plasma
0.507080078125,0.492919921875,1.0287270926201089,0.7074085484065061,0.5763470020169527,0.007001783788204193,0.8404947519354994,0.4392575731464461,0.3291920381433823,0.5025093826593138,F:\BUET plasma\PCMMD_LOCAL\set1\non_plasma\IMG_20230628_185508_p_7.jpg,0,non_plasma
0.2529296875,0.7470703125,0.338562091503268,0.2915959717729173,0.5502918517667483,0.03599116888269782,0.2596404908689938,0.4589585248161765,0.38859671798406864,0.5015692018995098,F:\BUET plasma\PCMMD_LOCAL\set1\non_plasma\IMG_20230628_185508_p_8.jpg,0,non_plasma
0.222412109375,0.777587890625,0.28602825745682886,0.25155859871307995,0.6073566112642974,0.03519247859716415,0.43279944987790175,0.3849444221047794,0.37374482996323527,0.41924091413909315,F:\BUET plasma\PCMMD_LOCAL\set1\non_plasma\IMG_20230628_185536_p_10.jpg,0,non_plasma
0.21734619140625,0.78265380859375,0.2777041253996725,0.24506481538011854,0.6053967045802696,0.07535091781616211,0.17765479001363513,0.40098111021752453,0.32751393037683824,0.45531484566482844,F:\BUET plasma\PCMMD_LOCAL\set1\non_plasma\IMG_20230628_185536_p_11.jpg,0,non_plasma
0.3345947265625,0.6654052734375,0.502843514951385,0.4073589902150081,0.59884033203125,0.022267084538936614,0.32562985429879615,0.42383410883884803,0.3253650141697304,0.4542798808976716,F:\BUET plasma\PCMMD_LOCAL\set1\non_plasma\IMG_20230628_185536_p_12.jpg,0,non_plasma
0.24658203125,0.75341796875,0.3272845106934543,0.28313513379623756,0.5678460414113562,0.024154523611068724,0.21699288230623648,0.441845703125,0.4059211282169118,0.4486950444240196,F:\BUET plasma\PCMMD_LOCAL\set1\non_plasma\IMG_20230628_185536_p_3.jpg,0,non_plasma
0.256591796875,0.743408203125,0.3451559934318555,0.2965099865753463,0.5557906805300246,0.031219025075435638,0.14178568521183862,0.47137451171875,0.37905967562806375,0.48219377106311273,F:\BUET plasma\PCMMD_LOCAL\set1\non_plasma\IMG_20230628_185536_p_4.jpg,0,non_plasma
0.26812744140625,0.73187255859375,0.36635810190976564,0.3121488804598011,0.5822138767616422,0.02570580505952239,0.14307604345297728,0.42110811121323527,0.3501764035692402,0.482073854932598,F:\BUET plasma\PCMMD_LOCAL\set1\non_plasma\IMG_20230628_185536_p_5.jpg,0,non_plasma
0.41656494140625,0.58343505859375,0.7139868187048855,0.5388221297754717,0.5795491536458333,0.016570834901183842,0.3357466668730611,0.42158490349264705,0.35321308210784313,0.4865545534620098,F:\BUET plasma\PCMMD_LOCAL\set1\non_plasma\IMG_20230628_185536_p_7.jpg,0,non_plasma
0.27880859375,0.72119140625,0.3865944482058226,0.3268507036280186,0.5843555325776144,0.02584757648408413,0.21782398155411148,0.44864190793504904,0.3464436848958333,0.4518478094362745,F:\BUET plasma\PCMMD_LOCAL\set1\non_plasma\IMG_20230628_185536_p_8.jpg,0,non_plasma
0.3565673828125,0.6434326171875,0.5541642952001518,0.4409379704240821,0.6151445376327614,0.011435418844223022,0.33804891030909057,0.39386273552389706,0.3180099188112745,0.4426937327665441,F:\BUET plasma\PCMMD_LOCAL\set1\non_plasma\IMG_20230628_185536_p_9.jpg,0,non_plasma
0.21563720703125,0.78436279296875,0.27492023967006457,0.24288361953209317,0.5752324920853757,0.022330259546637535,0.06933242422622025,0.4600954541973039,0.35605181525735297,0.45815525428921566,F:\BUET plasma\PCMMD_LOCAL\set1\non_plasma\IMG_20230628_185548_p_10.jpg,0,non_plasma
0.5872802734375,0.4127197265625,1.4229517894114168,0.884986544571403,0.6229265599468954,0.04614645379781723,0.11150582124203783,0.36300455729166664,0.28592313878676473,0.48229262408088236,F:\BUET plasma\PCMMD_LOCAL\set1\non_plasma\IMG_20230628_185548_p_11.jpg,0,non_plasma
0.36199951171875,0.63800048828125,0.5673969195446283,0.4494162303065272,0.5781288296568627,0.031457555498927835,0.2026395722899735,0.42263255399816174,0.3416061102175245,0.5013748468137255,F:\BUET plasma\PCMMD_LOCAL\set1\non_plasma\IMG_20230628_185548_p_12.jpg,0,non_plasma
0.52325439453125,0.47674560546875,1.0975547305082576,0.7407722522289371,0.6152516882404003,0.03128269549831748,0.4090886389683213,0.37978348077512253,0.3139859068627451,0.46047554764093135,F:\BUET plasma\PCMMD_LOCAL\set1\non_plasma\IMG_20230628_185548_p_13.jpg,0,non_plasma
0.28125,0.71875,0.391304347826087,0.33024168687057687,0.5696704739838644,0.016672607362270355,0.32929789325481373,0.45670094209558826,0.34033059512867647,0.49395704082414216,F:\BUET plasma\PCMMD_LOCAL\set1\non_plasma\IMG_20230628_185548_p_5.jpg,0,non_plasma
0.30145263671875,0.69854736328125,0.4315421581476627,0.35875229545256726,0.5853785296670753,0.021068647250533104,0.13036592792662072,0.45384473613664217,0.32350595511642155,0.46651371974571076,F:\BUET plasma\PCMMD_LOCAL\set1\non_plasma\IMG_20230628_185548_p_6.jpg,0,non_plasma
0.2862548828125,0.7137451171875,0.40106037284077306,0.3372293591036185,0.5812594943576389,0.01610919189080596,0.22415604800415323,0.43668787339154413,0.33034644033394606,0.48918720320159315,F:\BUET plasma\PCMMD_LOCAL\set1\non_plasma\IMG_20230628_185548_p_7.jpg,0,non_plasma
0.26287841796875,0.73712158203125,0.3566283017305622,0.30500243156385903,0.5688557144863153,0.01943424616754055,0.5007185759750513,0.45256634880514707,0.3619303385416667,0.4789361691942402,F:\BUET plasma\PCMMD_LOCAL\set1\non_plasma\IMG_20230628_185548_p_8.jpg,0,non_plasma
0.26898193359375,0.73101806640625,0.36795524755781917,0.31331710489172754,0.5696419111264297,0.022460129257291555,0.3023663937353734,0.4345770143995098,0.379556334252451,0.47694091796875,F:\BUET plasma\PCMMD_LOCAL\set1\non_plasma\IMG_20230628_185548_p_9.jpg,0,non_plasma
0.2283935546875,0.7716064453125,0.2959974687549438,0.25928064480699026,0.5581528607536765,0.021064003791660072,0.293590024825238,0.4741380878523284,0.36645699295343137,0.48494633693321076,F:\BUET plasma\PCMMD_LOCAL\set1\non_plasma\IMG_20230628_185633_p_2.jpg,0,non_plasma
0.0963134765625,0.9036865234375,0.10657841415642307,0.10127274483619067,0.5395883597579657,0.02379027458652854,0.32810008229182885,0.47803955078125,0.38474384382659316,0.5184515261182598,F:\BUET plasma\PCMMD_LOCAL\set1\non_plasma\IMG_20230628_185638_p_2.jpg,0,non_plasma
0.13580322265625,0.86419677734375,0.15714386609223815,0.14595478455426347,0.5290013531454247,0.020602315302938223,0.49115930937746216,0.5026458141850491,0.3931439568014706,0.5172061695772059,F:\BUET plasma\PCMMD_LOCAL\set1\non_plasma\IMG_20230628_185638_p_3.jpg,0,non_plasma
0.10858154296875,0.89141845703125,0.1218076001369394,0.11494131301739301,0.5518927281198938,0.017993693824857472,0.2272593163644695,0.4477096258425245,0.3785900639552696,0.5180221258425245,F:\BUET plasma\PCMMD_LOCAL\set1\non_plasma\IMG_20230628_185638_p_4.jpg,0,non_plasma
0.18621826171875,0.81378173828125,0.2288307207680192,0.20606308372377588,0.5263484381382761,0.02277226947247982,0.18491951429464534,0.502606320848652,0.4133449180453431,0.5050034466911765,F:\BUET plasma\PCMMD_LOCAL\set1\non_plasma\IMG_20230628_185642_p_3.jpg,0,non_plasma
0.10736083984375,0.89263916015625,0.12027350427350428,0.1135728557391771,0.5258786668964461,0.018564879294484853,0.2151677659215495,0.5047679227941176,0.40664876302083336,0.5109473134957108,F:\BUET plasma\PCMMD_LOCAL\set1\non_plasma\IMG_20230628_185642_p_4.jpg,0,non_plasma
0.2337646484375,0.7662353515625,0.3050820455631671,0.2662659089617573,0.5658831827001634,0.01852294908463955,0.20974836283418066,0.46013781977634804,0.34697983685661765,0.4952327952665441,F:\BUET plasma\PCMMD_LOCAL\set1\non_plasma\IMG_20230628_185642_p_5.jpg,0,non_plasma
0.3736572265625,0.6263427734375,0.5965698694211654,0.4678574963373242,0.6037168415543301,0.02361873412132263,0.18433270750048897,0.41120796951593136,0.2983056161917892,0.4793358896292892,F:\BUET plasma\PCMMD_LOCAL\set1\non_plasma\IMG_20230628_185642_p_6.jpg,0,non_plasma
0.301025390625,0.698974609375,0.4306671323786238,0.35814086162122866,0.583993550219567,0.031254316091537476,0.16743568349377658,0.43740234375,0.3385644052542892,0.4720526003370098,F:\BUET plasma\PCMMD_LOCAL\set1\non_plasma\IMG_20230628_185642_p_7.jpg,0,non_plasma
0.48406982421875,0.51593017578125,0.9382467762924406,0.6617838409103067,0.6014139412275327,0.04232412742078304,0.2328438385462666,0.3993008482689951,0.29906005859375,0.49739726945465684,F:\BUET plasma\PCMMD_LOCAL\set1\non_plasma\IMG_20230628_185642_p_8.jpg,0,non_plasma
0.28729248046875,0.71270751953125,0.40310011132996487,0.33868415376351946,0.5532160341350081,0.026123123582452536,0.15930495200905867,0.47720755782781865,0.36001981847426473,0.5031245212928922,F:\BUET plasma\PCMMD_LOCAL\set1\non_plasma\IMG_20230628_185642_p_9.jpg,0,non_plasma
0.05987548828125,0.94012451171875,0.06368889177432968,0.061742953214776713,0.5038867825776143,0.04115082639455795,0.285104861964807,0.49797411151960785,0.39416456035539216,0.5962009803921569,F:\BUET plasma\PCMMD_LOCAL\set1\non_plasma\IMG_20230628_185735_p_4.jpg,0,non_plasma
0.04766845703125,0.95233154296875,0.050054476703198104,0.048842045398052175,0.49363343481924016,0.016019225120544434,0.46826598955642595,0.4967019473805147,0.4261067708333333,0.5962909773284314,F:\BUET plasma\PCMMD_LOCAL\set1\non_plasma\IMG_20230628_185735_p_7.jpg,0,non_plasma
0.030029296875,0.969970703125,0.03095897306821042,0.030489410904744774,0.4719421785641339,0.014100491281598806,0.12392326574022894,0.5313804476868873,0.43709453507965684,0.6156984815410539,F:\BUET plasma\PCMMD_LOCAL\set1\non_plasma\IMG_20230628_185735_p_8.jpg,0,non_plasma
0.00762939453125,0.99237060546875,0.007688049695553232,0.007658647243679262,0.42710447623059644,0.019448108434677123,0.11230102155687564,0.593191348805147,0.5018049651501225,0.6236902573529411,F:\BUET plasma\PCMMD_LOCAL\set1\non_plasma\IMG_20230628_185735_p_9.jpg,0,non_plasma
0.05084228515625,0.94915771484375,0.05356568709407755,0.05218030361789674,0.4416940327563318,0.022333228528499602,0.18490421049558023,0.59559326171875,0.46585860906862747,0.6134660309436275,F:\BUET plasma\PCMMD_LOCAL\set1\non_plasma\IMG_20230628_185755_p_2.jpg,0,non_plasma
0.025146484375,0.974853515625,0.025795141497620837,0.02546805965612239,0.4063253165849673,0.01869970106706023,0.45190070942736127,0.6190898820465687,0.5169352213541667,0.6449989468443628,F:\BUET plasma\PCMMD_LOCAL\set1\non_plasma\IMG_20230628_185805_p_0.jpg,0,non_plasma
0.0,1.0,0.0,0.0,0.4132864359936682,0.01550905917584896,0.0,0.604864621629902,0.5117345473345588,0.6435415230545343,F:\BUET plasma\PCMMD_LOCAL\set1\non_plasma\IMG_20230628_185805_p_1.jpg,0,non_plasma
0.00811767578125,0.99188232421875,0.008184111746969418,0.008150803513225773,0.42856931998059644,0.01713938530907035,0.2779911022243588,0.582162655101103,0.4872491574754902,0.6448802274816177,F:\BUET plasma\PCMMD_LOCAL\set1\non_plasma\IMG_20230628_185805_p_2.jpg,0,non_plasma
0.0196533203125,0.9803466796875,0.020047316647989043,0.019849015090826823,0.42873287824244277,0.01909520572423935,0.24518876379783983,0.5791891659007353,0.48144004672181373,0.6531721526501225,F:\BUET plasma\PCMMD_LOCAL\set1\non_plasma\IMG_20230628_185805_p_6.jpg,0,non_plasma
0.00067138671875,0.99932861328125,0.0006718377817137971,0.0006716121997420011,0.44764715456495097,0.011303215369582176,0.09247985466222429,0.574377202052696,0.4563742244944853,0.6263071097579657,F:\BUET plasma\PCMMD_LOCAL\set1\non_plasma\IMG_20230628_185805_p_7.jpg,0,non_plasma
0.16046142578125,0.83953857421875,0.191130498000727,0.17490285448055942,0.452664164624183,0.012394505109637976,0.26771904615569614,0.5444118125765931,0.458892702588848,0.6387029909620098,F:\BUET plasma\PCMMD_LOCAL\set1\non_plasma\IMG_20230628_185805_p_8.jpg,0,non_plasma
0.00885009765625,0.99114990234375,0.008929121251308578,0.008889492374146747,0.4303063885059232,0.013746517416089774,0.5117326132626876,0.5863719267003676,0.5079324161305147,0.6147764916513481,F:\BUET plasma\PCMMD_LOCAL\set1\non_plasma\IMG_20230628_185832_p_10.jpg,0,non_plasma
0.03338623046875,0.96661376953125,0.0345393698301446,0.03395627434750841,0.4632828456903595,0.03402544968947768,0.12486396123046581,0.5363554113051471,0.45194929534313727,0.6218467562806372,F:\BUET plasma\PCMMD_LOCAL\set1\non_plasma\IMG_20230628_185832_p_6.jpg,0,non_plasma
0.05474853515625,0.94525146484375,0.057919545425195326,0.05630428652305993,0.4650680242800245,0.013780633077025414,0.46383495687363113,0.5475442325367647,0.45287008846507354,0.6043816061580882,F:\BUET plasma\PCMMD_LOCAL\set1\non_plasma\IMG_20230628_185832_p_7.jpg,0,non_plasma
0.00604248046875,0.99395751953125,0.006079214000614062,0.0060608101289004665,0.4284233143127043,0.01687877629697323,0.48005765326717453,0.5874384861366422,0.488107239966299,0.6391843309589461,F:\BUET plasma\PCMMD_LOCAL\set1\non_plasma\IMG_20230628_185832_p_8.jpg,0,non_plasma
0.00299072265625,0.99700927734375,0.0029996939087848177,0.002995203804063795,0.4031930561938317,0.022810188874602316,0.12581063903200967,0.6353582643995098,0.5078335631127451,0.64722900390625,F:\BUET plasma\PCMMD_LOCAL\set1\non_plasma\IMG_20230628_185842_p_2.jpg,0,non_plasma
0.0081787109375,0.9918212890625,0.008246153846153846,0.008212340081350787,0.42077110140931373,0.015104789342731238,0.5604013887427775,0.5928304036458333,0.4871000402113971,0.6577562519148284,F:\BUET plasma\PCMMD_LOCAL\set1\non_plasma\IMG_20230628_185842_p_3.jpg,0,non_plasma
0.00140380859375,0.99859619140625,0.0014057820426624289,0.0014047948561577647,0.4433677523743873,0.020667537689208985,0.31099778785871857,0.5742836148131127,0.43670654296875,0.6589065850949755,F:\BUET plasma\PCMMD_LOCAL\set1\non_plasma\IMG_20230628_185842_p_4.jpg,0,non_plasma
0.103759765625,0.896240234375,0.11577226913647508,0.10954678322250942,0.45569964639501626,0.007466510877013207,0.16939833394120613,0.5228479721966912,0.4667506797640931,0.6433024088541667,F:\BUET plasma\PCMMD_LOCAL\set1\non_plasma\IMG_20230628_185926_p_4.jpg,0,non_plasma
0.0181884765625,0.9818115234375,0.018525425836130798,0.01835592037522004,0.48375674977022054,0.019196454700082542,0.0625722831202046,0.5239499559589461,0.39351423674938724,0.6312655579810049,F:\BUET plasma\PCMMD_LOCAL\set1\non_plasma\IMG_20230628_185926_p_5.jpg,0,non_plasma
0.03802490234375,0.96197509765625,0.039527948734217375,0.038766714663693295,0.4849327735651553,0.012722338255494833,0.36117519586689384,0.5301343730851715,0.41217088886335784,0.6028964173560049,F:\BUET plasma\PCMMD_LOCAL\set1\non_plasma\IMG_20230628_185942_p_4.jpg,0,non_plasma
0.0076904296875,0.9923095703125,0.007750030754090294,0.0077201535327167045,0.4476221022263073,0.01717070959508419,0.2431092200614677,0.5735526290594363,0.4500799440870098,0.6335011201746323,F:\BUET plasma\PCMMD_LOCAL\set1\non_plasma\IMG_20230628_185942_p_5.jpg,0,non_plasma
0.0,1.0,0.0,0.0,0.4017611634497549,0.019169066056609153,0.0,0.63297119140625,0.5154095818014706,0.6463357364430147,F:\BUET plasma\PCMMD_LOCAL\set1\non_plasma\IMG_20230628_190007_p_10.jpg,0,non_plasma
0.0843505859375,0.9156494140625,0.09212105052659646,0.08812172330965272,0.43330979690053106,0.08602008527517319,0.4536632360060995,0.5879959405637255,0.5498283835018383,0.5622462852328431,F:\BUET plasma\PCMMD_LOCAL\set1\non_plasma\IMG_20230628_190007_p_11.jpg,0,non_plasma
0.04815673828125,0.95184326171875,0.05059313882654697,0.049354898797330696,0.44598675896139706,0.020974820718169213,0.1747660389079161,0.587368834252451,0.45834147135416664,0.6163294175091911,F:\BUET plasma\PCMMD_LOCAL\set1\non_plasma\IMG_20230628_190007_p_6.jpg,0,non_plasma
0.0,1.0,0.0,0.0,0.3995019850388072,0.018554605510085823,0.0,0.6271869734221813,0.5425584980085785,0.6317485734528187,F:\BUET plasma\PCMMD_LOCAL\set1\non_plasma\IMG_20230628_190007_p_7.jpg,0,non_plasma
0.02667236328125,0.97332763671875,0.027403273342948516,0.0270345250912621,0.45999149497038394,0.011116285469383001,0.3573185221771777,0.5480478324142157,0.45680314606311273,0.6151745366115197,F:\BUET plasma\PCMMD_LOCAL\set1\non_plasma\IMG_20230628_190007_p_8.jpg,0,non_plasma
0.0,1.0,0.0,0.0,0.46565180759803926,0.009940644290298223,0.0,0.5411022709865196,0.4471095664828431,0.6148327397365196,F:\BUET plasma\PCMMD_LOCAL\set1\non_plasma\IMG_20230628_190007_p_9.jpg,0,non_plasma
0.0,1.0,0.0,0.0,0.4182055504493465,0.027777690649032592,0.0,0.6116110409007353,0.4970025754442402,0.6367697323069853,F:\BUET plasma\PCMMD_LOCAL\set1\non_plasma\IMG_20230628_190020_p_2.jpg,0,non_plasma
0.0001220703125,0.9998779296875,0.00012208521548040532,0.00012207776368698225,0.45313034556270426,0.029539050087332725,0.0,0.5718661439185049,0.43137781479779413,0.6373650045955882,F:\BUET plasma\PCMMD_LOCAL\set1\non_plasma\IMG_20230628_190020_p_3.jpg,0,non_plasma
0.01361083984375,0.98638916015625,0.01379865107357218,0.013704316490590887,0.5171050825929331,0.015594661023467779,0.2741687836108478,0.4792683919270833,0.36958773743872547,0.5998286228553922,F:\BUET plasma\PCMMD_LOCAL\set1\non_plasma\IMG_20230628_190055_p_4.jpg,0,non_plasma
0.01226806640625,0.98773193359375,0.012420441203732311,0.012343940322348904,0.4008456361060049,0.0242805065959692,0.14301555521191484,0.6141347847732843,0.526052916283701,0.657275390625,F:\BUET plasma\PCMMD_LOCAL\set1\non_plasma\IMG_20230628_190102_p_4.jpg,0,non_plasma
0.0,1.0,0.0,0.0,0.4001840628829657,0.01446530031785369,0.0,0.629229616651348,0.5165000765931372,0.6537181181066176,F:\BUET plasma\PCMMD_LOCAL\set1\non_plasma\IMG_20230628_190102_p_5.jpg,0,non_plasma
0.0,1.0,0.0,0.0,0.4334786209405638,0.01852528276666999,0.0,0.5955355775122549,0.46258257697610294,0.641445982689951,F:\BUET plasma\PCMMD_LOCAL\set1\non_plasma\IMG_20230628_190102_p_6.jpg,0,non_plasma
0.00469970703125,0.99530029296875,0.0047218985711657575,0.0047107853779571425,0.45097400939542487,0.025763356234878302,0.09235816725211812,0.5646158854166666,0.4816226734834559,0.600839412913603,F:\BUET plasma\PCMMD_LOCAL\set1\non_plasma\IMG_20230628_190124_p_3.jpg,0,non_plasma
0.02056884765625,0.97943115234375,0.0210008101202717,0.02078333263987454,0.4478366427951389,0.012778008874505758,0.5852834429176658,0.5487433938419117,0.5114200367647059,0.5963266410079657,F:\BUET plasma\PCMMD_LOCAL\set1\non_plasma\IMG_20230628_190124_p_4.jpg,0,non_plasma
0.02679443359375,0.97320556640625,0.0275321417372217,0.027159948395076336,0.46206493502348855,0.035046944197267296,0.13371333214119974,0.5437461703431372,0.45589360255821076,0.6141654220281862,F:\BUET plasma\PCMMD_LOCAL\set1\non_plasma\IMG_20230628_190124_p_5.jpg,0,non_plasma
0.01800537109375,0.98199462890625,0.018335508732674498,0.018169440188199448,0.46784428615196083,0.025602552141994236,0.2183223953369182,0.5624523686427696,0.3869121476715686,0.6471026252297795,F:\BUET plasma\PCMMD_LOCAL\set1\non_plasma\IMG_20230628_190154_p_8.jpg,0,non_plasma
0.00018310546875,0.879638671875,0.00020815986677768527,0.00020813820451870662,0.40653897952410134,0.01942348229512572,0.0,0.5821408739276961,0.4889842313878677,0.7092579561121324,F:\BUET plasma\PCMMD_LOCAL\set1\non_plasma\IMG_20230628_190454_p_4.jpg,0,non_plasma
6.103515625e-05,0.8441162109375,7.230657989877079e-05,7.230396590402772e-05,0.3844845441431781,0.00822000726684928,0.0,0.6140287511488971,0.5367481904871324,0.6957694259344362,F:\BUET plasma\PCMMD_LOCAL\set1\non_plasma\IMG_20230628_190454_p_5.jpg,0,non_plasma
0.0,1.0,0.0,0.0,0.403320392284518,0.015025143966078758,0.0,0.6284778071384803,0.5418277516084559,0.6197332643995098,F:\BUET plasma\PCMMD_LOCAL\set1\non_plasma\IMG_20230628_190524_p_6.jpg,0,non_plasma
0.2664794921875,0.7335205078125,0.363288400732235,0.3098997229453611,0.504122944750817,0.009031671389937402,0.3087042055654091,0.4773662492340686,0.4108819699754902,0.5993829465379902,F:\BUET plasma\PCMMD_LOCAL\set1\non_plasma\IMG_20230628_190524_p_7.jpg,0,non_plasma
0.23516845703125,0.76483154296875,0.30747745590934483,0.2680996746739493,0.5021998187295752,0.012286637246608735,0.1303990719321287,0.489236510033701,0.4028262867647059,0.6013377470128677,F:\BUET plasma\PCMMD_LOCAL\set1\non_plasma\IMG_20230628_190524_p_8.jpg,0,non_plasma
0.0035400390625,0.9964599609375,0.00355261546000245,0.003546319827933037,0.42267978643280235,0.016226101752370596,0.33033152832054585,0.5980451995251226,0.5016347847732843,0.6322806564031863,F:\BUET plasma\PCMMD_LOCAL\set1\non_plasma\IMG_20230628_190549_p_6.jpg,0,non_plasma
0.0,1.0,0.0,0.0,0.4578069150837418,0.012740485191345215,0.0,0.5697031058517157,0.43874918619791664,0.6181269626991421,F:\BUET plasma\PCMMD_LOCAL\set1\non_plasma\IMG_20230628_190549_p_7.jpg,0,non_plasma
0.03082275390625,0.96917724609375,0.03180301026513004,0.03130776731313708,0.48608781403186274,0.01944567185267806,0.19899001363241225,0.5263932770373775,0.40249095243566174,0.6128523284313725,F:\BUET plasma\PCMMD_LOCAL\set1\non_plasma\IMG_20230628_190549_p_8.jpg,0,non_plasma
0.34991455078125,0.41912841796875,0.8348623853211009,0.606969484318893,0.43036271637561274,0.03420316277444363,0.5269710081488134,0.6217026654411765,0.38862831265318626,0.698580872778799,F:\BUET plasma\PCMMD_LOCAL\set1\non_plasma\IMG_2328_p_3.jpg,0,non_plasma
0.5396728515625,0.28570556640625,1.8889126255073703,1.0608801771732892,0.4784898546006945,0.029394782409071923,0.6273850099586987,0.5594628427542893,0.29699994255514706,0.7080676508884803,F:\BUET plasma\PCMMD_LOCAL\set1\non_plasma\IMG_2328_p_4.jpg,0,non_plasma
0.056884765625,0.84686279296875,0.06717117117117118,0.06501138229408363,0.43532986111111116,0.07426345610618591,0.25510497406587995,0.6338663736979167,0.38521034390318626,0.6749336990655638,F:\BUET plasma\PCMMD_LOCAL\set1\non_plasma\IMG_2328_p_5.jpg,0,non_plasma
0.0,0.41192626953125,0.0,0.0,0.14746125663807197,0.0851526150368154,0.0,0.9377218807444853,0.6501886106004902,0.9697057387408088,F:\BUET plasma\PCMMD_LOCAL\set1\non_plasma\IMG_7022_p_1.jpg,0,non_plasma
0.0,0.3585205078125,0.0,0.0,0.12127892986621724,0.10031671118736267,0.0,0.9408399394914215,0.7143451765471813,0.9809780943627451,F:\BUET plasma\PCMMD_LOCAL\set1\non_plasma\IMG_7022_p_2.jpg,0,non_plasma
0.00079345703125,0.4105224609375,0.0019327980969372585,0.0019309326460020854,0.14620377285028596,0.11371834694966673,0.055325051139231626,0.9206136067708334,0.6759298885569853,0.9648451861213235,F:\BUET plasma\PCMMD_LOCAL\set1\non_plasma\IMG_7024_p_2.jpg,0,non_plasma
0.4520263671875,0.39434814453125,1.1462621885157096,0.7637278121956987,0.4421873404309641,0.031571538195014,0.4625532005808789,0.6259205537683824,0.3291094611672794,0.7184079637714461,F:\BUET plasma\PCMMD_LOCAL\set1\non_plasma\IMG_7024_p_3.jpg,0,non_plasma
0.1038818359375,0.71258544921875,0.14578158458244111,0.13608701075848828,0.3226828980290033,0.15174385541677474,0.10047299727197663,0.6892788756127451,0.5261285520067402,0.8165438782935049,F:\BUET plasma\PCMMD_LOCAL\set1\non_plasma\IMG_8736_p_10.jpg,0,non_plasma
0.38531494140625,0.51312255859375,0.7509218508385869,0.5601424211475704,0.41453945184844765,0.06974660132825375,0.7464644191809243,0.5957335229013481,0.3795063093596814,0.7811418121936274,F:\BUET plasma\PCMMD_LOCAL\set1\non_plasma\IMG_8736_p_11.jpg,0,non_plasma
0.08880615234375,0.83917236328125,0.10582587824569059,0.10059245693190562,0.3752932878880719,0.3213547117970884,0.10793394578847067,0.6314354990042892,0.4393798828125,0.8033047545189951,F:\BUET plasma\PCMMD_LOCAL\set1\non_plasma\IMG_8736_p_12.jpg,0,non_plasma
0.3592529296875,0.51544189453125,0.6969804618117229,0.528850472816171,0.445321515650531,0.14991043466329573,0.23055633392804145,0.6028361002604167,0.3569312002144608,0.7042681525735294,F:\BUET plasma\PCMMD_LOCAL\set1\non_plasma\IMG_8736_p_13.jpg,0,non_plasma
0.55194091796875,0.43792724609375,1.2603484320557492,0.8155189748766808,0.548348939185049,0.06186146758496761,0.20788705564358526,0.5127790862438726,0.24100772633272058,0.6011663698682598,F:\BUET plasma\PCMMD_LOCAL\set1\non_plasma\IMG_8736_p_8.jpg,0,non_plasma
0.338134765625,0.518798828125,0.6517647058823529,0.5018442351013942,0.3934303034364788,0.07932301231846213,0.2711417477694084,0.6643987917432598,0.4237204159007353,0.7315898820465686,F:\BUET plasma\PCMMD_LOCAL\set1\non_plasma\IMG_8736_p_9.jpg,0,non_plasma
0.4329833984375,0.40081787109375,1.0802497335160652,0.7324879506965145,0.47560987285539214,0.024915411949157716,0.6658017409636908,0.5674546185661765,0.32649667777267155,0.6792190850949755,F:\BUET plasma\PCMMD_LOCAL\set1\non_plasma\IMG_9191_p_1.jpg,0,non_plasma
0.1236572265625,0.705078125,0.1753808864265928,0.1615922537289849,0.41770338669321894,0.0951574966274202,0.44108832717846613,0.6730523801317402,0.38508827359068626,0.6887491861979167,F:\BUET plasma\PCMMD_LOCAL\set1\non_plasma\IMG_9191_p_10.jpg,0,non_plasma
0.1201171875,0.78509521484375,0.1529969680478893,0.14236461166324707,0.41489329618566173,0.06542977764829994,0.12148867090879449,0.644821107153799,0.39587785309436274,0.7146211511948529,F:\BUET plasma\PCMMD_LOCAL\set1\non_plasma\IMG_9191_p_11.jpg,0,non_plasma
0.24658203125,0.3681640625,0.669761273209549,0.5126806660363911,0.3288809583078023,0.04663013881444931,0.37874549180379524,0.7180044136795343,0.5189706839767156,0.7763820274203431,F:\BUET plasma\PCMMD_LOCAL\set1\non_plasma\IMG_9191_p_2.jpg,0,non_plasma
0.3685302734375,0.296875,1.2413651315789473,0.8070851139782232,0.3601944667841095,0.0708114168010652,0.7119322349028114,0.7145031498927696,0.4553220262714461,0.7495914234834559,F:\BUET plasma\PCMMD_LOCAL\set1\non_plasma\IMG_9191_p_3.jpg,0,non_plasma
0.411376953125,0.4063720703125,1.0123160108140583,0.6992863029332427,0.468102947559232,0.05759748670086265,0.24700261191700412,0.5054481655943628,0.3588802562040441,0.7313627355238971,F:\BUET plasma\PCMMD_LOCAL\set1\non_plasma\IMG_9191_p_4.jpg,0,non_plasma
0.31298828125,0.44097900390625,0.709757785467128,0.5363517145561808,0.4202671823937908,0.013583127733319997,0.814339764552053,0.5749992819393382,0.45650515088848037,0.7076940199908088,F:\BUET plasma\PCMMD_LOCAL\set1\non_plasma\IMG_9191_p_5.jpg,0,non_plasma
0.041015625,0.82080078125,0.049970255800118976,0.04876183595878154,0.33452475554023686,0.08728901396691799,0.6472307888295147,0.7322366153492647,0.5050003350949754,0.759188782935049,F:\BUET plasma\PCMMD_LOCAL\set1\non_plasma\IMG_9191_p_6.jpg,0,non_plasma
0.091552734375,0.68896484375,0.13288447909284196,0.12476701664708213,0.3264359617544935,0.09527150462567806,0.24718531875042452,0.7554115445006128,0.5151711856617647,0.7501093845741421,F:\BUET plasma\PCMMD_LOCAL\set1\non_plasma\IMG_9191_p_7.jpg,0,non_plasma
0.26409912109375,0.47235107421875,0.5591161648791834,0.44411909973024793,0.36224812027675646,0.052286238610744475,0.3917348199450369,0.6961054783241422,0.4916573318780637,0.7254928289675245,F:\BUET plasma\PCMMD_LOCAL\set1\non_plasma\IMG_9191_p_8.jpg,0,non_plasma
0.0926513671875,0.73809814453125,0.1255271644753163,0.11825151654679812,0.3754458358864379,0.09451258467137813,0.16327912120231683,0.7040005553002451,0.4178442861519608,0.7518176508884804,F:\BUET plasma\PCMMD_LOCAL\set1\non_plasma\IMG_9191_p_9.jpg,0,non_plasma
0.171630859375,0.82781982421875,0.20732876207328763,0.18841028454073783,0.47679188048917487,0.07774570153653622,0.09542217707106265,0.5248939663756127,0.36212014590992647,0.6826102462469362,F:\BUET plasma\PCMMD_LOCAL\set1\non_plasma\IMG_9495_p_1.jpg,0,non_plasma
0.0,0.8812255859375,0.0,0.0,0.3347619549121732,0.0674258083961904,0.0,0.6863570867800245,0.5133906345741421,0.7959664139093138,F:\BUET plasma\PCMMD_LOCAL\set1\non_plasma\IMG_9495_p_10.jpg,0,non_plasma
0.13275146484375,0.63616943359375,0.20867312673894273,0.18952316844255201,0.3767626793555965,0.05935813830792904,0.1885313918598063,0.6087543562346813,0.4701064165900735,0.7908511891084559,F:\BUET plasma\PCMMD_LOCAL\set1\non_plasma\IMG_9495_p_11.jpg,0,non_plasma
0.06298828125,0.6689453125,0.09416058394160584,0.0899874792804271,0.35405097911560457,0.06078114810213447,0.10481764295865852,0.6388442095588235,0.491696107153799,0.8073067459405637,F:\BUET plasma\PCMMD_LOCAL\set1\non_plasma\IMG_9495_p_12.jpg,0,non_plasma
0.00030517578125,0.80279541015625,0.00038014141260548924,0.0003800691771645756,0.377535950903799,0.0772853060811758,0.0,0.6280488855698529,0.44942914177389703,0.7899141199448529,F:\BUET plasma\PCMMD_LOCAL\set1\non_plasma\IMG_9495_p_2.jpg,0,non_plasma
0.00439453125,0.65155029296875,0.006744730679156909,0.006722086744327981,0.325143612132353,0.055799019277095796,0.17031583558007152,0.6736323337928921,0.5380636776194853,0.8128731521905638,F:\BUET plasma\PCMMD_LOCAL\set1\non_plasma\IMG_9495_p_3.jpg,0,non_plasma
0.12109375,0.6995849609375,0.17309370092479498,0.15964444791729923,0.41606549032373374,0.0522713586948812,0.08420291371288079,0.5719989851409314,0.4128441904105392,0.7669603534773284,F:\BUET plasma\PCMMD_LOCAL\set1\non_plasma\IMG_9495_p_4.jpg,0,non_plasma
0.12249755859375,0.7283935546875,0.16817496229260936,0.15544266967106082,0.42925411049836604,0.06986002051457763,0.09796661354713422,0.5458543964460785,0.39991311465992646,0.766470157398897,F:\BUET plasma\PCMMD_LOCAL\set1\non_plasma\IMG_9495_p_5.jpg,0,non_plasma
0.11456298828125,0.7183837890625,0.1594732370433305,0.14796579598379136,0.43050321691176474,0.052786638434976337,0.05604256225246924,0.5621665804993873,0.39340293734681375,0.7529208314185049,F:\BUET plasma\PCMMD_LOCAL\set1\non_plasma\IMG_9495_p_6.jpg,0,non_plasma
0.16180419921875,0.7010498046875,0.23080271635033955,0.20766657144279074,0.4221349379595588,0.06209139858186245,0.2500682613296731,0.5705571193321078,0.4205944584865196,0.7424436083026961,F:\BUET plasma\PCMMD_LOCAL\set1\non_plasma\IMG_9495_p_7.jpg,0,non_plasma
0.0,0.755859375,0.0,0.0,0.32377028122446894,0.06892429008707404,0.0,0.686935364966299,0.5314623066023284,0.8102914847579656,F:\BUET plasma\PCMMD_LOCAL\set1\non_plasma\IMG_9495_p_8.jpg,0,non_plasma
0.04656982421875,0.7117919921875,0.06542617046818727,0.06337487918272816,0.3796225554023692,0.07996533785760403,0.14272615750895093,0.5994384765625,0.4539163028492647,0.8077775543811274,F:\BUET plasma\PCMMD_LOCAL\set1\non_plasma\IMG_9495_p_9.jpg,0,non_plasma
0.00164794921875,0.946533203125,0.0017410368841888058,0.0017395230363280317,0.38423769084456705,0.04715180638059974,0.38727535797462137,0.6253133138020833,0.4491213331035539,0.7728522805606618,F:\BUET plasma\PCMMD_LOCAL\set1\non_plasma\IMG_9539_p_10.jpg,0,non_plasma
0.34844970703125,0.50238037109375,0.693597375774511,0.5268548913418708,0.437081769556781,0.05552184450253844,0.4919705680914846,0.5164033777573529,0.40329374425551473,0.7690575693167893,F:\BUET plasma\PCMMD_LOCAL\set1\non_plasma\IMG_9539_p_11.jpg,0,non_plasma
0.262451171875,0.49462890625,0.5306021717670286,0.42566123429182023,0.36883592792585784,0.03711611722409725,0.4046585844182363,0.5795017616421568,0.5056647805606618,0.8083256740196079,F:\BUET plasma\PCMMD_LOCAL\set1\non_plasma\IMG_9539_p_12.jpg,0,non_plasma
0.00372314453125,0.71856689453125,0.0051813471502590676,0.005167970158442579,0.34231324040032685,0.037873106595128776,0.25300567588119555,0.6443778243719362,0.5117197074142157,0.8169627470128676,F:\BUET plasma\PCMMD_LOCAL\set1\non_plasma\IMG_9539_p_13.jpg,0,non_plasma
0.406005859375,0.31756591796875,1.2784931770132615,0.8235143372092023,0.4094437742544935,0.017889572605490685,0.6732500752963955,0.5649526558670344,0.44350801355698527,0.7632080078125,F:\BUET plasma\PCMMD_LOCAL\set1\non_plasma\IMG_9539_p_14.jpg,0,non_plasma
0.1151123046875,0.63482666015625,0.18132871839246226,0.16663983751443812,0.3716805651296977,0.1073769363425672,0.08256419857793222,0.6029464422487745,0.47852089077818627,0.8034909715839461,F:\BUET plasma\PCMMD_LOCAL\set1\non_plasma\IMG_9539_p_15.jpg,0,non_plasma
0.1182861328125,0.584716796875,0.2022964509394572,0.18423343710171144,0.32707120608660134,0.04133956679329276,0.06814846209279564,0.657489133348652,0.5699537090226716,0.7913435393688726,F:\BUET plasma\PCMMD_LOCAL\set1\non_plasma\IMG_9539_p_16.jpg,0,non_plasma
0.156005859375,0.49212646484375,0.3170035966761751,0.2753591537188235,0.3255538641237745,0.06492590617761015,0.2164172312435123,0.6544129614736519,0.5770237342984068,0.7919017118566176,F:\BUET plasma\PCMMD_LOCAL\set1\non_plasma\IMG_9539_p_17.jpg,0,non_plasma
0.083740234375,0.76104736328125,0.11003288154623467,0.10438963790011575,0.40612601485906863,0.06799865339696408,0.21453930318778527,0.5539222866881127,0.4458266314338235,0.7818730373008579,F:\BUET plasma\PCMMD_LOCAL\set1\non_plasma\IMG_9539_p_18.jpg,0,non_plasma
0.06842041015625,0.8388671875,0.08156286379511059,0.07840709120816144,0.42034952001633985,0.0775237431190908,0.11275510267334117,0.5395847694546568,0.42122563380821076,0.7781410366881127,F:\BUET plasma\PCMMD_LOCAL\set1\non_plasma\IMG_9539_p_19.jpg,0,non_plasma
0.017822265625,0.8636474609375,0.020636042402826855,0.020426003939743267,0.39108759063521237,0.03841204833984375,0.5271144741361422,0.5862453086703432,0.47838086894914217,0.7621110504748775,F:\BUET plasma\PCMMD_LOCAL\set1\non_plasma\IMG_9539_p_20.jpg,0,non_plasma
0.01507568359375,0.8232421875,0.018312574139976275,0.018146918287737544,0.38336652369281043,0.045361016690731046,0.27930654832873164,0.5873927696078431,0.4785802504595588,0.7839274088541667,F:\BUET plasma\PCMMD_LOCAL\set1\non_plasma\IMG_9539_p_21.jpg,0,non_plasma
0.30059814453125,0.578857421875,0.5192956558414171,0.418246843147638,0.41279536228553926,0.017177665945142508,0.567403380442818,0.5437801585477942,0.45698888442095587,0.7608448701746323,F:\BUET plasma\PCMMD_LOCAL\set1\non_plasma\IMG_9539_p_22.jpg,0,non_plasma
0.000244140625,0.84686279296875,0.0002882882882882883,0.00028824674120453956,0.3750499451082516,0.059785322543233634,0.0,0.6067863913143382,0.48460836971507354,0.7834554036458333,F:\BUET plasma\PCMMD_LOCAL\set1\non_plasma\IMG_9539_p_23.jpg,0,non_plasma
0.0,0.74908447265625,0.0,0.0,0.27584084903492645,0.06023924730718136,0.0,0.7502764533547794,0.6101112515318627,0.8120897480085785,F:\BUET plasma\PCMMD_LOCAL\set1\non_plasma\IMG_9539_p_24.jpg,0,non_plasma
0.011474609375,0.71728515625,0.015997277059223963,0.015870669092879847,0.3576775045955882,0.04215692519769072,0.13513340157540893,0.6213433957567402,0.5138509114583333,0.7917731789981618,F:\BUET plasma\PCMMD_LOCAL\set1\non_plasma\IMG_9539_p_25.jpg,0,non_plasma
0.000244140625,0.87060546875,0.00028042624789680314,0.0002803869358058048,0.3557621974571078,0.06963104605302214,0.5390120920947209,0.610849178538603,0.5157109279258578,0.8061533011642157,F:\BUET plasma\PCMMD_LOCAL\set1\non_plasma\IMG_9539_p_26.jpg,0,non_plasma
0.000244140625,0.8343505859375,0.0002926115581565472,0.00029256875574401397,0.3286331475949755,0.0683956336826086,0.7853981633974483,0.6618896484375,0.5405967562806373,0.8116141524969362,F:\BUET plasma\PCMMD_LOCAL\set1\non_plasma\IMG_9539_p_27.jpg,0,non_plasma
0.0,0.71868896484375,0.0,0.0,0.26341313380821074,0.07356365060433745,0.0,0.726107728247549,0.6450501685049019,0.8386027018229166,F:\BUET plasma\PCMMD_LOCAL\set1\non_plasma\IMG_9539_p_28.jpg,0,non_plasma
0.00128173828125,0.83135986328125,0.0015417370237133837,0.00154054976732301,0.36450482536764706,0.061261031504720447,0.46239927331112146,0.6318852443321078,0.4805987189797794,0.7940015605851716,F:\BUET plasma\PCMMD_LOCAL\set1\non_plasma\IMG_9539_p_29.jpg,0,non_plasma
0.0,0.728515625,0.0,0.0,0.32043329376021235,0.03884693437442183,0.0,0.6872091854319853,0.5397547104779412,0.8117362228094362,F:\BUET plasma\PCMMD_LOCAL\set1\non_plasma\IMG_9539_p_30.jpg,0,non_plasma
0.0289306640625,0.7197265625,0.04019674355495251,0.039409871756811196,0.3576712016186683,0.04517034612596035,0.1222720576784729,0.613052428002451,0.5057662664675245,0.8081677006740197,F:\BUET plasma\PCMMD_LOCAL\set1\non_plasma\IMG_9539_p_31.jpg,0,non_plasma
0.0,0.82464599609375,0.0,0.0,0.3665193844464869,0.0429768925756216,0.0,0.6646283318014706,0.45789316214767156,0.777920352711397,F:\BUET plasma\PCMMD_LOCAL\set1\non_plasma\IMG_9539_p_32.jpg,0,non_plasma
0.014404296875,0.8134765625,0.017707082833133252,0.017552138838905305,0.33030088337418295,0.08941668387874961,0.39073316042351264,0.660260129442402,0.5336758482689951,0.8151613721660539,F:\BUET plasma\PCMMD_LOCAL\set1\non_plasma\IMG_9539_p_33.jpg,0,non_plasma
0.0,0.679931640625,0.0,0.0,0.28285382838031037,0.054437163796275854,0.0,0.7275404986213235,0.5906058517156862,0.8332921645220588,F:\BUET plasma\PCMMD_LOCAL\set1\non_plasma\IMG_9539_p_4.jpg,0,non_plasma
0.01409912109375,0.8616943359375,0.016362090947726306,0.0162296743929891,0.36594310087316173,0.07042387901246548,0.194701415641658,0.631860590916054,0.4658624387254902,0.8044476677389706,F:\BUET plasma\PCMMD_LOCAL\set1\non_plasma\IMG_9539_p_5.jpg,0,non_plasma
0.33984375,0.4080810546875,0.8327849237212085,0.6058366263055559,0.39646562563827614,0.023387422025203705,0.4870061893846343,0.586016726026348,0.44914143880208335,0.7754449582567402,F:\BUET plasma\PCMMD_LOCAL\set1\non_plasma\IMG_9539_p_6.jpg,0,non_plasma
0.0010986328125,0.65667724609375,0.001673017938470118,0.0016716200029225441,0.3050701465482025,0.061494525894522666,0.6587925570046588,0.716125727634804,0.551794194240196,0.8168696384803922,F:\BUET plasma\PCMMD_LOCAL\set1\non_plasma\IMG_9539_p_7.jpg,0,non_plasma
0.00091552734375,0.81951904296875,0.001117152007149773,0.0011165284572030752,0.33487596698835786,0.060062462147325274,0.17967069842005717,0.696872127757353,0.5102562997855392,0.7882436714920343,F:\BUET plasma\PCMMD_LOCAL\set1\non_plasma\IMG_9539_p_8.jpg,0,non_plasma
0.00738525390625,0.82989501953125,0.008899021843053615,0.008859658903580678,0.37302477468852124,0.04231125333532691,0.3786448604868156,0.6095454197303921,0.48670941521139705,0.7846708409926471,F:\BUET plasma\PCMMD_LOCAL\set1\non_plasma\IMG_9539_p_9.jpg,0,non_plasma
0.04046630859375,0.95953369140625,0.04217288976528211,0.04130785064772045,0.43664183772467313,0.030690945565700532,0.5478525265765093,0.6141142003676471,0.39593553730085784,0.6800247491574755,F:\BUET plasma\PCMMD_LOCAL\set1\non_plasma\IMG_E0886_p_10.jpg,0,non_plasma
0.147705078125,0.852294921875,0.17330277857347465,0.15982265961430767,0.4922633750765931,0.022704736471176146,0.15614326489421454,0.5428952684589461,0.37444805070465687,0.6058665556066176,F:\BUET plasma\PCMMD_LOCAL\set1\non_plasma\IMG_E0886_p_11.jpg,0,non_plasma
0.47747802734375,0.52252197265625,0.9137951173928279,0.6490882430967487,0.5871291615604575,0.009560564246028662,0.679858333916404,0.4103125478707108,0.21833974800857844,0.6099602194393382,F:\BUET plasma\PCMMD_LOCAL\set1\non_plasma\IMG_E0886_p_12.jpg,0,non_plasma
0.248779296875,0.7479248046875,0.33262608127958215,0.28715149267891094,0.5193385703890931,0.034846837785094974,0.5512557438016834,0.4718548943014706,0.29229664522058824,0.6778327493106617,F:\BUET plasma\PCMMD_LOCAL\set1\non_plasma\IMG_E0886_p_13.jpg,0,non_plasma
0.0904541015625,0.9095458984375,0.09944973829016239,0.0948098167255615,0.46104329427083335,0.027536926176398992,0.23461408159514677,0.5470198089001226,0.38154033586090685,0.6883099724264706,F:\BUET plasma\PCMMD_LOCAL\set1\non_plasma\IMG_E0886_p_14.jpg,0,non_plasma
0.37457275390625,0.62542724609375,0.5989069971699034,0.4693202690395164,0.5651240330116422,0.01118380617722869,0.2873761586446649,0.414825319776348,0.2348876953125,0.6549148858762255,F:\BUET plasma\PCMMD_LOCAL\set1\non_plasma\IMG_E0886_p_15.jpg,0,non_plasma
0.00738525390625,0.91912841796875,0.008035062089116142,0.008002952862801487,0.35258047066482845,0.030755552515387537,0.4733179715752079,0.6863511029411765,0.4742350260416667,0.7816724590226716,F:\BUET plasma\PCMMD_LOCAL\set1\non_plasma\IMG_E0886_p_16.jpg,0,non_plasma
0.1329345703125,0.8670654296875,0.15331550049274953,0.14264083828147905,0.410061785130719,0.09431715666875243,0.09413246467723932,0.6065070657169118,0.40165177887561276,0.7616558000153186,F:\BUET plasma\PCMMD_LOCAL\set1\non_plasma\IMG_E0886_p_17.jpg,0,non_plasma
0.6337890625,0.3662109375,1.7306666666666666,1.0045457796290422,0.6428400575725082,0.006680234488099813,0.44847418065686045,0.32885143803615197,0.1581432866115196,0.5844851026348039,F:\BUET plasma\PCMMD_LOCAL\set1\non_plasma\IMG_E0886_p_18.jpg,0,non_plasma
0.20989990234375,0.79010009765625,0.2656624179219776,0.2355956356535963,0.4517571742238562,0.03412410229071975,0.14252984208860098,0.5769904641544118,0.34989731732536766,0.717840695848652,F:\BUET plasma\PCMMD_LOCAL\set1\non_plasma\IMG_E0886_p_19.jpg,0,non_plasma
0.4078369140625,0.5704345703125,0.7149582709180398,0.5393887484956637,0.44618231081495097,0.0190306286662817,0.6950249927693932,0.570739506740196,0.3485310872395833,0.7421824735753676,F:\BUET plasma\PCMMD_LOCAL\set1\non_plasma\IMG_E0886_p_20.jpg,0,non_plasma
0.42559814453125,0.57440185546875,0.7409414514929338,0.5544260309804465,0.5047885869842729,0.016026913698762656,0.7802182070991316,0.5176291073069853,0.26587081609987745,0.7021343156403186,F:\BUET plasma\PCMMD_LOCAL\set1\non_plasma\IMG_E0886_p_21.jpg,0,non_plasma
0.093017578125,0.875244140625,0.10627615062761506,0.10099955604602054,0.3752116683261847,0.04855586379766464,0.5866462828472232,0.6701583563112745,0.45914354511335786,0.7450630935968138,F:\BUET plasma\PCMMD_LOCAL\set1\non_plasma\IMG_E0886_p_22.jpg,0,non_plasma
0.02117919921875,0.97882080078125,0.021637463365966204,0.021406696330425506,0.45706444035947713,0.01606890295445919,0.6145973061675121,0.5810944201899509,0.4018801221660539,0.6458321365655637,F:\BUET plasma\PCMMD_LOCAL\set1\non_plasma\IMG_E0886_p_23.jpg,0,non_plasma
0.0821533203125,0.9178466796875,0.0895065833222503,0.08572491790126212,0.5320973115808824,0.013928829655051232,0.43989255334566535,0.4987450693167892,0.3520419251685049,0.5529210707720589,F:\BUET plasma\PCMMD_LOCAL\set1\non_plasma\IMG_E0886_p_24.jpg,0,non_plasma
0.0826416015625,0.9173583984375,0.09008649367930804,0.08625704509221416,0.4905009350745506,0.03487865525111556,0.22663924490566395,0.5372393439797795,0.36644454656862746,0.6248133042279411,F:\BUET plasma\PCMMD_LOCAL\set1\non_plasma\IMG_E0886_p_25.jpg,0,non_plasma
0.1363525390625,0.8636474609375,0.15787985865724383,0.14659062476785065,0.5084230909160539,0.02587505316361785,0.10416058985768625,0.518972598805147,0.34997367110906863,0.6057844573376225,F:\BUET plasma\PCMMD_LOCAL\set1\non_plasma\IMG_E0886_p_26.jpg,0,non_plasma
0.68597412109375,0.31402587890625,2.1844509232264335,1.1582798795710845,0.6612801745046977,0.010129660900682212,0.6945807866027054,0.35054788028492645,0.16472981770833334,0.500881778492647,F:\BUET plasma\PCMMD_LOCAL\set1\non_plasma\IMG_E0886_p_27.jpg,0,non_plasma
0.1282958984375,0.8670654296875,0.14796564831761227,0.13799137438138873,0.4746422462214053,0.02571326794847846,0.13906604010568654,0.5787157245710784,0.3404213101256127,0.6569362266390931,F:\BUET plasma\PCMMD_LOCAL\set1\non_plasma\IMG_E0886_p_28.jpg,0,non_plasma
0.100341796875,0.8905029296875,0.11267991775188485,0.10677144580428967,0.4421586180044935,0.03871961484849453,0.18155779348819798,0.5951918658088236,0.40051796109068627,0.6778143190870098,F:\BUET plasma\PCMMD_LOCAL\set1\non_plasma\IMG_E0886_p_29.jpg,0,non_plasma
0.15484619140625,0.80511474609375,0.19232810249412477,0.17590778453802797,0.42042746949040033,0.06344290795549751,0.1726973629463037,0.6101588828890931,0.4075487323835784,0.7210099762561275,F:\BUET plasma\PCMMD_LOCAL\set1\non_plasma\IMG_E0886_p_30.jpg,0,non_plasma
0.22674560546875,0.75177001953125,0.301615653162296,0.26360630294310705,0.4348101447610294,0.05952356639131904,0.06921038088282014,0.5701834884344362,0.3881900562959559,0.7371960209865196,F:\BUET plasma\PCMMD_LOCAL\set1\non_plasma\IMG_E0886_p_31.jpg,0,non_plasma
0.577392578125,0.422607421875,1.366262276140959,0.8613116115431345,0.6149398105596405,0.01170951472222805,0.31186087947484964,0.36787947112438724,0.17288243910845588,0.6144186580882353,F:\BUET plasma\PCMMD_LOCAL\set1\non_plasma\IMG_E0886_p_32.jpg,0,non_plasma
0.58154296875,0.41845703125,1.3897316219369895,0.8711810675616186,0.641488428053513,0.008611918076872825,0.8089467237673607,0.33430798100490194,0.16311322380514706,0.5781135110294118,F:\BUET plasma\PCMMD_LOCAL\set1\non_plasma\IMG_E0886_p_33.jpg,0,non_plasma
0.29345703125,0.70654296875,0.41534208707671044,0.3473712595279146,0.5078567804074755,0.047743306383490565,0.07536313349872009,0.49191942401960786,0.2903985715379902,0.6941116632199755,F:\BUET plasma\PCMMD_LOCAL\set1\non_plasma\IMG_E0886_p_34.jpg,0,non_plasma
0.267578125,0.732421875,0.36533333333333334,0.311398599069097,0.5000544130412581,0.061460162844508885,0.10169962319572023,0.49395368987438726,0.3035220875459559,0.7023609834558824,F:\BUET plasma\PCMMD_LOCAL\set1\non_plasma\IMG_E0886_p_35.jpg,0,non_plasma
0.187255859375,0.7489013671875,0.250040749796251,0.22317615061984744,0.41710141250510624,0.060516375958919524,0.06923495402876031,0.5964216643688726,0.39489793964460784,0.757376158471201,F:\BUET plasma\PCMMD_LOCAL\set1\non_plasma\IMG_E0886_p_36.jpg,0,non_plasma
0.0767822265625,0.80450439453125,0.09544040664592975,0.09115648025875334,0.3541834214154411,0.05131436675786972,0.19658120676950266,0.6942727481617647,0.4648128733915441,0.7783641142003677,F:\BUET plasma\PCMMD_LOCAL\set1\non_plasma\IMG_E0886_p_37.jpg,0,non_plasma
0.2978515625,0.55108642578125,0.540480673385757,0.432094493299651,0.42696046517565356,0.08816769900545478,0.13436391391979333,0.6058567421109069,0.38740306181066175,0.7258588005514706,F:\BUET plasma\PCMMD_LOCAL\set1\non_plasma\IMG_E0886_p_38.jpg,0,non_plasma
0.03131103515625,0.75982666015625,0.04120812916700137,0.040381701605875356,0.3165903128829657,0.043953310813754795,0.35218645450888014,0.7246541341145833,0.5294852462469363,0.7960896809895833,F:\BUET plasma\PCMMD_LOCAL\set1\non_plasma\IMG_E0886_p_39.jpg,0,non_plasma
0.14349365234375,0.83221435546875,0.17242390905757243,0.15907332290627546,0.42770453559027777,0.04541320317983627,0.2851127440012265,0.5930068072150735,0.3847558115042892,0.7391237745098039,F:\BUET plasma\PCMMD_LOCAL\set1\non_plasma\IMG_E0886_p_40.jpg,0,non_plasma
0.34613037109375,0.6474609375,0.5345965309200603,0.42826750018286613,0.506902796926062,0.04786421023309231,0.16896164809255193,0.542730832567402,0.26125344669117645,0.6753073299632353,F:\BUET plasma\PCMMD_LOCAL\set1\non_plasma\IMG_E0886_p_41.jpg,0,non_plasma
0.16632080078125,0.82806396484375,0.20085501584727647,0.1830338162829946,0.4558330461090686,0.044626065716147426,0.11938399719718205,0.546631098728554,0.34114942363664214,0.7447203393075981,F:\BUET plasma\PCMMD_LOCAL\set1\non_plasma\IMG_E0886_p_42.jpg,0,non_plasma
0.12164306640625,0.87835693359375,0.13848933361128482,0.1297022376690607,0.4069462794883578,0.054004889488220215,0.1469481284131042,0.5957517137714461,0.4162755629595588,0.7671338848039215,F:\BUET plasma\PCMMD_LOCAL\set1\non_plasma\IMG_E0886_p_43.jpg,0,non_plasma
0.0869140625,0.9130859375,0.09518716577540107,0.09092527631076609,0.4209937799989788,0.049019541796296834,0.3164186762823211,0.5874947342218138,0.38306406058517156,0.7664598651960784,F:\BUET plasma\PCMMD_LOCAL\set1\non_plasma\IMG_E0886_p_44.jpg,0,non_plasma
0.0771484375,0.8995361328125,0.08576468991722079,0.08228452208312466,0.38869900173611116,0.04607532495260239,0.2065777252732077,0.6592675302542892,0.40371404909620096,0.7709214154411764,F:\BUET plasma\PCMMD_LOCAL\set1\non_plasma\IMG_E0886_p_45.jpg,0,non_plasma
0.15826416015625,0.82012939453125,0.19297462231152787,0.17644987072818888,0.46287267348345584,0.05392715774476528,0.3934385662117049,0.5381381165747549,0.3203687480851716,0.7528751148897059,F:\BUET plasma\PCMMD_LOCAL\set1\non_plasma\IMG_E0886_p_46.jpg,0,non_plasma
0.20953369140625,0.79022216796875,0.26515795164903067,0.23519697734841316,0.46102087482128273,0.08851882642507553,0.13709361506879614,0.5433584175857843,0.33699592141544116,0.7365830365349265,F:\BUET plasma\PCMMD_LOCAL\set1\non_plasma\IMG_E0886_p_47.jpg,0,non_plasma
0.11395263671875,0.7808837890625,0.14592777864624043,0.13621459592818158,0.3880809110753677,0.0525400896333158,0.36571043536166425,0.6562993068321078,0.4252726236979167,0.7541853362438725,F:\BUET plasma\PCMMD_LOCAL\set1\non_plasma\IMG_E0886_p_48.jpg,0,non_plasma
0.162109375,0.7982177734375,0.20308915736351124,0.18489254676796657,0.4034065595639298,0.07654174321889877,0.08414988811558965,0.6384102615655637,0.40934675628063727,0.7420233034620098,F:\BUET plasma\PCMMD_LOCAL\set1\non_plasma\IMG_E0886_p_49.jpg,0,non_plasma
0.178466796875,0.7928466796875,0.22509622786759045,0.20301939427283494,0.41620503344566995,0.07408317991718649,0.09048421113839535,0.5974652458639705,0.4089274088541667,0.7449922449448529,F:\BUET plasma\PCMMD_LOCAL\set1\non_plasma\IMG_E0886_p_50.jpg,0,non_plasma
0.01934814453125,0.88031005859375,0.021978783886847396,0.021740732159817384,0.3425135793249592,0.043347321566194294,0.35082150952890057,0.7188612994025735,0.47180582682291666,0.7817921357996324,F:\BUET plasma\PCMMD_LOCAL\set1\non_plasma\IMG_E0886_p_51.jpg,0,non_plasma
0.1448974609375,0.77001953125,0.1881737476220672,0.17241746245376904,0.3842129576439951,0.05265646260976791,0.7614292107617001,0.6662398992800245,0.4250770718443627,0.7560441559436275,F:\BUET plasma\PCMMD_LOCAL\set1\non_plasma\IMG_E0886_p_52.jpg,0,non_plasma
0.07598876953125,0.8502197265625,0.08937544867193109,0.08560454915384763,0.37157341452205883,0.054391948249191045,0.15287547776889546,0.6586677102481617,0.4422552370557598,0.7843568091299019,F:\BUET plasma\PCMMD_LOCAL\set1\non_plasma\IMG_E0886_p_53.jpg,0,non_plasma
0.0645751953125,0.6756591796875,0.09557362240289069,0.09127808217947032,0.28633897569444444,0.06432603166997433,0.09256487907939204,0.7451818129595589,0.5726586435355392,0.8231426164215686,F:\BUET plasma\PCMMD_LOCAL\set1\non_plasma\IMG_E0886_p_54.jpg,0,non_plasma
0.108642578125,0.8843994140625,0.12284334023464458,0.11586416489835541,0.3765783771190768,0.06983622693642974,0.2198689317262029,0.6295943914675245,0.4244588216145833,0.8162116555606618,F:\BUET plasma\PCMMD_LOCAL\set1\non_plasma\IMG_E0886_p_55.jpg,0,non_plasma
0.02996826171875,0.67132568359375,0.044640421856532414,0.043672732285684725,0.22836906084048203,0.05123015914857387,0.5589876307248268,0.8322311102175245,0.5854106828278186,0.8972510244332108,F:\BUET plasma\PCMMD_LOCAL\set1\non_plasma\IMG_E0886_p_56.jpg,0,non_plasma
0.0052490234375,0.8353271484375,0.006283793657752448,0.0062641329459713485,0.25531540415645426,0.030029338356107473,0.5477651953339123,0.7998113893995098,0.5642159256280638,0.8700264725030638,F:\BUET plasma\PCMMD_LOCAL\set1\non_plasma\IMG_E0886_p_57.jpg,0,non_plasma
0.14300537109375,0.8009033203125,0.17855509830818472,0.16428919521434715,0.39915093315972217,0.16084447794780135,0.10452373389668194,0.6174448050704657,0.37719894109987745,0.8079034543504902,F:\BUET plasma\PCMMD_LOCAL\set1\non_plasma\IMG_E0886_p_58.jpg,0,non_plasma
0.05328369140625,0.79443359375,0.06707129686539644,0.06491779001734524,0.3301098792381536,0.04658541470393539,0.1514117107884827,0.7202658260569853,0.504046511182598,0.7853580250459559,F:\BUET plasma\PCMMD_LOCAL\set1\non_plasma\IMG_E0886_p_59.jpg,0,non_plasma
0.05474853515625,0.753173828125,0.07269043760129659,0.07016992025439198,0.29513737298304743,0.04809446620941162,0.24833086917927993,0.7558876187193627,0.543231320848652,0.8154689414828431,F:\BUET plasma\PCMMD_LOCAL\set1\non_plasma\IMG_E0886_p_60.jpg,0,non_plasma
0.24676513671875,0.71600341796875,0.34464240047736766,0.2961281044522159,0.4094221526501225,0.01851406406983733,0.4788301201520429,0.6056645412071079,0.3497417375153186,0.8163272633272058,F:\BUET plasma\PCMMD_LOCAL\set1\non_plasma\IMG_E0886_p_61.jpg,0,non_plasma
0.22271728515625,0.743408203125,0.29958949096880133,0.2620484384218504,0.38149597566891336,0.021659377098083497,0.5796066190976228,0.6324865004595588,0.39385052849264707,0.8291750440410539,F:\BUET plasma\PCMMD_LOCAL\set1\non_plasma\IMG_E0886_p_62.jpg,0,non_plasma
0.050537109375,0.67486572265625,0.07488468843266709,0.07221338925189254,0.2524674160028595,0.03615725674852729,0.20548094351245702,0.8169720818014706,0.5237675685508578,0.9018581016390932,F:\BUET plasma\PCMMD_LOCAL\set1\non_plasma\IMG_E0886_p_63.jpg,0,non_plasma
0.16827392578125,0.81719970703125,0.20591530360743895,0.18723886665758124,0.3726963816125408,0.051605259999632835,0.1240368830431286,0.6890177408854167,0.3813907398897059,0.8115023743872549,F:\BUET plasma\PCMMD_LOCAL\set1\non_plasma\IMG_E0886_p_64.jpg,0,non_plasma
0.0830078125,0.9169921875,0.09052183173588925,0.0866563263911902,0.4582141352634804,0.03131723318994045,0.3478364300603514,0.5865011776194853,0.38206930721507354,0.656787109375,F:\BUET plasma\PCMMD_LOCAL\set1\non_plasma\IMG_E0886_p_9.jpg,0,non_plasma
0.0,0.7086181640625,0.0,0.0,0.272217036228554,0.014558786019682884,0.0,0.7289263556985294,0.7194429285386029,0.7349796070772059,F:\BUET plasma\PCMMD_LOCAL\set1\non_plasma\P_20221014_143350_p_1.jpg,0,non_plasma
0.0,0.813232421875,0.0,0.0,0.3539178985396242,0.029612405624240636,0.0,0.6601445216758578,0.5592155905330882,0.7188861921721814,F:\BUET plasma\PCMMD_LOCAL\set1\non_plasma\P_20221014_143625_p_1.jpg,0,non_plasma
0.0,0.761962890625,0.0,0.0,0.34693834890727115,0.030136072870343925,0.0,0.6650101007199755,0.5693230124080882,0.7248518401501225,F:\BUET plasma\PCMMD_LOCAL\set1\non_plasma\P_20221014_143712_p_0.jpg,0,non_plasma
0.0269775390625,0.72528076171875,0.03719599427753934,0.03652091262086452,0.3132481394250408,0.06637035761773587,0.4716079600067539,0.7137192670036765,0.5943680108762255,0.7521683038449755,F:\BUET plasma\PCMMD_LOCAL\set1\non_plasma\P_20221014_143831_p_1.jpg,0,non_plasma
0.0,0.9998779296875,0.0,0.0,0.37285818461499176,0.03472734493017197,0.0,0.6667188457414216,0.5707947974111519,0.643911803002451,F:\BUET plasma\PCMMD_LOCAL\set1\non_plasma\P_20221014_144121_p_1.jpg,0,non_plasma
0.0,0.85546875,0.0,0.0,0.3470298617493872,0.04924218663200736,0.0,0.7190242991727941,0.569729434742647,0.670156680836397,F:\BUET plasma\PCMMD_LOCAL\set1\non_plasma\P_20221014_144154_p_1.jpg,0,non_plasma
0.00537109375,0.8143310546875,0.006595712786688653,0.006574056247822532,0.3694949480443219,0.03699334906041622,0.3560592487456038,0.675381290211397,0.6037200329350491,0.6124138327205882,F:\BUET plasma\PCMMD_LOCAL\set1\non_plasma\P_20221014_145255_p_1.jpg,0,non_plasma
0.0,0.97369384765625,0.0,0.0,0.3727399439593545,0.042170768722891806,0.0,0.674069154028799,0.5348860198376225,0.6728249942555147,F:\BUET plasma\PCMMD_LOCAL\set1\non_plasma\P_20221014_145331_p_1.jpg,0,non_plasma
0.0,0.95501708984375,0.0,0.0,0.3397709865196078,0.013227293714880944,0.0,0.6627101524203431,0.6195293351715686,0.6984475528492647,F:\BUET plasma\PCMMD_LOCAL\set1\non_plasma\P_20221014_150450_p_1.jpg,0,non_plasma
0.046875,0.94866943359375,0.04941131055780737,0.04822935033113237,0.3893901750153186,0.03133842247352004,0.09626994073107593,0.6086961933210784,0.5076497395833334,0.7154835420496324,F:\BUET plasma\PCMMD_LOCAL\set1\non_plasma\P_20221014_151942_p_1.jpg,0,non_plasma
0.3104248046875,0.67364501953125,0.4608136268913654,0.3789935591908557,0.46390253204146237,0.024209555253386496,0.6341989360156993,0.5082351983762254,0.42100303500306374,0.6790541704963236,F:\BUET plasma\PCMMD_LOCAL\set1\non_plasma\P_20221017_144929_p_1.jpg,0,non_plasma
0.0,0.9991455078125,0.0,0.0,0.35369482102736927,0.023062454637140035,0.0,0.6836983475030637,0.5574651979932598,0.6977519914215686,F:\BUET plasma\PCMMD_LOCAL\set1\non_plasma\P_20221017_145858_p_1.jpg,0,non_plasma
0.00390625,0.99212646484375,0.003937250076899415,0.0039295193929289,0.3693320280586192,0.051487383898347616,0.6454836164591102,0.6690467984068628,0.5373855890012255,0.685571528416054,F:\BUET plasma\PCMMD_LOCAL\set1\non_plasma\P_20221017_150415_p_1.jpg,0,non_plasma
0.0125732421875,0.9874267578125,0.012733341574978366,0.01265295426133641,0.39336695452920745,0.0477345246039331,0.17670143846985434,0.6380627202052697,0.4971607881433823,0.6846756280637255,F:\BUET plasma\PCMMD_LOCAL\set1\non_plasma\P_20221017_150542_p_2.jpg,0,non_plasma
0.077392578125,0.922607421875,0.08388462556231807,0.08055146336985475,0.41207730162377454,0.020771035697311164,0.131468583454481,0.6064917470894607,0.4781956092984069,0.6790807387408089,F:\BUET plasma\PCMMD_LOCAL\set1\non_plasma\P_20221017_150830_p_4.jpg,0,non_plasma
0.0,0.9229736328125,0.0,0.0,0.36353679981107023,0.020648005690425634,0.0,0.6788770488664215,0.5082780426623774,0.7222345090379902,F:\BUET plasma\PCMMD_LOCAL\set1\non_plasma\P_20221017_150842_p_1.jpg,0,non_plasma
0.08013916015625,0.6934814453125,0.11556064073226545,0.10935709534231172,0.4070694667841095,0.035289358731359244,0.42997044704671955,0.5927815755208333,0.45809326171875,0.7279167624080882,F:\BUET plasma\PCMMD_LOCAL\set1\non_plasma\P_20221017_151603_p_2.jpg,0,non_plasma
0.0,0.908203125,0.0,0.0,0.364797953686683,0.04134929272159934,0.0,0.6641364602481618,0.5283605238970588,0.7131091547947304,F:\BUET plasma\PCMMD_LOCAL\set1\non_plasma\P_20221017_151640_p_1.jpg,0,non_plasma
0.00146484375,0.9329833984375,0.0015700641109511972,0.0015688328489000401,0.35400701784620103,0.03648035424947739,0.6587925570046588,0.6750471526501225,0.5536939433976715,0.709237850413603,F:\BUET plasma\PCMMD_LOCAL\set1\non_plasma\P_20221017_151847_p_1.jpg,0,non_plasma
0.0,0.9542236328125,0.0,0.0,0.3475911458333333,0.0258010759614408,0.0,0.6959187825520833,0.5429206399356618,0.7183871400122549,F:\BUET plasma\PCMMD_LOCAL\set1\non_plasma\P_20221017_151933_p_1.jpg,0,non_plasma
0.00018310546875,0.989013671875,0.00018513947173537398,0.00018512233553840177,0.34875528173508985,0.02791229083761573,0.5390120920947209,0.6893451765471814,0.5497403013939951,0.7146486768535539,F:\BUET plasma\PCMMD_LOCAL\set1\non_plasma\P_20221017_151933_p_2.jpg,0,non_plasma
0.00079345703125,0.98907470703125,0.0008022215365627893,0.0008018999288548529,0.35529011246425646,0.03728746484220028,0.5390120920947209,0.6800359987745098,0.5414773380055147,0.7126163258272059,F:\BUET plasma\PCMMD_LOCAL\set1\non_plasma\P_20221017_151954_p_3.jpg,0,non_plasma
0.00030517578125,0.83319091796875,0.00036627353307450004,0.0003662064712987872,0.3455158707363153,0.039377982493489984,0.5390120920947209,0.6634904450061274,0.5527441884957108,0.7472177542892157,F:\BUET plasma\PCMMD_LOCAL\set1\non_plasma\P_20221017_153317_p_0.jpg,0,non_plasma
0.00054931640625,0.79925537109375,0.0006872852233676976,0.0006870491510383908,0.35132968877655235,0.04599233627319336,0.26950604604736045,0.6772104300704657,0.5434608609068627,0.7253396426930147,F:\BUET plasma\PCMMD_LOCAL\set1\non_plasma\P_20221017_153652_p_1.jpg,0,non_plasma
0.00091552734375,0.766845703125,0.0011938872970391596,0.0011931751803351805,0.34320108251633985,0.03631250282749534,0.35883838721184397,0.6864482804840686,0.5777592677696078,0.7061892041973039,F:\BUET plasma\PCMMD_LOCAL\set1\non_plasma\P_20221017_153705_p_1.jpg,0,non_plasma
0.00067138671875,0.73236083984375,0.0009167430619218269,0.0009163231096403317,0.3538937238306781,0.05090899523720145,0.08298757653376544,0.6567133884803922,0.5215959137561275,0.760009526271446,F:\BUET plasma\PCMMD_LOCAL\set1\non_plasma\P_20221017_161510_p_2.jpg,0,non_plasma
0.12066650390625,0.60186767578125,0.20048676604806814,0.18272711291834126,0.3786836511948529,0.0359932217001915,0.11583300421532268,0.6207471660539216,0.5193325865502451,0.7238692938112745,F:\BUET plasma\PCMMD_LOCAL\set1\non_plasma\P_20221017_161510_p_3.jpg,0,non_plasma
0.18609619140625,0.7274169921875,0.2558315153549253,0.22779791522222284,0.4011280732996324,0.031278493728488684,0.31201570691232944,0.5919352213541667,0.5055611404718138,0.6991194182751226,F:\BUET plasma\PCMMD_LOCAL\set1\non_plasma\P_20221017_161510_p_4.jpg,0,non_plasma
0.0,0.72283935546875,0.0,0.0,0.250671147365196,0.013145603712648153,0.0,0.6940666647518382,0.6907248104319853,0.8631950827205882,F:\BUET plasma\PCMMD_LOCAL\set1\plasma\1692243677854_p_0.jpg,1,plasma
0.0,0.75567626953125,0.0,0.0,0.26437206392973855,0.013700141843408346,0.0,0.693621945848652,0.6654294481464461,0.8478324142156862,F:\BUET plasma\PCMMD_LOCAL\set1\plasma\1692243677862_p_0.jpg,1,plasma
0.0,0.6884765625,0.0,0.0,0.26538389118668293,0.010433882918208837,0.0,0.6749456667432598,0.6772527956495098,0.8516498640471813,F:\BUET plasma\PCMMD_LOCAL\set1\plasma\1692243677862_p_1.jpg,1,plasma
0.0,0.60406494140625,0.0,0.0,0.21875702103758177,0.01686252485215664,0.0,0.7267142501531862,0.7253444297640932,0.8916702569699755,F:\BUET plasma\PCMMD_LOCAL\set1\plasma\1692243677862_p_2.jpg,1,plasma
0.0,0.47821044921875,0.0,0.0,0.19066305721507348,0.012132017072290183,0.0,0.7881503236060049,0.7514095530790441,0.8884509516697304,F:\BUET plasma\PCMMD_LOCAL\set1\plasma\1692243677869_p_1.jpg,1,plasma
0.0,0.6849365234375,0.0,0.0,0.2792844286151961,0.010335739608854056,0.0,0.6872118183210785,0.6751203948376225,0.7998145009957108,F:\BUET plasma\PCMMD_LOCAL\set1\plasma\1692243677878_p_0.jpg,1,plasma
0.0,0.740234375,0.0,0.0,0.2450327754799837,0.02888827608525753,0.0,0.7277755438112745,0.69886474609375,0.8382613836550246,F:\BUET plasma\PCMMD_LOCAL\set1\plasma\1692243677878_p_1.jpg,1,plasma
0.00030517578125,0.7105712890625,0.0004294794708812919,0.0004293872709710389,0.2535593469158496,0.021298578202724457,0.0,0.7138494753370098,0.6966780120251226,0.8287944718903186,F:\BUET plasma\PCMMD_LOCAL\set1\plasma\1692243677878_p_2.jpg,1,plasma
0.0,0.76275634765625,0.0,0.0,0.25295673445159317,0.029781000163406134,0.0,0.7036345837162991,0.671273743872549,0.8662214690563725,F:\BUET plasma\PCMMD_LOCAL\set1\plasma\1692243677886_p_0.jpg,1,plasma
0.0,0.7320556640625,0.0,0.0,0.2391272850285947,0.03618320558965206,0.0,0.7490629308363971,0.7107625325520833,0.8227926815257353,F:\BUET plasma\PCMMD_LOCAL\set1\plasma\1692243677886_p_1.jpg,1,plasma
0.0,0.78424072265625,0.0,0.0,0.25575206482332513,0.02464658346399665,0.0,0.6876388250612745,0.6790462718290441,0.8660587086397059,F:\BUET plasma\PCMMD_LOCAL\set1\plasma\1692243677895_p_0.jpg,1,plasma
0.0,0.814208984375,0.0,0.0,0.3192846360549427,0.06418640458211303,0.0,0.6312516754748775,0.5922071269914215,0.8186872893688726,F:\BUET plasma\PCMMD_LOCAL\set1\plasma\1692243677903_p_0.jpg,1,plasma
0.0,0.7227783203125,0.0,0.0,0.2479122785181781,0.019215133607387542,0.0,0.7021604051776961,0.6579819623161764,0.8961207969515932,F:\BUET plasma\PCMMD_LOCAL\set1\plasma\1692243677913_p_0.jpg,1,plasma
0.0,0.74090576171875,0.0,0.0,0.2897039675245098,0.02612959188222885,0.0,0.6766268861060049,0.6383245729932598,0.8159366383272059,F:\BUET plasma\PCMMD_LOCAL\set1\plasma\1692243677913_p_1.jpg,1,plasma
0.0,0.80224609375,0.0,0.0,0.2672721513735702,0.01888735042512417,0.0,0.684921204810049,0.6504801432291667,0.8627821978400735,F:\BUET plasma\PCMMD_LOCAL\set1\plasma\1692243677925_p_0.jpg,1,plasma
0.0,0.81549072265625,0.0,0.0,0.31506738600388073,0.017821213230490685,0.0,0.6507484585631127,0.6002872242647059,0.8037621591605392,F:\BUET plasma\PCMMD_LOCAL\set1\plasma\1692243677925_p_1.jpg,1,plasma
0.0,0.64764404296875,0.0,0.0,0.261206134472018,0.012267707765102387,0.0,0.7166688208486519,0.6739568972120098,0.8257558785232844,F:\BUET plasma\PCMMD_LOCAL\set1\plasma\1692243677925_p_2.jpg,1,plasma
0.0,0.72796630859375,0.0,0.0,0.24117758757148688,0.014455473002046347,0.0,0.7101976581648284,0.6912394205729167,0.8750301585477941,F:\BUET plasma\PCMMD_LOCAL\set1\plasma\1692243677937_p_0.jpg,1,plasma
0.0,0.70965576171875,0.0,0.0,0.25387082567401964,0.0168089599609375,0.0,0.6942241593903187,0.6832351983762255,0.860928165211397,F:\BUET plasma\PCMMD_LOCAL\set1\plasma\1692243677937_p_1.jpg,1,plasma
0.0,0.66558837890625,0.0,0.0,0.2311292860243055,0.01491003331169486,0.0,0.7175740559895833,0.7230490291819853,0.8659890567555147,F:\BUET plasma\PCMMD_LOCAL\set1\plasma\1692243677950_p_0.jpg,1,plasma
0.0,0.765625,0.0,0.0,0.23071257148692803,0.011506387319415808,0.0,0.6959783815870098,0.7125555300245098,0.899328373927696,F:\BUET plasma\PCMMD_LOCAL\set1\plasma\1692243677959_p_0.jpg,1,plasma
0.0,0.4298095703125,0.0,0.0,0.1758181104473039,0.012549449309706688,0.0,0.7771127738204657,0.79129638671875,0.9041365081188726,F:\BUET plasma\PCMMD_LOCAL\set1\plasma\1692243677966_p_0.jpg,1,plasma
0.0,0.8302001953125,0.0,0.0,0.2562926847171161,0.004984989151358604,0.0,0.7138827454810049,0.6393978343290441,0.877841366038603,F:\BUET plasma\PCMMD_LOCAL\set1\plasma\1692243677973_p_0.jpg,1,plasma
0.0,0.75140380859375,0.0,0.0,0.225717342601103,0.011190417315810918,0.0,0.7322811351102941,0.7168490540747549,0.8737177830116422,F:\BUET plasma\PCMMD_LOCAL\set1\plasma\1692243677973_p_1.jpg,1,plasma
0.0,0.61322021484375,0.0,0.0,0.18549054713031043,0.012221312608569861,0.0,0.7643126244638481,0.7640593884037991,0.9151563457414216,F:\BUET plasma\PCMMD_LOCAL\set1\plasma\1692243677981_p_0.jpg,1,plasma
0.0,0.69342041015625,0.0,0.0,0.24076597924325982,0.008751704156398773,0.0,0.7250595990349264,0.7152966069240196,0.8373458563112746,F:\BUET plasma\PCMMD_LOCAL\set1\plasma\1692243677988_p_0.jpg,1,plasma
0.0,0.7034912109375,0.0,0.0,0.2673088522518382,0.01838262748345733,0.0,0.6984889610140932,0.6543014227175246,0.8452830595128676,F:\BUET plasma\PCMMD_LOCAL\set1\plasma\1692243677995_p_0.jpg,1,plasma
0.0,0.65399169921875,0.0,0.0,0.22313575495302296,0.020627540811896324,0.0,0.7082653569240196,0.7047178979013481,0.9176094803155638,F:\BUET plasma\PCMMD_LOCAL\set1\plasma\1692243677995_p_1.jpg,1,plasma
0.0,0.6220703125,0.0,0.0,0.18681401271446074,0.010344124540686608,0.0,0.7540824142156862,0.7517041973039216,0.9337713503370098,F:\BUET plasma\PCMMD_LOCAL\set1\plasma\1692243678004_p_0.jpg,1,plasma
0.0,0.681640625,0.0,0.0,0.19985854204963238,0.012698855862021446,0.0,0.7466373219209559,0.7423090916053922,0.9114779603247549,F:\BUET plasma\PCMMD_LOCAL\set1\plasma\1692243678004_p_1.jpg,1,plasma
0.0,0.6295166015625,0.0,0.0,0.2092827690972222,0.011900120344012976,0.0,0.7514157762714461,0.7472529392616422,0.8734829771752451,F:\BUET plasma\PCMMD_LOCAL\set1\plasma\1692243678004_p_2.jpg,1,plasma
0.0,0.77490234375,0.0,0.0,0.25375793058108664,0.012186589658260345,0.0,0.6961947571997549,0.6809213675704657,0.8616100834865196,F:\BUET plasma\PCMMD_LOCAL\set1\plasma\1692243678004_p_3.jpg,1,plasma
0.0,0.67047119140625,0.0,0.0,0.19185727188010626,0.011346149172633886,0.0,0.7593924728094362,0.7348857804840686,0.9301499310661765,F:\BUET plasma\PCMMD_LOCAL\set1\plasma\1692243678020_p_0.jpg,1,plasma
0.0,0.8026123046875,0.0,0.0,0.2514439402062908,0.008123022940009833,0.0,0.7056614296109068,0.7014033298866421,0.8386034198835784,F:\BUET plasma\PCMMD_LOCAL\set1\plasma\1692243678020_p_1.jpg,1,plasma
0.0,0.823486328125,0.0,0.0,0.2645898756638072,0.007051330532878638,0.0,0.6810903511795343,0.6780074774050245,0.8471325444240196,F:\BUET plasma\PCMMD_LOCAL\set1\plasma\1692243678020_p_2.jpg,1,plasma
0.0,0.73345947265625,0.0,0.0,0.2163870219311682,0.01638183790072799,0.0,0.7128973268995098,0.6932825425091912,0.9446590647977942,F:\BUET plasma\PCMMD_LOCAL\set1\plasma\1692243678027_p_0.jpg,1,plasma
0.0,0.70257568359375,0.0,0.0,0.24971038219975494,0.010674792613834142,0.0,0.6770984126072304,0.6790065391390931,0.8947639016544118,F:\BUET plasma\PCMMD_LOCAL\set1\plasma\1692243678027_p_1.jpg,1,plasma
0.0,0.71087646484375,0.0,0.0,0.26107855902777777,0.01216981016099453,0.0,0.6846854415594362,0.6705829695159313,0.861495911841299,F:\BUET plasma\PCMMD_LOCAL\set1\plasma\1692243678027_p_2.jpg,1,plasma
0.0,0.7142333984375,0.0,0.0,0.27273890676062096,0.022986422326415776,0.0,0.6591349283854167,0.660555970435049,0.8620923808976716,F:\BUET plasma\PCMMD_LOCAL\set1\plasma\1692243678037_p_0.jpg,1,plasma
0.0,0.7320556640625,0.0,0.0,0.27099912556168293,0.013595747411251068,0.0,0.6639512005974265,0.6455616670496324,0.8774897556678921,F:\BUET plasma\PCMMD_LOCAL\set1\plasma\1692243678043_p_0.jpg,1,plasma
0.0,0.6790771484375,0.0,0.0,0.24065627553104574,0.01188473328575492,0.0,0.6897405886182598,0.7084341011795343,0.8798564836090687,F:\BUET plasma\PCMMD_LOCAL\set1\plasma\1692243678043_p_1.jpg,1,plasma
0.0,0.7470703125,0.0,0.0,0.2623007780586193,0.016816240176558493,0.0,0.6516515395220588,0.6766218596813726,0.8848242666207108,F:\BUET plasma\PCMMD_LOCAL\set1\plasma\1692243678054_p_0.jpg,1,plasma
0.0,0.62811279296875,0.0,0.0,0.17652420343137254,0.0230201801918447,0.0,0.7752192478553922,0.7464202282475491,0.9487879136029411,F:\BUET plasma\PCMMD_LOCAL\set1\plasma\1692243678085_p_0.jpg,1,plasma
0.0,0.74749755859375,0.0,0.0,0.29710621553308825,0.03098567432165146,0.0,0.6407035079656863,0.6256519990808823,0.8423258463541666,F:\BUET plasma\PCMMD_LOCAL\set1\plasma\1692243678085_p_1.jpg,1,plasma
0.0,0.76983642578125,0.0,0.0,0.2761013454861111,0.01790312705934048,0.0,0.65810546875,0.6378389246323529,0.8757515701593137,F:\BUET plasma\PCMMD_LOCAL\set1\plasma\1692243678085_p_2.jpg,1,plasma
0.0,0.68359375,0.0,0.0,0.2168587877859477,0.01326550716161728,0.0,0.7507551604626226,0.7297001857383578,0.8689682904411765,F:\BUET plasma\PCMMD_LOCAL\set1\plasma\1692243678092_p_0.jpg,1,plasma
0.0,0.71923828125,0.0,0.0,0.23650827844158495,0.015795152720063925,0.0,0.7155067593443627,0.7249983245251226,0.8499700808057598,F:\BUET plasma\PCMMD_LOCAL\set1\plasma\1692243678092_p_1.jpg,1,plasma
0.0,0.74542236328125,0.0,0.0,0.26472734438827605,0.010831405401229859,0.0,0.6792444565716912,0.6579139859068628,0.8686595243566176,F:\BUET plasma\PCMMD_LOCAL\set1\plasma\1692243678092_p_2.jpg,1,plasma
0.0,0.734130859375,0.0,0.0,0.2662622389450572,0.007434203144162893,0.0,0.6727290134803922,0.6649397307751226,0.8635445389093137,F:\BUET plasma\PCMMD_LOCAL\set1\plasma\1692243678092_p_3.jpg,1,plasma
0.0,0.70294189453125,0.0,0.0,0.20982275071486922,0.01125578549131751,0.0,0.7327854530484068,0.7383250517003677,0.8994212431066176,F:\BUET plasma\PCMMD_LOCAL\set1\plasma\1692243678100_p_0.jpg,1,plasma
0.0,0.70654296875,0.0,0.0,0.2336634018841912,0.009545441567897796,0.0,0.7281845990349265,0.7349279067095589,0.8358972886029412,F:\BUET plasma\PCMMD_LOCAL\set1\plasma\1692243678100_p_1.jpg,1,plasma
0.0,0.76763916015625,0.0,0.0,0.26556436376633985,0.008733262777328492,0.0,0.6665972541360294,0.6601911956188725,0.8765184589460784,F:\BUET plasma\PCMMD_LOCAL\set1\plasma\1692243678100_p_2.jpg,1,plasma
0.0,0.71820068359375,0.0,0.0,0.25427692887050646,0.008066170152276755,0.0,0.6710240981158089,0.685177552466299,0.8809675628063726,F:\BUET plasma\PCMMD_LOCAL\set1\plasma\1692243678100_p_3.jpg,1,plasma
0.0,0.554443359375,0.0,0.0,0.17656417547487746,0.020929587364196776,0.0,0.7801796109068627,0.7589410520067402,0.9311868106617647,F:\BUET plasma\PCMMD_LOCAL\set1\plasma\1692243678100_p_4.jpg,1,plasma
0.0,0.60321044921875,0.0,0.0,0.18847608379289216,0.026310899674892425,0.0,0.7483525294883578,0.7559740253523284,0.9302451937806373,F:\BUET plasma\PCMMD_LOCAL\set1\plasma\1692243678105_p_0.jpg,1,plasma
0.0,0.63177490234375,0.0,0.0,0.213449276194853,0.024188903715461493,0.0,0.72254638671875,0.7445688285079657,0.8925369561887255,F:\BUET plasma\PCMMD_LOCAL\set1\plasma\1692243678105_p_1.jpg,1,plasma
0.0,0.693603515625,0.0,0.0,0.2554716222426471,0.01834318672120571,0.0,0.6898703182444853,0.6778167126225491,0.8658981024050245,F:\BUET plasma\PCMMD_LOCAL\set1\plasma\1692243678105_p_2.jpg,1,plasma
0.0,0.65484619140625,0.0,0.0,0.23411538117851316,0.010465012893080711,0.0,0.7159174900428922,0.6983798157935049,0.8833565506280637,F:\BUET plasma\PCMMD_LOCAL\set1\plasma\1692243678105_p_3.jpg,1,plasma
0.0,0.718017578125,0.0,0.0,0.25283490349264703,0.013828793700784445,0.0,0.6885562672334559,0.679513729319853,0.87342529296875,F:\BUET plasma\PCMMD_LOCAL\set1\plasma\1692243678105_p_4.jpg,1,plasma
0.0,0.76800537109375,0.0,0.0,0.28212842754289214,0.012064136948436499,0.0,0.656875670189951,0.6338733149509804,0.8628657322303922,F:\BUET plasma\PCMMD_LOCAL\set1\plasma\1692243678105_p_5.jpg,1,plasma
0.0,0.783447265625,0.0,0.0,0.28304315704146243,0.02110710322484374,0.0,0.6483618642769607,0.6390660903033089,0.8634425742953431,F:\BUET plasma\PCMMD_LOCAL\set1\plasma\1692243678105_p_6.jpg,1,plasma
0.0,0.6793212890625,0.0,0.0,0.2207566604115604,0.01464573572576046,0.0,0.7365062040441176,0.7332871380974265,0.8679366766237745,F:\BUET plasma\PCMMD_LOCAL\set1\plasma\1692243678105_p_7.jpg,1,plasma
0.0,0.68035888671875,0.0,0.0,0.20195551853553917,0.01007151697576046,0.0,0.7411539713541667,0.7307337143841912,0.9222457586550246,F:\BUET plasma\PCMMD_LOCAL\set1\plasma\1692243678105_p_8.jpg,1,plasma
0.0,0.74334716796875,0.0,0.0,0.24089610779207515,0.03946568426117301,0.0,0.6892168830422795,0.6639935661764705,0.9241012274050245,F:\BUET plasma\PCMMD_LOCAL\set1\plasma\1692243678111_p_0.jpg,1,plasma
0.0,0.670166015625,0.0,0.0,0.2195417815563725,0.01159521484375,0.0,0.7464604396446078,0.7290809780943628,0.8658332375919118,F:\BUET plasma\PCMMD_LOCAL\set1\plasma\1692243678111_p_1.jpg,1,plasma
0.0,0.77618408203125,0.0,0.0,0.2427953782424428,0.024322492357343434,0.0,0.6696143056832108,0.6519083658854167,0.9500911937040442,F:\BUET plasma\PCMMD_LOCAL\set1\plasma\1692243678111_p_2.jpg,1,plasma
0.0,0.71881103515625,0.0,0.0,0.25781617008782687,0.026180091962218283,0.0,0.6897468118106618,0.6799129710477941,0.8568917068780637,F:\BUET plasma\PCMMD_LOCAL\set1\plasma\1692243678117_p_0.jpg,1,plasma
0.0,0.74322509765625,0.0,0.0,0.2810009127348857,0.034266332533210514,0.0,0.662451171875,0.6275929170496324,0.8669531728707108,F:\BUET plasma\PCMMD_LOCAL\set1\plasma\1692243678117_p_1.jpg,1,plasma
0.0,0.79486083984375,0.0,0.0,0.2853007397620506,0.015663474187254906,0.0,0.6423124425551471,0.6593733245251225,0.8424120136335784,F:\BUET plasma\PCMMD_LOCAL\set1\plasma\1692243678117_p_2.jpg,1,plasma
0.0,0.73345947265625,0.0,0.0,0.24004472720077608,0.01822446816787124,0.0,0.6916563744638481,0.6554682712928922,0.9327411726409314,F:\BUET plasma\PCMMD_LOCAL\set1\plasma\1692243678125_p_0.jpg,1,plasma
0.0,0.7021484375,0.0,0.0,0.2211388282526553,0.017673917379230263,0.0,0.7180800494025735,0.6780586990655637,0.9404447667738971,F:\BUET plasma\PCMMD_LOCAL\set1\plasma\1692243678125_p_1.jpg,1,plasma
0.0,0.73809814453125,0.0,0.0,0.27554843877655233,0.029049228485673664,0.0,0.6843572878370098,0.6291743259803921,0.8598230698529412,F:\BUET plasma\PCMMD_LOCAL\set1\plasma\1692243678133_p_0.jpg,1,plasma
0.0,0.71502685546875,0.0,0.0,0.24498402713950163,0.014224307503551244,0.0,0.6756168141084559,0.6848793179381127,0.9045517865349265,F:\BUET plasma\PCMMD_LOCAL\set1\plasma\1692243678133_p_1.jpg,1,plasma
0.0,0.6871337890625,0.0,0.0,0.21965738932291667,0.012854931082576513,0.0,0.7393140605851716,0.698763978247549,0.9029497931985294,F:\BUET plasma\PCMMD_LOCAL\set1\plasma\1692243678149_p_0.jpg,1,plasma
0.0,0.8868408203125,0.0,0.0,0.29598843443627454,0.019548419892787935,0.0,0.6774043064491422,0.6310683306525735,0.8035620595894608,F:\BUET plasma\PCMMD_LOCAL\set1\plasma\1692243678155_p_0.jpg,1,plasma
0.0,0.63427734375,0.0,0.0,0.18827103758169939,0.0211897626966238,0.0,0.7691360772824755,0.7437533509497549,0.9222974590226716,F:\BUET plasma\PCMMD_LOCAL\set1\plasma\1692243678155_p_1.jpg,1,plasma
0.0,0.76220703125,0.0,0.0,0.2151932859732435,0.015237768914550543,0.0,0.742276060814951,0.6687504787071078,0.9433936025582108,F:\BUET plasma\PCMMD_LOCAL\set1\plasma\1692243678162_p_0.jpg,1,plasma
0.0,0.8487548828125,0.0,0.0,0.28171195235906865,0.010102155562490224,0.0,0.6975152707567402,0.6296863032322304,0.8276625689338235,F:\BUET plasma\PCMMD_LOCAL\set1\plasma\1692243678169_p_0.jpg,1,plasma
0.0008544921875,0.74053955078125,0.001153877853787192,0.001153212648397799,0.2576886744281045,0.020970773681998255,0.3817974723079914,0.7127465341605392,0.6935817344515931,0.8206057081035539,F:\BUET plasma\PCMMD_LOCAL\set1\plasma\1692243678169_p_1.jpg,1,plasma
0.0,0.71875,0.0,0.0,0.26688703150531046,0.01774118135869503,0.0,0.7060290766697304,0.6446741440716912,0.8486356847426471,F:\BUET plasma\PCMMD_LOCAL\set1\plasma\1692243678169_p_2.jpg,1,plasma
0.0,0.80682373046875,0.0,0.0,0.3478225209354575,0.014528550088405609,0.0,0.5884298885569853,0.554751646752451,0.8133509018841911,F:\BUET plasma\PCMMD_LOCAL\set1\plasma\1692243678179_p_0.jpg,1,plasma
0.0,0.7803955078125,0.0,0.0,0.3465515535641339,0.014571793135255575,0.0,0.5940331552542892,0.5429019703584559,0.8234102136948529,F:\BUET plasma\PCMMD_LOCAL\set1\plasma\1692243678179_p_1.jpg,1,plasma
0.0,0.81011962890625,0.0,0.0,0.29839553334354574,0.01721456669270992,0.0,0.648010014552696,0.6112465054381128,0.8455568799785539,F:\BUET plasma\PCMMD_LOCAL\set1\plasma\1692243678186_p_0.jpg,1,plasma
0.0,0.78375244140625,0.0,0.0,0.3117242551317402,0.026417696461081504,0.0,0.6032470703125,0.5782403684129902,0.8833397958792892,F:\BUET plasma\PCMMD_LOCAL\set1\plasma\1692243678195_p_0.jpg,1,plasma
0.0,0.84881591796875,0.0,0.0,0.302298113255719,0.01373402127251029,0.0,0.6670481962316176,0.6108970492493873,0.8151604147518382,F:\BUET plasma\PCMMD_LOCAL\set1\plasma\1692243678203_p_0.jpg,1,plasma
0.0,0.770263671875,0.0,0.0,0.316336039624183,0.0145821354649961,0.0,0.6536130418964461,0.5850942574295344,0.8122845818014706,F:\BUET plasma\PCMMD_LOCAL\set1\plasma\1692243678211_p_0.jpg,1,plasma
0.0,0.660888671875,0.0,0.0,0.267822504978554,0.011199059426784515,0.0,0.7046719420189951,0.6562849456188725,0.8355755974264706,F:\BUET plasma\PCMMD_LOCAL\set1\plasma\1692243678218_p_0.jpg,1,plasma
0.0,0.64849853515625,0.0,0.0,0.21532102098651962,0.016812632884830238,0.0,0.7685072954963236,0.7412023207720588,0.8443273207720589,F:\BUET plasma\PCMMD_LOCAL\set1\plasma\1692243678226_p_0.jpg,1,plasma
0.0,0.80596923828125,0.0,0.0,0.26371559691584967,0.019776129350066184,0.0,0.7247166053921569,0.6744815602022058,0.8096550436580883,F:\BUET plasma\PCMMD_LOCAL\set1\plasma\1692243678242_p_0.jpg,1,plasma
0.0,0.7877197265625,0.0,0.0,0.2572658164828432,0.01759468721970916,0.0,0.7063703948376225,0.6761833639705882,0.8456487917432598,F:\BUET plasma\PCMMD_LOCAL\set1\plasma\1692243678251_p_0.jpg,1,plasma
0.0,0.714599609375,0.0,0.0,0.23314456316380727,0.022666136741638185,0.0,0.7448835784313725,0.6978726256127451,0.8578101064644608,F:\BUET plasma\PCMMD_LOCAL\set1\plasma\1692243678251_p_1.jpg,1,plasma
0.0,0.7430419921875,0.0,0.0,0.2512448778339461,0.021984783589839935,0.0,0.7033346737132353,0.6611308976715686,0.8817997951133578,F:\BUET plasma\PCMMD_LOCAL\set1\plasma\1692243678261_p_0.jpg,1,plasma
0.0,0.73284912109375,0.0,0.0,0.28372595294628267,0.030853111490607262,0.0,0.6781903435202206,0.6432387408088235,0.8273930568321078,F:\BUET plasma\PCMMD_LOCAL\set1\plasma\1692243678269_p_0.jpg,1,plasma
0.0,0.77325439453125,0.0,0.0,0.2690420113357843,0.00999426543340087,0.0,0.6588539273131128,0.6206535788143382,0.913366459865196,F:\BUET plasma\PCMMD_LOCAL\set1\plasma\1692243678269_p_1.jpg,1,plasma
0.0,0.71234130859375,0.0,0.0,0.2695615681168301,0.024447866201400756,0.0,0.6795350317861519,0.6609827378216911,0.8507975260416667,F:\BUET plasma\PCMMD_LOCAL\set1\plasma\1692243678278_p_0.jpg,1,plasma
0.0,0.640869140625,0.0,0.0,0.24714786305147063,0.013658192809671163,0.0,0.719967591528799,0.669869935278799,0.8687188840379902,F:\BUET plasma\PCMMD_LOCAL\set1\plasma\1692243678278_p_1.jpg,1,plasma
0.0,0.733642578125,0.0,0.0,0.29183780445772056,0.01952119406685233,0.0,0.646701229319853,0.6366833256740196,0.8411020316329657,F:\BUET plasma\PCMMD_LOCAL\set1\plasma\1692243678285_p_0.jpg,1,plasma
0.0,0.77362060546875,0.0,0.0,0.2694919162326389,0.02292111013829708,0.0,0.6805699965533089,0.6397025314031862,0.8712517233455882,F:\BUET plasma\PCMMD_LOCAL\set1\plasma\1692243678317_p_0.jpg,1,plasma
0.0,0.738037109375,0.0,0.0,0.2866804534313725,0.01316762924194336,0.0,0.6688210880055147,0.6241713579963235,0.8469661937040441,F:\BUET plasma\PCMMD_LOCAL\set1\plasma\1692243678317_p_1.jpg,1,plasma
0.0,0.70501708984375,0.0,0.0,0.2764081967422386,0.01601812992990017,0.0,0.6891773897058824,0.6445317287071078,0.8370662913602941,F:\BUET plasma\PCMMD_LOCAL\set1\plasma\1692243678317_p_2.jpg,1,plasma
0.0,0.73785400390625,0.0,0.0,0.29979423572814545,0.01420695674046874,0.0,0.6484161975337009,0.6330511354932598,0.8191499597886029,F:\BUET plasma\PCMMD_LOCAL\set1\plasma\1692243678317_p_3.jpg,1,plasma
0.0,0.75469970703125,0.0,0.0,0.22596579159007357,0.016594020307064056,0.0,0.736059330958946,0.6966397154564951,0.8894035788143382,F:\BUET plasma\PCMMD_LOCAL\set1\plasma\1692243678325_p_0.jpg,1,plasma
0.0,0.7158203125,0.0,0.0,0.2619161368974673,0.012616851415485143,0.0,0.7041010837928922,0.673983704810049,0.8361668007046569,F:\BUET plasma\PCMMD_LOCAL\set1\plasma\1692243678325_p_1.jpg,1,plasma
0.0,0.641357421875,0.0,0.0,0.21325476154003276,0.013410105168819427,0.0,0.7549412147671568,0.6965624042585784,0.9087320963541666,F:\BUET plasma\PCMMD_LOCAL\set1\plasma\1692243678334_p_0.jpg,1,plasma
0.0,0.6998291015625,0.0,0.0,0.2761984432444853,0.0382182986587286,0.0,0.6810968137254902,0.6426788928462009,0.847628963694853,F:\BUET plasma\PCMMD_LOCAL\set1\plasma\1692243678334_p_1.jpg,1,plasma
0.0,0.83538818359375,0.0,0.0,0.2952034345639297,0.013146652087569237,0.0,0.6317325367647059,0.6082813936121324,0.8743757659313726,F:\BUET plasma\PCMMD_LOCAL\set1\plasma\1692243678343_p_0.jpg,1,plasma
0.0,0.77490234375,0.0,0.0,0.29033562155330883,0.011691746175289154,0.0,0.656817507276348,0.644469975490196,0.8277056525735295,F:\BUET plasma\PCMMD_LOCAL\set1\plasma\1692243678352_p_0.jpg,1,plasma
0.0,0.8927001953125,0.0,0.0,0.3450950871885212,0.027382948156446218,0.0,0.608301020603554,0.579745423560049,0.7766682942708333,F:\BUET plasma\PCMMD_LOCAL\set1\plasma\1692243678362_p_0.jpg,1,plasma
0.01068115234375,0.707275390625,0.015101829478771143,0.014988932071200313,0.24566961550245103,0.04644792782887817,0.19592112059470895,0.7133001589307598,0.7211308498008578,0.8285601447610295,F:\BUET plasma\PCMMD_LOCAL\set1\plasma\1692243678371_p_0.jpg,1,plasma
0.0,0.7708740234375,0.0,0.0,0.23497545828227118,0.040155495584011075,0.0,0.7639689127604167,0.7250136431525736,0.806091069240196,F:\BUET plasma\PCMMD_LOCAL\set1\plasma\1692243678381_p_0.jpg,1,plasma
0.0,0.760009765625,0.0,0.0,0.2369468539368873,0.016970408346503974,0.0,0.756173646216299,0.7024966969209558,0.8304890950520833,F:\BUET plasma\PCMMD_LOCAL\set1\plasma\1692243678381_p_1.jpg,1,plasma
0.0,0.73553466796875,0.0,0.0,0.25118759255004086,0.014152240380644799,0.0,0.750332701439951,0.6756658815870098,0.8204386393229167,F:\BUET plasma\PCMMD_LOCAL\set1\plasma\1692243678381_p_2.jpg,1,plasma
0.0,0.68218994140625,0.0,0.0,0.21221644582312094,0.014469316508620978,0.0,0.7595858704810049,0.7337076822916667,0.8700571097579657,F:\BUET plasma\PCMMD_LOCAL\set1\plasma\1692243678381_p_3.jpg,1,plasma
0.0,0.74554443359375,0.0,0.0,0.2654358309078839,0.030415112044662237,0.0,0.7112311868106618,0.6672674440870098,0.8251938763786765,F:\BUET plasma\PCMMD_LOCAL\set1\plasma\1692243678390_p_1.jpg,1,plasma
0.0,0.74810791015625,0.0,0.0,0.26660379646650334,0.013566304620355367,0.0,0.7145802217371323,0.677734375,0.8078740138633579,F:\BUET plasma\PCMMD_LOCAL\set1\plasma\1692243678398_p_0.jpg,1,plasma
0.0,0.7451171875,0.0,0.0,0.23826313891441997,0.022575899478048087,0.0,0.7533971449908088,0.7159050436580883,0.8159083946078431,F:\BUET plasma\PCMMD_LOCAL\set1\plasma\1692243678408_p_0.jpg,1,plasma
0.0,0.72119140625,0.0,0.0,0.25764997893688724,0.028469038601964713,0.0,0.7272420247395833,0.6947938208486519,0.8050142176011029,F:\BUET plasma\PCMMD_LOCAL\set1\plasma\1692243678428_p_0.jpg,1,plasma
0.0,0.79833984375,0.0,0.0,0.26213642195159315,0.022102798338979483,0.0,0.7046362783394607,0.6865279852175246,0.8224264705882353,F:\BUET plasma\PCMMD_LOCAL\set1\plasma\1692243678439_p_0.jpg,1,plasma
0.0,0.83367919921875,0.0,0.0,0.2663618100234886,0.017351852282881736,0.0,0.7012001187193627,0.6746254116881127,0.8250890395220588,F:\BUET plasma\PCMMD_LOCAL\set1\plasma\1692243678439_p_1.jpg,1,plasma
0.0,0.74224853515625,0.0,0.0,0.25548765893075975,0.029416514810174703,0.0,0.7225198184742647,0.6950831992953431,0.8159340054381128,F:\BUET plasma\PCMMD_LOCAL\set1\plasma\1692243678448_p_0.jpg,1,plasma
0.0,0.81829833984375,0.0,0.0,0.3095074422998366,0.01606094753369689,0.0,0.6599958831188726,0.6061884861366421,0.8052933038449754,F:\BUET plasma\PCMMD_LOCAL\set1\plasma\1692243678448_p_1.jpg,1,plasma
0.0,0.8424072265625,0.0,0.0,0.31187161713643785,0.013724693402647972,0.0,0.6580073337928921,0.6074802772671568,0.7988975375306373,F:\BUET plasma\PCMMD_LOCAL\set1\plasma\1692243678459_p_0.jpg,1,plasma
0.0,0.63006591796875,0.0,0.0,0.24910848779616013,0.026763662572950125,0.0,0.726727175245098,0.6823622759650735,0.843585085401348,F:\BUET plasma\PCMMD_LOCAL\set1\plasma\1692243678459_p_1.jpg,1,plasma
0.0,0.702392578125,0.0,0.0,0.24829141454758985,0.03699498399719596,0.0,0.6904229856004902,0.6584908279718137,0.9062119427849264,F:\BUET plasma\PCMMD_LOCAL\set1\plasma\1692243678459_p_2.jpg,1,plasma
0.0,0.73516845703125,0.0,0.0,0.2714373819189133,0.013218608405441045,0.0,0.7062964345894608,0.6457955154718137,0.8335959041819853,F:\BUET plasma\PCMMD_LOCAL\set1\plasma\1692243678469_p_0.jpg,1,plasma
0.0,0.722900390625,0.0,0.0,0.27233583537581707,0.019867775078862907,0.0,0.6846318263633578,0.6599271886488971,0.8384334788602941,F:\BUET plasma\PCMMD_LOCAL\set1\plasma\1692243678469_p_1.jpg,1,plasma
0.0,0.698974609375,0.0,0.0,0.25352272582209967,0.019965229019522666,0.0,0.6652714748008578,0.6552128810508578,0.9189474666819853,F:\BUET plasma\PCMMD_LOCAL\set1\plasma\1692243678482_p_0.jpg,1,plasma
0.0,0.8602294921875,0.0,0.0,0.32917576210171573,0.015023433472961187,0.0,0.6316133386948529,0.5803756414675245,0.8004837335324755,F:\BUET plasma\PCMMD_LOCAL\set1\plasma\1692243678482_p_1.jpg,1,plasma
0.0,0.77880859375,0.0,0.0,0.305191020092933,0.009685654580593108,0.0,0.6851148418351716,0.6068110447303922,0.7925010531556372,F:\BUET plasma\PCMMD_LOCAL\set1\plasma\1692243678482_p_2.jpg,1,plasma
0.0,0.82830810546875,0.0,0.0,0.30118783190359477,0.01452591460570693,0.0,0.632760560278799,0.6001792758118872,0.8634966681985294,F:\BUET plasma\PCMMD_LOCAL\set1\plasma\1692243678482_p_3.jpg,1,plasma
0.0,0.8326416015625,0.0,0.0,0.3325154622395833,0.046318492352962495,0.0,0.6221356560202206,0.5850399241727942,0.7952780330882353,F:\BUET plasma\PCMMD_LOCAL\set1\plasma\1692243678495_p_0.jpg,1,plasma
0.0,0.694091796875,0.0,0.0,0.26865210439644605,0.01872879022359848,0.0,0.698520076976103,0.6634839824601716,0.8320396273743873,F:\BUET plasma\PCMMD_LOCAL\set1\plasma\1692243678495_p_1.jpg,1,plasma
0.0,0.76287841796875,0.0,0.0,0.30507022633272063,0.02937858486175537,0.0,0.6313849954044117,0.6302143171721813,0.8231900084252451,F:\BUET plasma\PCMMD_LOCAL\set1\plasma\1692243678495_p_2.jpg,1,plasma
0.0,0.83843994140625,0.0,0.0,0.3317308612898284,0.04029820846021175,0.0,0.6316221947763481,0.5754928289675245,0.7976923923866421,F:\BUET plasma\PCMMD_LOCAL\set1\plasma\1692243678495_p_3.jpg,1,plasma
0.0,0.74603271484375,0.0,0.0,0.2758654226664624,0.03591098078712821,0.0,0.6379569259344363,0.6206016390931373,0.9138451669730392,F:\BUET plasma\PCMMD_LOCAL\set1\plasma\1692243678506_p_0.jpg,1,plasma
0.0,0.78314208984375,0.0,0.0,0.301043661279616,0.02499457099661231,0.0,0.6445456112132353,0.6166056315104167,0.8357177734375,F:\BUET plasma\PCMMD_LOCAL\set1\plasma\1692243678506_p_1.jpg,1,plasma
0.0,0.74334716796875,0.0,0.0,0.29198508667790035,0.03820020335912704,0.0,0.6650931564031862,0.6340997434129902,0.8248518401501226,F:\BUET plasma\PCMMD_LOCAL\set1\plasma\1692243678506_p_2.jpg,1,plasma
0.0,0.67987060546875,0.0,0.0,0.2875524184283088,0.030301289316266775,0.0,0.6773202933517157,0.6417928059895833,0.8182296453737745,F:\BUET plasma\PCMMD_LOCAL\set1\plasma\1692243678517_p_0.jpg,1,plasma
0.0,0.851318359375,0.0,0.0,0.32966045304840685,0.014151780154556036,0.0,0.607232546338848,0.612136900658701,0.7916491938572304,F:\BUET plasma\PCMMD_LOCAL\set1\plasma\1692243678517_p_1.jpg,1,plasma
0.0,0.64520263671875,0.0,0.0,0.23149653416053917,0.024105862721800805,0.0,0.7067928538602941,0.6855782303155638,0.9131393133425245,F:\BUET plasma\PCMMD_LOCAL\set1\plasma\1692243678517_p_2.jpg,1,plasma
0.0,0.80523681640625,0.0,0.0,0.309842058568219,0.02484734293445945,0.0,0.6527496936274509,0.6152477787990196,0.8024763518688726,F:\BUET plasma\PCMMD_LOCAL\set1\plasma\1692243678530_p_0.jpg,1,plasma
0.0,0.78485107421875,0.0,0.0,0.3268438999948937,0.010186882957816125,0.0,0.638854741115196,0.5959764667585784,0.7846370921415441,F:\BUET plasma\PCMMD_LOCAL\set1\plasma\1692243678541_p_0.jpg,1,plasma
0.0,0.73370361328125,0.0,0.0,0.3264838324652778,0.010299948081374168,0.0,0.6430520450367647,0.5751917221966911,0.8023047353707108,F:\BUET plasma\PCMMD_LOCAL\set1\plasma\1692243678550_p_0.jpg,1,plasma
0.0,0.70379638671875,0.0,0.0,0.25886405994689543,0.014416858896613122,0.0,0.6967354568780637,0.6329293045343137,0.8937430587469363,F:\BUET plasma\PCMMD_LOCAL\set1\plasma\1692243678550_p_1.jpg,1,plasma
0.0089111328125,0.71466064453125,0.012469040908702708,0.012391942650781198,0.24644775390624996,0.04015484484657645,0.24148396498024047,0.7195805568321079,0.6333749808517157,0.9077012005974264,F:\BUET plasma\PCMMD_LOCAL\set1\plasma\1692243678562_p_0.jpg,1,plasma
0.0,0.75689697265625,0.0,0.0,0.3266850490196078,0.016133089289069175,0.0,0.6246656230851716,0.5908696193321078,0.804409610523897,F:\BUET plasma\PCMMD_LOCAL\set1\plasma\1692243678562_p_1.jpg,1,plasma
0.0,0.75836181640625,0.0,0.0,0.28951503778594767,0.01825792670249939,0.0,0.6750236960018382,0.6268485274969363,0.8295826631433824,F:\BUET plasma\PCMMD_LOCAL\set1\plasma\1692243678574_p_0.jpg,1,plasma
0.0,0.709716796875,0.0,0.0,0.2614685457516339,0.010225329861044883,0.0,0.7224791283700981,0.6532374961703431,0.8398777382046568,F:\BUET plasma\PCMMD_LOCAL\set1\plasma\1692243678574_p_1.jpg,1,plasma
0.0,0.82147216796875,0.0,0.0,0.3028036279616013,0.018127796825021504,0.0,0.6790843290441176,0.6113130457261029,0.8011917413449755,F:\BUET plasma\PCMMD_LOCAL\set1\plasma\1692243678583_p_0.jpg,1,plasma
0.0,0.804443359375,0.0,0.0,0.3262505425347222,0.014160144194960594,0.0,0.6482409907322304,0.5762271656709559,0.796780215992647,F:\BUET plasma\PCMMD_LOCAL\set1\plasma\1692243678591_p_0.jpg,1,plasma
0.0,0.76641845703125,0.0,0.0,0.21621476715686272,0.020528009708970785,0.0,0.7570994657628677,0.7010888193167892,0.8931674134497549,F:\BUET plasma\PCMMD_LOCAL\set1\plasma\1692243678601_p_0.jpg,1,plasma
0.0,0.76129150390625,0.0,0.0,0.2720145431219363,0.0173037994466722,0.0,0.6837605794270833,0.6226832969515932,0.8775124942555147,F:\BUET plasma\PCMMD_LOCAL\set1\plasma\1692243678601_p_1.jpg,1,plasma
0.0,0.65570068359375,0.0,0.0,0.2005555395986519,0.031770173653960225,0.0,0.765896426930147,0.7372259401807598,0.8952110140931373,F:\BUET plasma\PCMMD_LOCAL\set1\plasma\1692243678610_p_0.jpg,1,plasma
0.0,0.94482421875,0.0,0.0,0.2893000185100082,0.014675433874130249,0.0,0.6571820427389706,0.6044881184895833,0.8704297832414216,F:\BUET plasma\PCMMD_LOCAL\set1\plasma\1692243678610_p_1.jpg,1,plasma
0.0,0.88427734375,0.0,0.0,0.3502221998825572,0.01251502576097846,0.0,0.5801937327665441,0.5602960324754902,0.8088436351102941,F:\BUET plasma\PCMMD_LOCAL\set1\plasma\1692243678610_p_10.jpg,1,plasma
0.0,0.88494873046875,0.0,0.0,0.30788271037581705,0.020795666720718146,0.0,0.6337636910232843,0.5966962028952206,0.8458919749540441,F:\BUET plasma\PCMMD_LOCAL\set1\plasma\1692243678610_p_11.jpg,1,plasma
0.0,0.98382568359375,0.0,0.0,0.3218910366881127,0.016560884937644006,0.0,0.621435307521446,0.5774062212775736,0.8354853611366422,F:\BUET plasma\PCMMD_LOCAL\set1\plasma\1692243678610_p_12.jpg,1,plasma
0.0,0.95855712890625,0.0,0.0,0.35539223664726316,0.00786330520734191,0.0,0.5687940410539216,0.5394507314644608,0.8255785175398285,F:\BUET plasma\PCMMD_LOCAL\set1\plasma\1692243678610_p_13.jpg,1,plasma
0.0,0.77008056640625,0.0,0.0,0.2476596807342729,0.027358295664191245,0.0,0.731836176853554,0.701113951439951,0.8240708295036765,F:\BUET plasma\PCMMD_LOCAL\set1\plasma\1692243678610_p_14.jpg,1,plasma
0.0,0.9423828125,0.0,0.0,0.32709522122651136,0.010895957335829735,0.0,0.6229178634344362,0.5881048464307598,0.8076916264552696,F:\BUET plasma\PCMMD_LOCAL\set1\plasma\1692243678610_p_15.jpg,1,plasma
0.0,0.96038818359375,0.0,0.0,0.3423460318372141,0.019364232763648032,0.0,0.5989478017769608,0.5711480832567402,0.8028660194546569,F:\BUET plasma\PCMMD_LOCAL\set1\plasma\1692243678610_p_16.jpg,1,plasma
0.0,0.909912109375,0.0,0.0,0.3278547698376225,0.0383933542817831,0.0,0.6225456686580882,0.5835767558976716,0.8103132659313725,F:\BUET plasma\PCMMD_LOCAL\set1\plasma\1692243678610_p_17.jpg,1,plasma
0.0,0.9832763671875,0.0,0.0,0.3458176157832925,0.01309773188456893,0.0,0.6036836511948529,0.5588558421415442,0.8000076593137255,F:\BUET plasma\PCMMD_LOCAL\set1\plasma\1692243678610_p_18.jpg,1,plasma
0.0,0.9832763671875,0.0,0.0,0.3483050577001634,0.011022503312677146,0.0,0.5943620270373775,0.5659873812806373,0.7947354185814951,F:\BUET plasma\PCMMD_LOCAL\set1\plasma\1692243678610_p_19.jpg,1,plasma
0.0,0.93365478515625,0.0,0.0,0.29864366319444446,0.011323218449950219,0.0,0.6444204293045344,0.6193637025122549,0.8402848785998774,F:\BUET plasma\PCMMD_LOCAL\set1\plasma\1692243678610_p_2.jpg,1,plasma
0.0,0.8321533203125,0.0,0.0,0.2569990170547386,0.02010243892669678,0.0,0.7193242091758578,0.6970636106004902,0.8126151290594362,F:\BUET plasma\PCMMD_LOCAL\set1\plasma\1692243678610_p_20.jpg,1,plasma
0.0,0.9693603515625,0.0,0.0,0.3035396401399102,0.025403929337859153,0.0,0.6635251512714461,0.6316090303308823,0.7942468979779411,F:\BUET plasma\PCMMD_LOCAL\set1\plasma\1692243678610_p_21.jpg,1,plasma
0.00152587890625,0.90704345703125,0.001682255568265931,0.0016808421612866057,0.2796728196486927,0.025501001294702293,0.26727604139626127,0.6762824563419118,0.6769497740502451,0.8077493106617647,F:\BUET plasma\PCMMD_LOCAL\set1\plasma\1692243678610_p_22.jpg,1,plasma
0.0,1.0,0.0,0.0,0.36866686453227115,0.01214273351430893,0.0,0.5767032398897058,0.5289091222426471,0.7883870442708333,F:\BUET plasma\PCMMD_LOCAL\set1\plasma\1692243678610_p_23.jpg,1,plasma
0.0,0.9283447265625,0.0,0.0,0.27774961384293295,0.009560355540364981,0.0,0.6784612917432598,0.6320559034160539,0.8562339633118873,F:\BUET plasma\PCMMD_LOCAL\set1\plasma\1692243678610_p_24.jpg,1,plasma
0.0,0.93218994140625,0.0,0.0,0.31765575533598855,0.014936524983495474,0.0,0.6206375421262255,0.5900929170496324,0.8363022748161765,F:\BUET plasma\PCMMD_LOCAL\set1\plasma\1692243678610_p_25.jpg,1,plasma
0.0,0.93182373046875,0.0,0.0,0.33683340035232845,0.018809415683150293,0.0,0.5999035405177696,0.5770227768841911,0.8125734815410539,F:\BUET plasma\PCMMD_LOCAL\set1\plasma\1692243678610_p_26.jpg,1,plasma
0.0,0.982421875,0.0,0.0,0.3142015644148284,0.016391819562762977,0.0,0.6341251148897059,0.5927681717218137,0.8305020201439951,F:\BUET plasma\PCMMD_LOCAL\set1\plasma\1692243678610_p_27.jpg,1,plasma
0.0,0.9959716796875,0.0,0.0,0.31822940602022054,0.020824557390064002,0.0,0.6304031671262255,0.6299850164675245,0.7849235983455882,F:\BUET plasma\PCMMD_LOCAL\set1\plasma\1692243678610_p_28.jpg,1,plasma
0.00341796875,0.86151123046875,0.003967410556145944,0.003959561137280733,0.2802039451848447,0.02396870321035385,0.5254419271439298,0.6797674440870098,0.6879696116727941,0.7916511086856618,F:\BUET plasma\PCMMD_LOCAL\set1\plasma\1692243678610_p_29.jpg,1,plasma
0.0,0.918212890625,0.0,0.0,0.28696879467933,0.01850908612832427,0.0,0.659329044117647,0.6376354741115197,0.8421290977328432,F:\BUET plasma\PCMMD_LOCAL\set1\plasma\1692243678610_p_3.jpg,1,plasma
0.0,0.97601318359375,0.0,0.0,0.33498479307087414,0.011673066005110741,0.0,0.602740598192402,0.6002216413909314,0.7920833812040441,F:\BUET plasma\PCMMD_LOCAL\set1\plasma\1692243678610_p_30.jpg,1,plasma
0.0,0.9400634765625,0.0,0.0,0.32227862987642975,0.013540405806154013,0.0,0.6244947246476715,0.6043440276501225,0.8043253580729167,F:\BUET plasma\PCMMD_LOCAL\set1\plasma\1692243678610_p_31.jpg,1,plasma
0.0,0.8443603515625,0.0,0.0,0.2615339690563725,0.014975271429866552,0.0,0.6886371687346814,0.6668801700367647,0.8598807540594363,F:\BUET plasma\PCMMD_LOCAL\set1\plasma\1692243678610_p_4.jpg,1,plasma
0.0,0.840087890625,0.0,0.0,0.24102216733047388,0.03149596786499023,0.0,0.725674258961397,0.6898600260416666,0.8613992130055147,F:\BUET plasma\PCMMD_LOCAL\set1\plasma\1692243678610_p_5.jpg,1,plasma
0.0,0.85345458984375,0.0,0.0,0.3122842626633987,0.013259337425231934,0.0,0.6288646024816177,0.625381529564951,0.8089010799632353,F:\BUET plasma\PCMMD_LOCAL\set1\plasma\1692243678610_p_6.jpg,1,plasma
0.0,0.936279296875,0.0,0.0,0.30494057649101314,0.020439082141965628,0.0,0.6488338694852941,0.6056429993872549,0.8307014016544118,F:\BUET plasma\PCMMD_LOCAL\set1\plasma\1692243678610_p_7.jpg,1,plasma
0.0,0.79754638671875,0.0,0.0,0.303893963184232,0.030022513743489982,0.0,0.6288523954503676,0.617965638403799,0.8415000765931373,F:\BUET plasma\PCMMD_LOCAL\set1\plasma\1692243678610_p_8.jpg,1,plasma
0.0,0.97454833984375,0.0,0.0,0.37305668849571083,0.01249728298187256,0.0,0.5339216643688726,0.5287693397671569,0.8181389303768383,F:\BUET plasma\PCMMD_LOCAL\set1\plasma\1692243678610_p_9.jpg,1,plasma
0.0,0.7318115234375,0.0,0.0,0.19859515420751628,0.04188903468847275,0.0,0.7552420821844362,0.7011481789981617,0.947824276194853,F:\BUET plasma\PCMMD_LOCAL\set1\plasma\1692243678621_p_0.jpg,1,plasma
0.0,0.87591552734375,0.0,0.0,0.262127565870098,0.02141087280213833,0.0,0.6983273973651961,0.6900730507046569,0.8252168543198529,F:\BUET plasma\PCMMD_LOCAL\set1\plasma\1692243678621_p_2.jpg,1,plasma
0.0,0.72637939453125,0.0,0.0,0.2456345900990604,0.021867009982466698,0.0,0.7151012944240196,0.6925197227328431,0.8554752125459559,F:\BUET plasma\PCMMD_LOCAL\set1\plasma\1692243678629_p_0.jpg,1,plasma
0.0,0.7291259765625,0.0,0.0,0.2210141250510621,0.03331224988400936,0.0,0.7328168083639706,0.6751562978707107,0.9289845186121324,F:\BUET plasma\PCMMD_LOCAL\set1\plasma\1692243678639_p_0.jpg,1,plasma
0.0,0.7335205078125,0.0,0.0,0.2560483047385621,0.03432176540791988,0.0,0.6955063763786765,0.6355463962928921,0.9008023131127451,F:\BUET plasma\PCMMD_LOCAL\set1\plasma\1692243678649_p_0.jpg,1,plasma
0.0,0.73040771484375,0.0,0.0,0.3003767424938726,0.015352884992957115,0.0,0.6565116134344363,0.5977776022518382,0.8445805568321079,F:\BUET plasma\PCMMD_LOCAL\set1\plasma\1692243678670_p_1.jpg,1,plasma
0.0,0.7431640625,0.0,0.0,0.3240055657679739,0.01660822878777981,0.0,0.6433691884957108,0.5632455863204657,0.821368527879902,F:\BUET plasma\PCMMD_LOCAL\set1\plasma\1692243678680_p_0.jpg,1,plasma
0.0,0.7813720703125,0.0,0.0,0.31501225490196083,0.01828308280929923,0.0,0.607629633884804,0.5779519473805147,0.869381654028799,F:\BUET plasma\PCMMD_LOCAL\set1\plasma\1692243678680_p_1.jpg,1,plasma
0.0,0.7418212890625,0.0,0.0,0.3239939970128677,0.02299697107076645,0.0,0.6088611079197304,0.5903181487438726,0.8288387522977941,F:\BUET plasma\PCMMD_LOCAL\set1\plasma\1692243678680_p_2.jpg,1,plasma
0.0,0.760498046875,0.0,0.0,0.27748895782271243,0.016120708521455526,0.0,0.7168038162530638,0.6430046530330882,0.8077246572457107,F:\BUET plasma\PCMMD_LOCAL\set1\plasma\1692243678690_p_0.jpg,1,plasma
0.0,0.81561279296875,0.0,0.0,0.3327487521701389,0.015554762110114098,0.0,0.6358956131280638,0.5597881242340687,0.8060700061274509,F:\BUET plasma\PCMMD_LOCAL\set1\plasma\1692243678700_p_0.jpg,1,plasma
0.0,0.71417236328125,0.0,0.0,0.2703800774867239,0.013691606506705284,0.0,0.6772769703584559,0.6141893573835784,0.8973934397977941,F:\BUET plasma\PCMMD_LOCAL\set1\plasma\1692243678700_p_1.jpg,1,plasma
0.0,0.7979736328125,0.0,0.0,0.27572308708639703,0.01832399982213974,0.0,0.6782420438878677,0.6361656039368873,0.858423090916054,F:\BUET plasma\PCMMD_LOCAL\set1\plasma\1692243678711_p_0.jpg,1,plasma
0.0,0.6890869140625,0.0,0.0,0.29110554215175655,0.010579656362533569,0.0,0.6961909275428921,0.6301875095741422,0.8003049364276961,F:\BUET plasma\PCMMD_LOCAL\set1\plasma\1692243678711_p_1.jpg,1,plasma
0.0,0.77587890625,0.0,0.0,0.2962010601766749,0.025002997037023307,0.0,0.6434697169883579,0.5856519512101716,0.8822751512714461,F:\BUET plasma\PCMMD_LOCAL\set1\plasma\1692243678721_p_0.jpg,1,plasma
0.0,0.78521728515625,0.0,0.0,0.33229908662683827,0.013980922564864159,0.0,0.601840150122549,0.5847242168351716,0.8165383731617647,F:\BUET plasma\PCMMD_LOCAL\set1\plasma\1692243678721_p_1.jpg,1,plasma
0.0,0.73681640625,0.0,0.0,0.30556265637765523,0.008955428063869477,0.0,0.6568230124080883,0.604595827588848,0.821893190870098,F:\BUET plasma\PCMMD_LOCAL\set1\plasma\1692243678721_p_3.jpg,1,plasma
0.0,0.8133544921875,0.0,0.0,0.28813987183415035,0.017078097518533467,0.0,0.6897487266390931,0.6281656901041667,0.8176659677542892,F:\BUET plasma\PCMMD_LOCAL\set1\plasma\1692243678732_p_0.jpg,1,plasma
0.0,0.62939453125,0.0,0.0,0.26002277050142975,0.031174681171774864,0.0,0.6880150888480392,0.6546575808057598,0.8772590188419118,F:\BUET plasma\PCMMD_LOCAL\set1\plasma\1692243678743_p_0.jpg,1,plasma
0.0,0.8135986328125,0.0,0.0,0.3140218098958333,0.01643856805562973,0.0,0.6287777171415441,0.5868039598651961,0.8423528933057598,F:\BUET plasma\PCMMD_LOCAL\set1\plasma\1692243678743_p_1.jpg,1,plasma
0.0,0.8106689453125,0.0,0.0,0.3257892284517975,0.024716008529067038,0.0,0.617700434666054,0.5833443435968138,0.8215875363817402,F:\BUET plasma\PCMMD_LOCAL\set1\plasma\1692243678743_p_2.jpg,1,plasma
0.0,0.81170654296875,0.0,0.0,0.3006840724571078,0.009174115683883429,0.0,0.6492031920189951,0.6165431602328432,0.8322014303768382,F:\BUET plasma\PCMMD_LOCAL\set1\plasma\1692243678743_p_3.jpg,1,plasma
0.0,0.66009521484375,0.0,0.0,0.22327011208129077,0.021411052849143745,0.0,0.73233642578125,0.7003329407935049,0.8975202971813725,F:\BUET plasma\PCMMD_LOCAL\set1\plasma\1692243678755_p_0.jpg,1,plasma
0.0,0.65277099609375,0.0,0.0,0.21604634203941997,0.016716363668441772,0.0,0.7328656364889706,0.7064125210631127,0.9125828163296569,F:\BUET plasma\PCMMD_LOCAL\set1\plasma\1692243678766_p_0.jpg,1,plasma
0.0286865234375,0.83843994140625,0.03421416612069593,0.033641878546871944,0.3228407915900735,0.028902922596782447,0.4729751742214001,0.6130725337009804,0.599496400122549,0.81890869140625,F:\BUET plasma\PCMMD_LOCAL\set1\plasma\1692243678778_p_0.jpg,1,plasma
0.0,0.72430419921875,0.0,0.0,0.28052204605800646,0.011914430256932973,0.0,0.6508071001838235,0.6551413143382353,0.8524854473039216,F:\BUET plasma\PCMMD_LOCAL\set1\plasma\1692243678778_p_1.jpg,1,plasma
0.0,0.71612548828125,0.0,0.0,0.3130753261591095,0.023689993407577277,0.0,0.6393712660845589,0.6082318474264706,0.8131709080116422,F:\BUET plasma\PCMMD_LOCAL\set1\plasma\1692243678778_p_2.jpg,1,plasma
0.0,0.7239990234375,0.0,0.0,0.315359477124183,0.01741619873046875,0.0,0.6349999521292892,0.608993470435049,0.8099281460631127,F:\BUET plasma\PCMMD_LOCAL\set1\plasma\1692243678778_p_3.jpg,1,plasma
0.0,0.7569580078125,0.0,0.0,0.3197699652777778,0.04174539732933044,0.0,0.6076495002297794,0.5930395986519608,0.8400010052849265,F:\BUET plasma\PCMMD_LOCAL\set1\plasma\1692243678778_p_5.jpg,1,plasma
0.0,0.77459716796875,0.0,0.0,0.30205333435457515,0.01414448693022132,0.0,0.6543131510416667,0.6195961148131127,0.8199307310814951,F:\BUET plasma\PCMMD_LOCAL\set1\plasma\1692243678789_p_3.jpg,1,plasma
0.0,0.75006103515625,0.0,0.0,0.2713129180708741,0.013129434671252965,0.0,0.6664100796568627,0.6335140452665441,0.8861371208639706,F:\BUET plasma\PCMMD_LOCAL\set1\plasma\1692243678789_p_4.jpg,1,plasma
0.0,0.75030517578125,0.0,0.0,0.23434500102124178,0.02731447669491172,0.0,0.7246476715686274,0.6999925800398284,0.8723247453278187,F:\BUET plasma\PCMMD_LOCAL\set1\plasma\1692243678801_p_0.jpg,1,plasma
0.0,0.75,0.0,0.0,0.31489744498059646,0.01601135030016303,0.0,0.6482134650735294,0.5984762752757353,0.8086179247089461,F:\BUET plasma\PCMMD_LOCAL\set1\plasma\1692243678813_p_0.jpg,1,plasma
0.0,0.676025390625,0.0,0.0,0.23432449640012254,0.022082093939185143,0.0,0.7042126225490196,0.6843991747089461,0.9084147135416667,F:\BUET plasma\PCMMD_LOCAL\set1\plasma\1692243678813_p_1.jpg,1,plasma
0.0,0.6834716796875,0.0,0.0,0.2339002023335376,0.01507996641099453,0.0,0.7149579216452205,0.6880811504289216,0.8952603209252451,F:\BUET plasma\PCMMD_LOCAL\set1\plasma\1692243678823_p_0.jpg,1,plasma
0.0,0.6688232421875,0.0,0.0,0.24013288909313724,0.02088878708705306,0.0,0.7142065908394608,0.6877762140012255,0.8776185278799019,F:\BUET plasma\PCMMD_LOCAL\set1\plasma\1692243678823_p_1.jpg,1,plasma
0.0,0.7950439453125,0.0,0.0,0.31804829516442,0.03586160939931869,0.0,0.6406355315563725,0.5988219018075981,0.8063976811427697,F:\BUET plasma\PCMMD_LOCAL\set1\plasma\1692243678823_p_2.jpg,1,plasma
0.0,0.73992919921875,0.0,0.0,0.28529643139808003,0.018875742852687834,0.0,0.6723446116727941,0.631912291283701,0.8398538028492647,F:\BUET plasma\PCMMD_LOCAL\set1\plasma\1692243678823_p_3.jpg,1,plasma
0.0,0.8092041015625,0.0,0.0,0.3041238223805147,0.01631391143426299,0.0,0.6384882908241422,0.6327079024969363,0.8164323395373775,F:\BUET plasma\PCMMD_LOCAL\set1\plasma\1692243678823_p_4.jpg,1,plasma
0.0,0.72491455078125,0.0,0.0,0.23806734770731208,0.03782474921643734,0.0,0.7119470932904411,0.6698330748314951,0.9040177887561275,F:\BUET plasma\PCMMD_LOCAL\set1\plasma\1692243678834_p_0.jpg,1,plasma
0.0,0.7008056640625,0.0,0.0,0.2931031869127859,0.028330869164317846,0.0,0.6798172296262255,0.6293033375459559,0.8115698720894607,F:\BUET plasma\PCMMD_LOCAL\set1\plasma\1692243678834_p_1.jpg,1,plasma
0.0,0.67205810546875,0.0,0.0,0.2560667349622141,0.02972515892609954,0.0,0.7193524528952205,0.6861519607843137,0.8262953814338235,F:\BUET plasma\PCMMD_LOCAL\set1\plasma\1692243678834_p_2.jpg,1,plasma
0.0,0.77923583984375,0.0,0.0,0.2795144473805147,0.032032588899135586,0.0,0.6882865157781862,0.6466981177236519,0.8264720243566176,F:\BUET plasma\PCMMD_LOCAL\set1\plasma\1692243678834_p_3.jpg,1,plasma
0.0,0.742919921875,0.0,0.0,0.27606344784007353,0.029412866339087487,0.0,0.6882317038143382,0.6476371017156862,0.8359408509497549,F:\BUET plasma\PCMMD_LOCAL\set1\plasma\1692243678845_p_0.jpg,1,plasma
0.0,0.60546875,0.0,0.0,0.2677772671568628,0.04719960844144225,0.0,0.7043959673713235,0.6720739028033088,0.8201983283547795,F:\BUET plasma\PCMMD_LOCAL\set1\plasma\1692243678856_p_0.jpg,1,plasma
0.0,0.7415771484375,0.0,0.0,0.19825878267973862,0.06624626551568508,0.0,0.7630024031096814,0.702215695848652,0.940005553002451,F:\BUET plasma\PCMMD_LOCAL\set1\plasma\1692243678865_p_0.jpg,1,plasma
0.0,0.680908203125,0.0,0.0,0.20771963082107847,0.02470891946554184,0.0,0.7668081246170343,0.7458962833180147,0.8641366996017157,F:\BUET plasma\PCMMD_LOCAL\set1\plasma\1692243678865_p_1.jpg,1,plasma
0.00140380859375,0.58123779296875,0.0024152052924498583,0.002412293371795857,0.19035301457822706,0.03773744617402554,0.2921023256875242,0.7849891812193628,0.7781726313572304,0.8657791436887254,F:\BUET plasma\PCMMD_LOCAL\set1\plasma\1692243678876_p_0.jpg,1,plasma
0.0,0.75640869140625,0.0,0.0,0.24466560712826801,0.02147587725147605,0.0,0.7556913488051471,0.7057988185508578,0.8045130112591912,F:\BUET plasma\PCMMD_LOCAL\set1\plasma\1692243678887_p_0.jpg,1,plasma
0.0,0.689208984375,0.0,0.0,0.22332707822712417,0.030217205192893743,0.0,0.7662387025122549,0.7330499387254902,0.8307301240808823,F:\BUET plasma\PCMMD_LOCAL\set1\plasma\1692243678898_p_0.jpg,1,plasma
0.0,0.691162109375,0.0,0.0,0.2473964716094771,0.028210729952901602,0.0,0.7354652554381127,0.6947402056525736,0.8276051240808824,F:\BUET plasma\PCMMD_LOCAL\set1\plasma\1692243678910_p_0.jpg,1,plasma
0.0,0.73382568359375,0.0,0.0,0.25900360306883174,0.015220669772475957,0.0,0.7092780618106618,0.6744521197150736,0.8392590092677696,F:\BUET plasma\PCMMD_LOCAL\set1\plasma\1692243678920_p_0.jpg,1,plasma
0.0,0.85693359375,0.0,0.0,0.2882363313163807,0.023955217566341162,0.0,0.681585813036152,0.6438431085324755,0.8098620844822304,F:\BUET plasma\PCMMD_LOCAL\set1\plasma\1692243678931_p_0.jpg,1,plasma
0.0,0.7091064453125,0.0,0.0,0.21679392297283495,0.015293316304683686,0.0,0.743600643382353,0.7238695331648284,0.8821480545343138,F:\BUET plasma\PCMMD_LOCAL\set1\plasma\1692243678943_p_0.jpg,1,plasma
0.0,0.7210693359375,0.0,0.0,0.26162460426879086,0.016322276338934898,0.0,0.6976167566636029,0.6940625957414216,0.8234468347886029,F:\BUET plasma\PCMMD_LOCAL\set1\plasma\1692243678943_p_1.jpg,1,plasma
0.0,0.8128662109375,0.0,0.0,0.2855418485753677,0.022674621906131506,0.0,0.6672593060661764,0.6485655541513481,0.8275495940563725,F:\BUET plasma\PCMMD_LOCAL\set1\plasma\1692243678943_p_2.jpg,1,plasma
0.01361083984375,0.7447509765625,0.018275692509424686,0.01811069925303172,0.2226914349724265,0.07179777139425278,0.30556144133783186,0.735760617723652,0.6682014016544118,0.9279636757046569,F:\BUET plasma\PCMMD_LOCAL\set1\plasma\1692243678954_p_0.jpg,1,plasma
0.0,0.73931884765625,0.0,0.0,0.2115746591605392,0.037032499253749844,0.0,0.7356706207873774,0.7237479415594362,0.9058574601715687,F:\BUET plasma\PCMMD_LOCAL\set1\plasma\1692243678954_p_1.jpg,1,plasma
0.0,0.6839599609375,0.0,0.0,0.19217481426164218,0.020834262128919364,0.0,0.7568392884497549,0.7294412051930147,0.937195063572304,F:\BUET plasma\PCMMD_LOCAL\set1\plasma\1692243678954_p_2.jpg,1,plasma
0.0,0.78533935546875,0.0,0.0,0.28552445555044936,0.026349851369857787,0.0,0.6611227596507353,0.6256493661917892,0.8566545075061275,F:\BUET plasma\PCMMD_LOCAL\set1\plasma\1692243678954_p_3.jpg,1,plasma
0.0,0.78826904296875,0.0,0.0,0.28982220818014703,0.015739367093890906,0.0,0.6614580939797794,0.6226885627297795,0.84638671875,F:\BUET plasma\PCMMD_LOCAL\set1\plasma\1692243678954_p_4.jpg,1,plasma
0.0,0.77105712890625,0.0,0.0,0.2849070031658496,0.028680299863219263,0.0,0.6722603592218137,0.6289074467677697,0.8441111845128676,F:\BUET plasma\PCMMD_LOCAL\set1\plasma\1692243678954_p_5.jpg,1,plasma
0.0,0.760498046875,0.0,0.0,0.26847059461805556,0.05005654999241233,0.0,0.6977381089154412,0.6671676336550245,0.8296824735753676,F:\BUET plasma\PCMMD_LOCAL\set1\plasma\1692243678954_p_6.jpg,1,plasma
0.0,0.771728515625,0.0,0.0,0.26116911445567803,0.01590297785028815,0.0,0.710204838771446,0.6870638978247549,0.8192239200367647,F:\BUET plasma\PCMMD_LOCAL\set1\plasma\1692243678954_p_7.jpg,1,plasma
0.0,0.802978515625,0.0,0.0,0.28785145080167485,0.018600620087236164,0.0,0.6833400352328431,0.6287554572610294,0.824350155101103,F:\BUET plasma\PCMMD_LOCAL\set1\plasma\1692243678954_p_8.jpg,1,plasma
0.0,0.7205810546875,0.0,0.0,0.2723011291104984,0.017936140954494476,0.0,0.6873721852022059,0.6615698720894608,0.8341545553768382,F:\BUET plasma\PCMMD_LOCAL\set1\plasma\1692243678954_p_9.jpg,1,plasma
0.0,0.69134521484375,0.0,0.0,0.2289930555555555,0.01591661086305976,0.0,0.7237445906096813,0.6844941980698529,0.904782044653799,F:\BUET plasma\PCMMD_LOCAL\set1\plasma\1692243678965_p_0.jpg,1,plasma
0.0,0.73944091796875,0.0,0.0,0.22457554636437904,0.01695882883295417,0.0,0.7301250382965686,0.7073574888939951,0.888790833716299,F:\BUET plasma\PCMMD_LOCAL\set1\plasma\1692243678965_p_1.jpg,1,plasma
0.0,0.84027099609375,0.0,0.0,0.29093671811172395,0.026520460661500694,0.0,0.6695707433363971,0.6364736519607843,0.8211454503676471,F:\BUET plasma\PCMMD_LOCAL\set1\plasma\1692243678965_p_2.jpg,1,plasma
0.0,0.81744384765625,0.0,0.0,0.29251437717013884,0.028210305985063314,0.0,0.6792640835631127,0.6340676700367647,0.8091251148897058,F:\BUET plasma\PCMMD_LOCAL\set1\plasma\1692243678965_p_3.jpg,1,plasma
0.0,0.77374267578125,0.0,0.0,0.26869877833946076,0.017400834735482932,0.0,0.7129636278339461,0.6532415651807598,0.8276984719669118,F:\BUET plasma\PCMMD_LOCAL\set1\plasma\1692243678965_p_4.jpg,1,plasma
0.0,0.73504638671875,0.0,0.0,0.24590410220077608,0.015274746831506491,0.0,0.7164988798253676,0.7109564089307598,0.8348324046415441,F:\BUET plasma\PCMMD_LOCAL\set1\plasma\1692243678999_p_0.jpg,1,plasma
0.0,0.7091064453125,0.0,0.0,0.23468967013888886,0.01337814074382186,0.0,0.7346086090686275,0.7160211301317402,0.8453012503829657,F:\BUET plasma\PCMMD_LOCAL\set1\plasma\1692243679010_p_0.jpg,1,plasma
0.0,0.757080078125,0.0,0.0,0.24344211154513884,0.012330328103154898,0.0,0.7438186944699755,0.7028495040594362,0.8230054668351716,F:\BUET plasma\PCMMD_LOCAL\set1\plasma\1692243679010_p_1.jpg,1,plasma
0.0,0.825439453125,0.0,0.0,0.25185403262867645,0.01940106201171875,0.0,0.7118061140471814,0.6811679017310049,0.8514638863357843,F:\BUET plasma\PCMMD_LOCAL\set1\plasma\1692243679010_p_2.jpg,1,plasma
0.0,0.76959228515625,0.0,0.0,0.2425586575776143,0.018253305133432148,0.0,0.7362034217984068,0.6970530790441176,0.8390675264246323,F:\BUET plasma\PCMMD_LOCAL\set1\plasma\1692243679010_p_3.jpg,1,plasma
0.0,0.657470703125,0.0,0.0,0.17877556295955888,0.02897653740271926,0.0,0.7811841777726716,0.735079896216299,0.9474092371323529,F:\BUET plasma\PCMMD_LOCAL\set1\plasma\1692243679010_p_4.jpg,1,plasma
0.0,0.46905517578125,0.0,0.0,0.15225032232945257,0.018971605833619832,0.0,0.8004480698529411,0.7851026348039216,0.9576983283547794,F:\BUET plasma\PCMMD_LOCAL\set1\plasma\1692243679010_p_5.jpg,1,plasma
0.0,0.80718994140625,0.0,0.0,0.32403931461907687,0.019326001580804587,0.0,0.6418591069240196,0.5805970435049019,0.8054259057138481,F:\BUET plasma\PCMMD_LOCAL\set1\plasma\1692243679034_p_0.jpg,1,plasma
0.0,0.7437744140625,0.0,0.0,0.2963048598345588,0.011821712877601386,0.0,0.6604777018229167,0.6567552753523285,0.7938524433210784,F:\BUET plasma\PCMMD_LOCAL\set1\plasma\1692243679034_p_1.jpg,1,plasma
0.0,0.74493408203125,0.0,0.0,0.2912264156964869,0.012298209842294454,0.0,0.6679062787224265,0.6454934512867647,0.812921022901348,F:\BUET plasma\PCMMD_LOCAL\set1\plasma\1692243679034_p_2.jpg,1,plasma
0.0,0.6800537109375,0.0,0.0,0.23481660730698528,0.01946357451379299,0.0,0.7488750382965687,0.7070006127450981,0.8396745270373774,F:\BUET plasma\PCMMD_LOCAL\set1\plasma\1692243679034_p_3.jpg,1,plasma
0.0,0.82415771484375,0.0,0.0,0.2534523558772467,0.016002045378088952,0.0,0.6773004270067402,0.6395589192708333,0.9227835860906862,F:\BUET plasma\PCMMD_LOCAL\set1\plasma\1692243679047_p_0.jpg,1,plasma
0.0,0.84478759765625,0.0,0.0,0.27661276424632353,0.012440732445567846,0.0,0.707327090992647,0.6557717715992647,0.8070628446691176,F:\BUET plasma\PCMMD_LOCAL\set1\plasma\1692243679058_p_0.jpg,1,plasma
0.0,0.653564453125,0.0,0.0,0.25693917866625826,0.011080852415412665,0.0,0.7315369849111519,0.6782580805759804,0.8193873985140931,F:\BUET plasma\PCMMD_LOCAL\set1\plasma\1692243679068_p_0.jpg,1,plasma
0.0,0.7841796875,0.0,0.0,0.29613388161254084,0.012769715573638677,0.0,0.6723702225030638,0.6364224303002451,0.8028057023590687,F:\BUET plasma\PCMMD_LOCAL\set1\plasma\1692243679068_p_1.jpg,1,plasma
0.0,0.74688720703125,0.0,0.0,0.25456558925653594,0.016508620262145998,0.0,0.7034888174019608,0.6271639954810049,0.9056504193474265,F:\BUET plasma\PCMMD_LOCAL\set1\plasma\1692243679080_p_0.jpg,1,plasma
0.0,0.73095703125,0.0,0.0,0.2859505048764298,0.02276695465669036,0.0,0.6621790268841912,0.626937806372549,0.8530316521139706,F:\BUET plasma\PCMMD_LOCAL\set1\plasma\1692243679080_p_1.jpg,1,plasma
0.0,0.7537841796875,0.0,0.0,0.2823898016237745,0.017749655958265068,0.0,0.7083584654564951,0.6459137561274509,0.7985583735447304,F:\BUET plasma\PCMMD_LOCAL\set1\plasma\1692243679092_p_0.jpg,1,plasma
0.0,0.7757568359375,0.0,0.0,0.3110778409671161,0.012439769949764014,0.0,0.6670491536458333,0.5945827110140931,0.8051346124387255,F:\BUET plasma\PCMMD_LOCAL\set1\plasma\1692243679104_p_0.jpg,1,plasma
0.0,0.8245849609375,0.0,0.0,0.3025431315104167,0.0242296142578125,0.0,0.6690882065716912,0.5922372855392157,0.8310451133578431,F:\BUET plasma\PCMMD_LOCAL\set1\plasma\1692243679116_p_0.jpg,1,plasma
0.0,0.7569580078125,0.0,0.0,0.29982200074040033,0.02276095163449645,0.0,0.6706662645526961,0.6335552140778187,0.7963125191482843,F:\BUET plasma\PCMMD_LOCAL\set1\plasma\1692243679128_p_0.jpg,1,plasma
0.0,0.7900390625,0.0,0.0,0.22580725975285942,0.018149710442870854,0.0,0.7426508884803922,0.6531393612132353,0.9267879710477941,F:\BUET plasma\PCMMD_LOCAL\set1\plasma\1692243679139_p_0.jpg,1,plasma
0.0,0.78094482421875,0.0,0.0,0.2182508680555555,0.025849658485502004,0.0,0.7627417470894607,0.6894380457261029,0.8930676030177697,F:\BUET plasma\PCMMD_LOCAL\set1\plasma\1692243679139_p_1.jpg,1,plasma
0.0,0.70086669921875,0.0,0.0,0.19742814606311276,0.025828587874770166,0.0,0.7742603975183824,0.7004935470281862,0.9329616172640931,F:\BUET plasma\PCMMD_LOCAL\set1\plasma\1692243679164_p_0.jpg,1,plasma
0.0,0.73455810546875,0.0,0.0,0.26592897901348034,0.07614218815788627,0.0,0.6895926681219363,0.6529957490808823,0.8596246457567402,F:\BUET plasma\PCMMD_LOCAL\set1\plasma\1692243679175_p_0.jpg,1,plasma
0.0,0.70098876953125,0.0,0.0,0.23643072789011432,0.023217067182064056,0.0,0.7409184474571079,0.6974741019454657,0.8523152669270834,F:\BUET plasma\PCMMD_LOCAL\set1\plasma\1692243679186_p_0.jpg,1,plasma
0.0,0.60968017578125,0.0,0.0,0.2641308753319036,0.02332763787731528,0.0,0.7154009650735295,0.6701674517463235,0.8220389571844363,F:\BUET plasma\PCMMD_LOCAL\set1\plasma\1692243679199_p_0.jpg,1,plasma
0.0,0.73980712890625,0.0,0.0,0.2865531173406862,0.039367119308561085,0.0,0.6871661017922794,0.6408475988051471,0.8123269473805147,F:\BUET plasma\PCMMD_LOCAL\set1\plasma\1692243679210_p_1.jpg,1,plasma
0.0,0.69036865234375,0.0,0.0,0.23676167407066995,0.015386680569499732,0.0,0.7235746495863971,0.6603970396752451,0.905743288526348,F:\BUET plasma\PCMMD_LOCAL\set1\plasma\1692243679210_p_2.jpg,1,plasma
0.0,0.6492919921875,0.0,0.0,0.2116857192095588,0.024043458487838506,0.0,0.7633374980851716,0.7216332529105393,0.8799720913756127,F:\BUET plasma\PCMMD_LOCAL\set1\plasma\1692243679221_p_0.jpg,1,plasma
0.0,0.76617431640625,0.0,0.0,0.28436494715073535,0.02295633649453521,0.0,0.684481991038603,0.6350313074448529,0.8273918600643382,F:\BUET plasma\PCMMD_LOCAL\set1\plasma\1692243679244_p_1.jpg,1,plasma
0.0,0.73486328125,0.0,0.0,0.20451891531352118,0.04702956729754806,0.0,0.7412398992800245,0.697082758884804,0.9481205958946078,F:\BUET plasma\PCMMD_LOCAL\set1\plasma\1692243679253_p_0.jpg,1,plasma
0.0,0.688720703125,0.0,0.0,0.2402042164522059,0.024427209254354237,0.0,0.7292686312806372,0.6839570886948529,0.8661616306678922,F:\BUET plasma\PCMMD_LOCAL\set1\plasma\1692243679264_p_3.jpg,1,plasma
0.0,0.7603759765625,0.0,0.0,0.28217589933108667,0.016171432361006738,0.0,0.6516264073988971,0.6079125497855392,0.8939333448223039,F:\BUET plasma\PCMMD_LOCAL\set1\plasma\1692243679276_p_0.jpg,1,plasma
0.0,0.72576904296875,0.0,0.0,0.3046275020424837,0.02287313359975815,0.0,0.6419471890318628,0.5913071576286765,0.8528631472120098,F:\BUET plasma\PCMMD_LOCAL\set1\plasma\1692243679276_p_1.jpg,1,plasma
0.0,0.748046875,0.0,0.0,0.2388188380821078,0.027457369789481163,0.0,0.7167238721660539,0.7052933038449755,0.8615263097426471,F:\BUET plasma\PCMMD_LOCAL\set1\plasma\1692243679287_p_1.jpg,1,plasma
0.0,0.7376708984375,0.0,0.0,0.28377805223651964,0.017020610745996236,0.0,0.6744222005208333,0.6636883903952205,0.8105552523743873,F:\BUET plasma\PCMMD_LOCAL\set1\plasma\1692243679298_p_0.jpg,1,plasma
0.0,0.73553466796875,0.0,0.0,0.28310969732945257,0.011874122168868781,0.0,0.6557509478400735,0.6441253063725491,0.8507946537990196,F:\BUET plasma\PCMMD_LOCAL\set1\plasma\1692243679298_p_1.jpg,1,plasma
0.0,0.79180908203125,0.0,0.0,0.22446169385723036,0.02646631282567978,0.0,0.7283253389246324,0.7032556870404412,0.8950338924632353,F:\BUET plasma\PCMMD_LOCAL\set1\plasma\1692243679309_p_0.jpg,1,plasma
0.0,0.84991455078125,0.0,0.0,0.25497959112030233,0.019330016836524008,0.0,0.6970602596507353,0.6601157992493872,0.8778851677389706,F:\BUET plasma\PCMMD_LOCAL\set1\plasma\1692243679309_p_1.jpg,1,plasma
0.0,0.75494384765625,0.0,0.0,0.2642554987489788,0.016011361088603734,0.0,0.7024588790594363,0.6639136220894608,0.8408610026041666,F:\BUET plasma\PCMMD_LOCAL\set1\plasma\1692243679319_p_0.jpg,1,plasma
0.0,0.655029296875,0.0,0.0,0.24007073695363568,0.02278139552101493,0.0,0.7186501895680147,0.6981064740349264,0.8630311255361519,F:\BUET plasma\PCMMD_LOCAL\set1\plasma\1692243679331_p_2.jpg,1,plasma
0.0,0.741455078125,0.0,0.0,0.2210140452665441,0.01897639416158199,0.0,0.7369300991881127,0.7172609815410539,0.882766783471201,F:\BUET plasma\PCMMD_LOCAL\set1\plasma\1692243679343_p_0.jpg,1,plasma
0.0,0.697509765625,0.0,0.0,0.25750094145731217,0.013958021625876426,0.0,0.693099915747549,0.6867517807904412,0.8476454790900735,F:\BUET plasma\PCMMD_LOCAL\set1\plasma\1692243679343_p_1.jpg,1,plasma
0.0,0.6588134765625,0.0,0.0,0.24402900645935455,0.014748367365449667,0.0,0.7078271005667892,0.7203457701439951,0.839740109911152,F:\BUET plasma\PCMMD_LOCAL\set1\plasma\1692243679343_p_2.jpg,1,plasma
0.0,0.71234130859375,0.0,0.0,0.2676159428615196,0.013128850933164357,0.0,0.6682081035539216,0.6930546779258578,0.8358893899356618,F:\BUET plasma\PCMMD_LOCAL\set1\plasma\1692243679343_p_3.jpg,1,plasma
0.0,0.83892822265625,0.0,0.0,0.31211344401041663,0.010588091358542443,0.0,0.6397901348039216,0.5974688361672794,0.826400696997549,F:\BUET plasma\PCMMD_LOCAL\set1\plasma\1692243679343_p_4.jpg,1,plasma
0.0,0.69073486328125,0.0,0.0,0.24058191636029413,0.018369772419333456,0.0,0.7061602424172794,0.6933196423100491,0.8787743661917892,F:\BUET plasma\PCMMD_LOCAL\set1\plasma\1692243679343_p_5.jpg,1,plasma
0.0,0.67852783203125,0.0,0.0,0.18759462443831698,0.03223735808953643,0.0,0.7596607881433823,0.7322335037530637,0.945321834788603,F:\BUET plasma\PCMMD_LOCAL\set1\plasma\1692243679343_p_6.jpg,1,plasma
0.0,0.7205810546875,0.0,0.0,0.21367953431372544,0.013469278421252966,0.0,0.7357431449142157,0.6960932712928921,0.9271249808517157,F:\BUET plasma\PCMMD_LOCAL\set1\plasma\1692243679343_p_7.jpg,1,plasma
0.0,0.8421630859375,0.0,0.0,0.23492240157781863,0.013628684874624014,0.0,0.7093096564797794,0.6505840226715687,0.935339116115196,F:\BUET plasma\PCMMD_LOCAL\set1\plasma\1692243679343_p_8.jpg,1,plasma
0.0,0.7998046875,0.0,0.0,0.2343189912683824,0.01230713164433837,0.0,0.724615598192402,0.6630895278033089,0.9093379001991422,F:\BUET plasma\PCMMD_LOCAL\set1\plasma\1692243679343_p_9.jpg,1,plasma
0.0,0.666015625,0.0,0.0,0.2038683523539624,0.025140329346060752,0.0,0.7831006816789216,0.7652128331801471,0.8400814280790441,F:\BUET plasma\PCMMD_LOCAL\set1\plasma\1692243679352_p_0.jpg,1,plasma
0.0,0.66412353515625,0.0,0.0,0.2353775722528595,0.0241409472823143,0.0,0.7160168217677696,0.6850064146752451,0.8928440467984069,F:\BUET plasma\PCMMD_LOCAL\set1\plasma\1692243679352_p_1.jpg,1,plasma
0.0,0.78253173828125,0.0,0.0,0.27136525671466505,0.024986899375915528,0.0,0.6729303098192402,0.6520807004442402,0.8608932195925245,F:\BUET plasma\PCMMD_LOCAL\set1\plasma\1692243679365_p_0.jpg,1,plasma
0.0,0.7041015625,0.0,0.0,0.2328148935355392,0.020947211489081383,0.0,0.6970564299938725,0.6827107747395833,0.9217881146599265,F:\BUET plasma\PCMMD_LOCAL\set1\plasma\1692243679379_p_0.jpg,1,plasma
0.0,0.63031005859375,0.0,0.0,0.20667062397875824,0.016046400532126425,0.0,0.7351864085477942,0.7194584865196079,0.9253432329963235,F:\BUET plasma\PCMMD_LOCAL\set1\plasma\1692243679379_p_1.jpg,1,plasma
0.0,0.84075927734375,0.0,0.0,0.2788385927287582,0.027217588748782873,0.0,0.6743412990196078,0.6551683612898285,0.8339745615042892,F:\BUET plasma\PCMMD_LOCAL\set1\plasma\1692243679392_p_0.jpg,1,plasma
0.0,0.70538330078125,0.0,0.0,0.2581254148794935,0.021035546746104954,0.0,0.6753506529564951,0.691143679151348,0.8591294232536765,F:\BUET plasma\PCMMD_LOCAL\set1\plasma\1692243679402_p_0.jpg,1,plasma
0.0,0.780517578125,0.0,0.0,0.2626693825316585,0.01413677191361785,0.0,0.7068773456648284,0.6634416168811275,0.8416728898590686,F:\BUET plasma\PCMMD_LOCAL\set1\plasma\1692243679414_p_0.jpg,1,plasma
0.0,0.70623779296875,0.0,0.0,0.24015427134395428,0.020636585649102927,0.0,0.7111701516544118,0.6891309551164215,0.879236079197304,F:\BUET plasma\PCMMD_LOCAL\set1\plasma\1692243679414_p_1.jpg,1,plasma
0.0,0.73162841796875,0.0,0.0,0.230633425245098,0.0112446019500494,0.0,0.7326966528799019,0.6681260052849265,0.9072770660998775,F:\BUET plasma\PCMMD_LOCAL\set1\plasma\1692243679414_p_2.jpg,1,plasma
0.0,0.63494873046875,0.0,0.0,0.1712212456597222,0.032390808548778294,0.0,0.8025960286458333,0.7523200539981618,0.9314201803768383,F:\BUET plasma\PCMMD_LOCAL\set1\plasma\1692243679414_p_3.jpg,1,plasma
0.0,0.7012939453125,0.0,0.0,0.2233209348192402,0.0276379375718534,0.0,0.751376522288603,0.7362263997395834,0.8424342735140932,F:\BUET plasma\PCMMD_LOCAL\set1\plasma\1692243679414_p_4.jpg,1,plasma
0.0,0.78839111328125,0.0,0.0,0.29325916564542487,0.019714090760797262,0.0,0.6807152841605392,0.6209113625919118,0.8185958563112745,F:\BUET plasma\PCMMD_LOCAL\set1\plasma\1692243679414_p_5.jpg,1,plasma
0.0,0.6903076171875,0.0,0.0,0.23785328584558818,0.023348274882882835,0.0,0.7429271024816176,0.7015905043658088,0.8419225356158089,F:\BUET plasma\PCMMD_LOCAL\set1\plasma\1692243679414_p_6.jpg,1,plasma
0.0,0.69671630859375,0.0,0.0,0.226980570874183,0.021594383105635644,0.0,0.7485339594822303,0.7059421913296569,0.8645821365655637,F:\BUET plasma\PCMMD_LOCAL\set1\plasma\1692243679426_p_0.jpg,1,plasma
0.0,0.75732421875,0.0,0.0,0.20959352979473034,0.031651467140764,0.0,0.7382333792892157,0.6878370098039216,0.9451490215226716,F:\BUET plasma\PCMMD_LOCAL\set1\plasma\1692243679426_p_1.jpg,1,plasma
0.0,0.6934814453125,0.0,0.0,0.19238321142258985,0.05407481235265732,0.0,0.7572200999540442,0.7119133444393382,0.953716921338848,F:\BUET plasma\PCMMD_LOCAL\set1\plasma\1692243679426_p_2.jpg,1,plasma
0.0,0.60504150390625,0.0,0.0,0.20149005565767975,0.02816111817583442,0.0,0.7674996170343137,0.7520864449295344,0.8759437710631127,F:\BUET plasma\PCMMD_LOCAL\set1\plasma\1692243679426_p_3.jpg,1,plasma
0.016845703125,0.590576171875,0.028524183546920216,0.02812494324904281,0.1903244517207925,0.04631627115234733,0.4941544570759601,0.7840762867647059,0.7464149624693628,0.8985353956035539,F:\BUET plasma\PCMMD_LOCAL\set1\plasma\1692243679438_p_0.jpg,1,plasma
0.0,0.7498779296875,0.0,0.0,0.24582599315767972,0.03729708145558834,0.0,0.7132826861213235,0.6791795917585784,0.8700597426470589,F:\BUET plasma\PCMMD_LOCAL\set1\plasma\1692243679438_p_1.jpg,1,plasma
0.0,0.7601318359375,0.0,0.0,0.2650035583895016,0.015084072053432464,0.0,0.7242489085477941,0.6684919768688725,0.8122484394148284,F:\BUET plasma\PCMMD_LOCAL\set1\plasma\1692243679438_p_2.jpg,1,plasma
0.0,0.73876953125,0.0,0.0,0.23877814797794117,0.034393209274858234,0.0,0.712646723728554,0.7084269205729167,0.8625919117647058,F:\BUET plasma\PCMMD_LOCAL\set1\plasma\1692243679461_p_0.jpg,1,plasma
0.0,0.7108154296875,0.0,0.0,0.218453999438317,0.02714768981933594,0.0,0.748901606541054,0.7134868547028186,0.8822495404411764,F:\BUET plasma\PCMMD_LOCAL\set1\plasma\1692243679473_p_0.jpg,1,plasma
0.0,0.7437744140625,0.0,0.0,0.23154344745710786,0.02538310017809272,0.0,0.7536819757199755,0.7047770182291667,0.8469106636795343,F:\BUET plasma\PCMMD_LOCAL\set1\plasma\1692243679493_p_0.jpg,1,plasma
0.0,0.89556884765625,0.0,0.0,0.2545483558006536,0.009476613905280828,0.0,0.7289242015165441,0.6971612668504902,0.8102694642310049,F:\BUET plasma\PCMMD_LOCAL\set1\plasma\1692243679502_p_0.jpg,1,plasma
0.0,0.8133544921875,0.0,0.0,0.23668476179534315,0.016530568704009055,0.0,0.7344736136642157,0.7190317191329657,0.8364403818167893,F:\BUET plasma\PCMMD_LOCAL\set1\plasma\1692243679502_p_1.jpg,1,plasma
0.0,0.74072265625,0.0,0.0,0.25027533637152777,0.02279777431488037,0.0,0.7319295247395833,0.6837988759957108,0.8334455901501225,F:\BUET plasma\PCMMD_LOCAL\set1\plasma\1692243679512_p_0.jpg,1,plasma
0.0,0.78717041015625,0.0,0.0,0.26200086805555556,0.02152421222627163,0.0,0.7151920094209558,0.6820973115808824,0.8167080748314951,F:\BUET plasma\PCMMD_LOCAL\set1\plasma\1692243679524_p_0.jpg,1,plasma
0.0,0.59576416015625,0.0,0.0,0.16789806091707515,0.021243289794772864,0.0,0.7995887905943627,0.7647319718903186,0.9319850547640931,F:\BUET plasma\PCMMD_LOCAL\set1\plasma\1692243679543_p_0.jpg,1,plasma
0.0,0.71661376953125,0.0,0.0,0.2552314708435457,0.011577796697616577,0.0,0.7279837814031863,0.6905034083946079,0.8158183976715686,F:\BUET plasma\PCMMD_LOCAL\set1\plasma\1692243679543_p_1.jpg,1,plasma
0.0,0.76806640625,0.0,0.0,0.21081694559334152,0.036254503812640906,0.0,0.7499988032322303,0.6904320810355392,0.9271182789522059,F:\BUET plasma\PCMMD_LOCAL\set1\plasma\1692243679553_p_0.jpg,1,plasma
0.0,0.59283447265625,0.0,0.0,0.2119458965226716,0.0271745126247406,0.0,0.7603745404411765,0.7575614181219362,0.8462263518688725,F:\BUET plasma\PCMMD_LOCAL\set1\plasma\1692243679553_p_1.jpg,1,plasma
0.0,0.4969482421875,0.0,0.0,0.19371688942504084,0.025730942394584417,0.0,0.785879337086397,0.7748226390165441,0.8581473556219362,F:\BUET plasma\PCMMD_LOCAL\set1\plasma\1692243679553_p_2.jpg,1,plasma
0.0,0.73590087890625,0.0,0.0,0.2597662632761437,0.01967801409587264,0.0,0.7261127546721814,0.6742410098805147,0.8203474456188725,F:\BUET plasma\PCMMD_LOCAL\set1\plasma\1692243679563_p_0.jpg,1,plasma
0.0,0.73272705078125,0.0,0.0,0.22978778913909315,0.01744970107078552,0.0,0.7601138844209558,0.7214709712009804,0.8290517769607844,F:\BUET plasma\PCMMD_LOCAL\set1\plasma\1692243679563_p_1.jpg,1,plasma
0.0,0.7442626953125,0.0,0.0,0.277527094822304,0.021021897733211517,0.0,0.7022425034466911,0.64774169921875,0.817434512867647,F:\BUET plasma\PCMMD_LOCAL\set1\plasma\1692243679574_p_0.jpg,1,plasma
0.0,0.74517822265625,0.0,0.0,0.24248525582107838,0.01935349276289344,0.0,0.7020270852481618,0.6910819259344363,0.8794352213541666,F:\BUET plasma\PCMMD_LOCAL\set1\plasma\1692243679584_p_0.jpg,1,plasma
0.0,0.7744140625,0.0,0.0,0.27998142616421573,0.024037983831018208,0.0,0.6826485428155638,0.6607443416819853,0.8166628370098039,F:\BUET plasma\PCMMD_LOCAL\set1\plasma\1692243679584_p_1.jpg,1,plasma
0.0,0.6824951171875,0.0,0.0,0.27072881561478757,0.01948014949262142,0.0,0.6965796377144607,0.6628094841452206,0.8284244312959559,F:\BUET plasma\PCMMD_LOCAL\set1\plasma\1692243679584_p_2.jpg,1,plasma
0.0,0.732666015625,0.0,0.0,0.2605908362694036,0.025769926961511373,0.0,0.68223876953125,0.6530795228247549,0.8829091988357843,F:\BUET plasma\PCMMD_LOCAL\set1\plasma\1692243679595_p_0.jpg,1,plasma
0.0,0.6798095703125,0.0,0.0,0.24089969809538392,0.022274370159953833,0.0,0.747857546338848,0.7190621170343138,0.8103812423406863,F:\BUET plasma\PCMMD_LOCAL\set1\plasma\1692243679606_p_0.jpg,1,plasma
0.0,0.64398193359375,0.0,0.0,0.19552329069648688,0.01568423533067107,0.0,0.7673708448223039,0.7310812557444853,0.91497802734375,F:\BUET plasma\PCMMD_LOCAL\set1\plasma\1692243679616_p_0.jpg,1,plasma
0.0,0.7327880859375,0.0,0.0,0.24473142935559644,0.02436325329169631,0.0,0.6919364181219363,0.6822153128829657,0.8916539809283088,F:\BUET plasma\PCMMD_LOCAL\set1\plasma\1692243679636_p_0.jpg,1,plasma
0.0,0.75091552734375,0.0,0.0,0.2688939312704248,0.011960866555571556,0.0,0.7016831341911764,0.6659715839460785,0.8256634880514706,F:\BUET plasma\PCMMD_LOCAL\set1\plasma\1692243679647_p_0.jpg,1,plasma
0.0,0.80023193359375,0.0,0.0,0.2673841688368055,0.019859255775809288,0.0,0.6610231885723039,0.6440546970741422,0.8927696078431373,F:\BUET plasma\PCMMD_LOCAL\set1\plasma\1692243679659_p_0.jpg,1,plasma
0.0,0.69580078125,0.0,0.0,0.21967661739174837,0.015534554775804281,0.0,0.713467467064951,0.6941877776501225,0.9333149031096813,F:\BUET plasma\PCMMD_LOCAL\set1\plasma\1692243679679_p_0.jpg,1,plasma
0.015625,0.78533935546875,0.019895857620268905,0.019700521711296506,0.2568056991676879,0.02911479925736785,0.24414673139749235,0.6724769741881127,0.6413952397365196,0.915710688572304,F:\BUET plasma\PCMMD_LOCAL\set1\plasma\1692243679679_p_1.jpg,1,plasma
0.0,0.75244140625,0.0,0.0,0.2854729147518382,0.009262920465320349,0.0,0.6762037090226716,0.6345624138327206,0.8328151328890931,F:\BUET plasma\PCMMD_LOCAL\set1\plasma\1692243679679_p_10.jpg,1,plasma
0.0,0.7567138671875,0.0,0.0,0.2594538271037582,0.020339441061019897,0.0,0.6723168466605393,0.6488278856464461,0.9004937863817402,F:\BUET plasma\PCMMD_LOCAL\set1\plasma\1692243679679_p_2.jpg,1,plasma
0.0,0.72943115234375,0.0,0.0,0.27263789956086604,0.011653254296630621,0.0,0.6766747568167892,0.6517214307598039,0.8536901137408088,F:\BUET plasma\PCMMD_LOCAL\set1\plasma\1692243679679_p_3.jpg,1,plasma
0.0,0.80877685546875,0.0,0.0,0.28633299185559646,0.015584922965615988,0.0,0.6669019512101716,0.6421030081954657,0.8319960650275735,F:\BUET plasma\PCMMD_LOCAL\set1\plasma\1692243679679_p_4.jpg,1,plasma
0.0,0.681884765625,0.0,0.0,0.2295205110038807,0.012770381927490235,0.0,0.7205638212316177,0.7080470664828431,0.8828275792738971,F:\BUET plasma\PCMMD_LOCAL\set1\plasma\1692243679679_p_5.jpg,1,plasma
0.0,0.777099609375,0.0,0.0,0.28326120812908495,0.01221890364587307,0.0,0.6513753255208333,0.6384748870251226,0.8603661630667893,F:\BUET plasma\PCMMD_LOCAL\set1\plasma\1692243679679_p_6.jpg,1,plasma
0.0,0.70770263671875,0.0,0.0,0.2619655235140932,0.012326107289642096,0.0,0.680779909620098,0.6589063457414216,0.874417174096201,F:\BUET plasma\PCMMD_LOCAL\set1\plasma\1692243679679_p_7.jpg,1,plasma
0.0,0.703369140625,0.0,0.0,0.22169325086805547,0.01606679879128933,0.0,0.7369075999540441,0.7035907820159314,0.8944218654258579,F:\BUET plasma\PCMMD_LOCAL\set1\plasma\1692243679679_p_8.jpg,1,plasma
0.0,0.827392578125,0.0,0.0,0.30244140625000004,0.015736300136893987,0.0,0.6414682425704656,0.6205434761795343,0.8306640625,F:\BUET plasma\PCMMD_LOCAL\set1\plasma\1692243679679_p_9.jpg,1,plasma
0.0,0.79119873046875,0.0,0.0,0.2707747714971406,0.017323687251657248,0.0,0.6807590858609068,0.6615152994791667,0.8454013001685049,F:\BUET plasma\PCMMD_LOCAL\set1\plasma\1692243679691_p_0.jpg,1,plasma
0.0,0.6741943359375,0.0,0.0,0.2500786675347222,0.015256601080298424,0.0,0.7238104128370098,0.6991869159773284,0.8267666685814951,F:\BUET plasma\PCMMD_LOCAL\set1\plasma\1692243679691_p_1.jpg,1,plasma
0.0,0.79736328125,0.0,0.0,0.2523136712367239,0.014637979492545129,0.0,0.6846248851102941,0.6699539483762255,0.8884801528033088,F:\BUET plasma\PCMMD_LOCAL\set1\plasma\1692243679691_p_2.jpg,1,plasma
0.0,0.7733154296875,0.0,0.0,0.24998523986417487,0.01020481389760971,0.0,0.6948895622702206,0.6635026520373775,0.8916520660998775,F:\BUET plasma\PCMMD_LOCAL\set1\plasma\1692243679691_p_3.jpg,1,plasma
0.0,0.76324462890625,0.0,0.0,0.2524121253319036,0.01758643564209342,0.0,0.6935128006280638,0.662414311427696,0.8868365119485294,F:\BUET plasma\PCMMD_LOCAL\set1\plasma\1692243679700_p_0.jpg,1,plasma
0.0,0.77276611328125,0.0,0.0,0.2946835586448121,0.02288438158854842,0.0,0.6509373085171568,0.6257666494332108,0.8392453661151961,F:\BUET plasma\PCMMD_LOCAL\set1\plasma\1692243679700_p_1.jpg,1,plasma
0.0,0.8463134765625,0.0,0.0,0.3160691604115604,0.014780453905463219,0.0,0.6456811044730392,0.5951686485140931,0.8109427657781862,F:\BUET plasma\PCMMD_LOCAL\set1\plasma\1692243679712_p_0.jpg,1,plasma
0.0,0.87969970703125,0.0,0.0,0.2959529303257761,0.013760651346296072,0.0,0.6660697189031862,0.6191008923100491,0.8269705978094363,F:\BUET plasma\PCMMD_LOCAL\set1\plasma\1692243679712_p_1.jpg,1,plasma
0.0,0.69769287109375,0.0,0.0,0.24742024739583335,0.023174872860312463,0.0,0.7295759612438726,0.6983264399509804,0.8298368566176471,F:\BUET plasma\PCMMD_LOCAL\set1\plasma\1692243679723_p_0.jpg,1,plasma
0.0,0.7978515625,0.0,0.0,0.3145959392871732,0.018365042686462402,0.0,0.6583529603247549,0.6043009440104167,0.7935582778033088,F:\BUET plasma\PCMMD_LOCAL\set1\plasma\1692243679735_p_0.jpg,1,plasma
0.0,0.69476318359375,0.0,0.0,0.26228035322201804,0.019205202128738164,0.0,0.7042432598039216,0.6575283873314951,0.8513872931985295,F:\BUET plasma\PCMMD_LOCAL\set1\plasma\1692243679745_p_0.jpg,1,plasma
0.0,0.75042724609375,0.0,0.0,0.2598625631893382,0.012765375670045613,0.0,0.7257778990502451,0.671868776807598,0.8227656345741422,F:\BUET plasma\PCMMD_LOCAL\set1\plasma\1692243679755_p_0.jpg,1,plasma
0.0,0.728759765625,0.0,0.0,0.30309428296058005,0.019829802617430687,0.0,0.6730413698682598,0.6100691253063726,0.8076066559436275,F:\BUET plasma\PCMMD_LOCAL\set1\plasma\1692243679764_p_0.jpg,1,plasma
0.0,0.66766357421875,0.0,0.0,0.24959900301266336,0.029488340374082326,0.0,0.7332651175704656,0.6836684283088236,0.8342694450827206,F:\BUET plasma\PCMMD_LOCAL\set1\plasma\1692243679782_p_0.jpg,1,plasma
0.0,0.75616455078125,0.0,0.0,0.27511273552389703,0.016775766134262085,0.0,0.6795364679074755,0.6666929955575981,0.8284323299632353,F:\BUET plasma\PCMMD_LOCAL\set1\plasma\1692243679793_p_0.jpg,1,plasma
0.0,0.72662353515625,0.0,0.0,0.2979952544168709,0.017258335437625647,0.0,0.679141295189951,0.6147769703584559,0.8120959712009804,F:\BUET plasma\PCMMD_LOCAL\set1\plasma\1692243679801_p_0.jpg,1,plasma
0.00054931640625,0.82183837890625,0.000668399554400297,0.0006681762749058723,0.40231470843545747,0.020905432369560002,0.4836870396227584,0.571987974877451,0.4972615559895833,0.7238063438265931,F:\BUET plasma\PCMMD_LOCAL\set1\plasma\1692243679810_p_0.jpg,1,plasma
0.0035400390625,0.866943359375,0.004083356800901154,0.0040750425252704114,0.3448270909926471,0.03247705076634884,0.39490098237642535,0.6371763939950981,0.6258925494025736,0.7024497836243873,F:\BUET plasma\PCMMD_LOCAL\set1\plasma\1692243679826_p_0.jpg,1,plasma
0.0,0.79986572265625,0.0,0.0,0.3630823471966912,0.038999840762466195,0.0,0.5981907264859069,0.5863515816482843,0.7262106502757353,F:\BUET plasma\PCMMD_LOCAL\set1\plasma\1692243679826_p_1.jpg,1,plasma
0.0,0.7637939453125,0.0,0.0,0.3366590711805555,0.019309600293636323,0.0,0.6427899528952206,0.5705185834099264,0.7767142501531863,F:\BUET plasma\PCMMD_LOCAL\set1\plasma\1692243679842_p_0.jpg,1,plasma
0.0,0.8131103515625,0.0,0.0,0.33598872166053917,0.026134487744420766,0.0,0.6569678213082107,0.5924146465226716,0.7426513671875,F:\BUET plasma\PCMMD_LOCAL\set1\plasma\1692243679850_p_0.jpg,1,plasma
0.0,0.794921875,0.0,0.0,0.2918289483762255,0.025392841603606938,0.0,0.6897810393688726,0.6371175130208333,0.7976146024816176,F:\BUET plasma\PCMMD_LOCAL\set1\plasma\1692243679868_p_2.jpg,1,plasma
0.0,0.67950439453125,0.0,0.0,0.29042569827410136,0.04715402477607131,0.0,0.6739025639552696,0.6211622051164216,0.8336581361060049,F:\BUET plasma\PCMMD_LOCAL\set1\plasma\1692243679877_p_0.jpg,1,plasma
0.0,0.7769775390625,0.0,0.0,0.28336987464256536,0.02597323226928711,0.0,0.6994243547028186,0.6758884803921569,0.7745775409773284,F:\BUET plasma\PCMMD_LOCAL\set1\plasma\1692243679885_p_1.jpg,1,plasma
0.0,0.701904296875,0.0,0.0,0.23399410871119275,0.020551572289317845,0.0,0.7511417164522058,0.7215425379136029,0.8253334195006128,F:\BUET plasma\PCMMD_LOCAL\set1\plasma\1692243679893_p_0.jpg,1,plasma
0.0,0.7415771484375,0.0,0.0,0.32509965086294934,0.03239555725082755,0.0,0.6368080288756127,0.6410749846813726,0.7468180338541667,F:\BUET plasma\PCMMD_LOCAL\set1\plasma\1692243679920_p_1.jpg,1,plasma
0.0,0.73175048828125,0.0,0.0,0.2673764297385621,0.018993010938167573,0.0,0.7071789311427696,0.6612620634191176,0.8294297162224264,F:\BUET plasma\PCMMD_LOCAL\set1\plasma\1692243679930_p_0.jpg,1,plasma
0.0,0.74859619140625,0.0,0.0,0.2916609221813725,0.025229419466108082,0.0,0.6509191176470588,0.6499743891697304,0.8241237266390932,F:\BUET plasma\PCMMD_LOCAL\set1\plasma\1692243679941_p_0.jpg,1,plasma
0.0,0.77984619140625,0.0,0.0,0.39951913871017153,0.014300249811261892,0.0,0.5510914522058824,0.5309649299172794,0.7193862017463235,F:\BUET plasma\PCMMD_LOCAL\set1\plasma\1692243679941_p_1.jpg,1,plasma
0.0,0.6995849609375,0.0,0.0,0.33118234272875824,0.018093238946050406,0.0,0.6323909983915441,0.6119616938572304,0.762100279564951,F:\BUET plasma\PCMMD_LOCAL\set1\plasma\1692243679949_p_0.jpg,1,plasma
0.0,0.85205078125,0.0,0.0,0.3572043026194853,0.016322085227817296,0.0,0.6008590399050245,0.5847725662530637,0.7427554859834559,F:\BUET plasma\PCMMD_LOCAL\set1\plasma\1692243679949_p_1.jpg,1,plasma
0.0,0.74859619140625,0.0,0.0,0.32944814644607845,0.01521334634721279,0.0,0.636718989353554,0.6078886144301471,0.7670479568780637,F:\BUET plasma\PCMMD_LOCAL\set1\plasma\1692243679949_p_2.jpg,1,plasma
0.0,0.8927001953125,0.0,0.0,0.3354342990451389,0.018761726140975953,0.0,0.6254358628216912,0.5803414139093137,0.7879198261335785,F:\BUET plasma\PCMMD_LOCAL\set1\plasma\1692243679949_p_3.jpg,1,plasma
0.00421142578125,0.78497314453125,0.00536505714952181,0.005350716499816374,0.2963238485498366,0.06684369944036007,0.0833429735542946,0.6719429764093138,0.610849178538603,0.8282362994025735,F:\BUET plasma\PCMMD_LOCAL\set1\plasma\1692243679949_p_4.jpg,1,plasma
0.0,0.7823486328125,0.0,0.0,0.3567899018331291,0.02375423139333725,0.0,0.5808890548406863,0.610132075291054,0.7386091643688726,F:\BUET plasma\PCMMD_LOCAL\set1\plasma\1692243679961_p_0.jpg,1,plasma
0.0,0.81439208984375,0.0,0.0,0.36105613957822713,0.02151412582397461,0.0,0.6036884382659313,0.599297976026348,0.7138451669730392,F:\BUET plasma\PCMMD_LOCAL\set1\plasma\1692243679961_p_1.jpg,1,plasma
0.0,0.88482666015625,0.0,0.0,0.3754132040185867,0.014391110047698021,0.0,0.582519770603554,0.5430470186121323,0.748193598728554,F:\BUET plasma\PCMMD_LOCAL\set1\plasma\1692243679961_p_10.jpg,1,plasma
0.0,0.8114013671875,0.0,0.0,0.3475147122651143,0.020947362180799244,0.0,0.6161767099417892,0.5799663468903187,0.7613128063725491,F:\BUET plasma\PCMMD_LOCAL\set1\plasma\1692243679961_p_11.jpg,1,plasma
0.0,0.727294921875,0.0,0.0,0.265624920215482,0.022526981458067894,0.0,0.700750852098652,0.661038028492647,0.8413363587622549,F:\BUET plasma\PCMMD_LOCAL\set1\plasma\1692243679961_p_12.jpg,1,plasma
0.0179443359375,0.76580810546875,0.02343189607077389,0.02316158367157423,0.2817424300449347,0.06016494868695736,0.4236621432660728,0.6677554859834559,0.6414718328737745,0.8455453910079657,F:\BUET plasma\PCMMD_LOCAL\set1\plasma\1692243679961_p_13.jpg,1,plasma
0.0,0.70245361328125,0.0,0.0,0.26663634854983664,0.016681052293628453,0.0,0.7043679630055147,0.6545000861672794,0.841222905177696,F:\BUET plasma\PCMMD_LOCAL\set1\plasma\1692243679961_p_14.jpg,1,plasma
0.0,0.79888916015625,0.0,0.0,0.3442953271803514,0.02086438685283065,0.0,0.5984054266237745,0.5921312519148284,0.7765773399203432,F:\BUET plasma\PCMMD_LOCAL\set1\plasma\1692243679961_p_15.jpg,1,plasma
0.0,0.90704345703125,0.0,0.0,0.40081643497242647,0.015484064843505622,0.0,0.5401709463082108,0.545873784083946,0.7115059646905637,F:\BUET plasma\PCMMD_LOCAL\set1\plasma\1692243679961_p_2.jpg,1,plasma
0.0,0.84613037109375,0.0,0.0,0.36971132365706705,0.020189973458647727,0.0,0.5798160328584558,0.5954127891390931,0.71563720703125,F:\BUET plasma\PCMMD_LOCAL\set1\plasma\1692243679961_p_3.jpg,1,plasma
0.0,0.7938232421875,0.0,0.0,0.37506829554738563,0.018165653452277185,0.0,0.6040785845588236,0.5729046989889706,0.697811829810049,F:\BUET plasma\PCMMD_LOCAL\set1\plasma\1692243679961_p_4.jpg,1,plasma
0.0,0.88311767578125,0.0,0.0,0.41247941559436274,0.018272513266652822,0.0,0.5479894301470588,0.5069829005821078,0.7075894224877451,F:\BUET plasma\PCMMD_LOCAL\set1\plasma\1692243679961_p_5.jpg,1,plasma
0.0,0.74761962890625,0.0,0.0,0.3884426540798611,0.017715197440236807,0.0,0.5741677676930147,0.5391390931372549,0.721365176930147,F:\BUET plasma\PCMMD_LOCAL\set1\plasma\1692243679961_p_6.jpg,1,plasma
0.0,0.741943359375,0.0,0.0,0.37607549530228757,0.02391750179231167,0.0,0.5916769588694853,0.5557559742647059,0.724340580958946,F:\BUET plasma\PCMMD_LOCAL\set1\plasma\1692243679961_p_7.jpg,1,plasma
0.0,0.81195068359375,0.0,0.0,0.387860227098652,0.028120829340070486,0.0,0.5639598173253676,0.5597826191023284,0.7126768822763481,F:\BUET plasma\PCMMD_LOCAL\set1\plasma\1692243679961_p_8.jpg,1,plasma
0.0,0.8751220703125,0.0,0.0,0.3776740579044118,0.027498254761099815,0.0,0.555752383961397,0.576126158471201,0.7350992838541667,F:\BUET plasma\PCMMD_LOCAL\set1\plasma\1692243679961_p_9.jpg,1,plasma
0.0,0.72821044921875,0.0,0.0,0.30867616740706705,0.018761116921901702,0.0,0.6527542413449755,0.6367295209099265,0.7844877355238971,F:\BUET plasma\PCMMD_LOCAL\set1\plasma\1692243679973_p_0.jpg,1,plasma
0.0,0.7322998046875,0.0,0.0,0.3421196831597222,0.01341746648773551,0.0,0.6229190602022059,0.6047243604473039,0.7459975298713235,F:\BUET plasma\PCMMD_LOCAL\set1\plasma\1692243679982_p_0.jpg,1,plasma
0.0,0.7596435546875,0.0,0.0,0.3128369300194036,0.014907527789473534,0.0,0.6461152918198529,0.6123683555453432,0.8030055625765932,F:\BUET plasma\PCMMD_LOCAL\set1\plasma\1692243679992_p_0.jpg,1,plasma
0.0,0.83343505859375,0.0,0.0,0.3701165492238563,0.013700504645705222,0.0,0.5725260416666667,0.5434536803002451,0.7736706303615196,F:\BUET plasma\PCMMD_LOCAL\set1\plasma\1692243679992_p_1.jpg,1,plasma
0.0,0.78106689453125,0.0,0.0,0.33368231081495103,0.010904448017477988,0.0,0.6229733934589461,0.5993408203125,0.776638853783701,F:\BUET plasma\PCMMD_LOCAL\set1\plasma\1692243679992_p_2.jpg,1,plasma
0.0,0.89849853515625,0.0,0.0,0.40661653007557197,0.019428653344511986,0.0,0.5130311255361519,0.5159079159007353,0.751211368336397,F:\BUET plasma\PCMMD_LOCAL\set1\plasma\1692243679992_p_3.jpg,1,plasma
0.0,0.8519287109375,0.0,0.0,0.36974954044117647,0.019338194847106933,0.0,0.5766673368566176,0.5644007065716912,0.7496833352481618,F:\BUET plasma\PCMMD_LOCAL\set1\plasma\1692243679992_p_4.jpg,1,plasma
0.0,0.77960205078125,0.0,0.0,0.3675186057495915,0.02318453823029995,0.0,0.5863391352634804,0.5700449027267157,0.7410601447610294,F:\BUET plasma\PCMMD_LOCAL\set1\plasma\1692243679992_p_5.jpg,1,plasma
0.0,0.81866455078125,0.0,0.0,0.32757265178206707,0.028863298356533052,0.0,0.6546331667432598,0.6034294577205882,0.759219420189951,F:\BUET plasma\PCMMD_LOCAL\set1\plasma\1692243680001_p_0.jpg,1,plasma
0.0,0.958740234375,0.0,0.0,0.37723524305555556,0.013537011563777923,0.0,0.6055903416053922,0.5427035462622549,0.7200003829656862,F:\BUET plasma\PCMMD_LOCAL\set1\plasma\1692243680001_p_1.jpg,1,plasma
0.0,0.8927001953125,0.0,0.0,0.3581049900428922,0.012238560762256384,0.0,0.6216406728707108,0.5679125019148284,0.7361318550857843,F:\BUET plasma\PCMMD_LOCAL\set1\plasma\1692243680001_p_2.jpg,1,plasma
0.0,0.88623046875,0.0,0.0,0.3353013780381945,0.016461448814719917,0.0,0.6481311274509803,0.6244116689644608,0.7215530694699754,F:\BUET plasma\PCMMD_LOCAL\set1\plasma\1692243680001_p_3.jpg,1,plasma
0.0,0.93511962890625,0.0,0.0,0.37384998595792485,0.011856343623250724,0.0,0.5935903511795343,0.5648348939185049,0.7200247970281862,F:\BUET plasma\PCMMD_LOCAL\set1\plasma\1692243680001_p_4.jpg,1,plasma
0.0,0.8472900390625,0.0,0.0,0.3392819872089461,0.016715234518051146,0.0,0.6521963082107843,0.617999387254902,0.7119583429074755,F:\BUET plasma\PCMMD_LOCAL\set1\plasma\1692243680001_p_5.jpg,1,plasma
0.0,0.80853271484375,0.0,0.0,0.30761575137867647,0.022996828496456147,0.0,0.6867206648284314,0.6491309072457108,0.7413011737898284,F:\BUET plasma\PCMMD_LOCAL\set1\plasma\1692243680001_p_6.jpg,1,plasma
0.0,0.7432861328125,0.0,0.0,0.3376550213184232,0.020488682687282562,0.0,0.6337854721966911,0.6287422928155637,0.7245071710324755,F:\BUET plasma\PCMMD_LOCAL\set1\plasma\1692243680001_p_7.jpg,1,plasma
0.0,0.72802734375,0.0,0.0,0.2585105347477533,0.015920139517635108,0.0,0.7155105890012254,0.6869937672334558,0.8219640395220589,F:\BUET plasma\PCMMD_LOCAL\set1\plasma\1692243680012_p_0.jpg,1,plasma
0.0,0.75830078125,0.0,0.0,0.2829673617493873,0.020317997332662343,0.0,0.6968814625459558,0.6735940372242647,0.7806224149816177,F:\BUET plasma\PCMMD_LOCAL\set1\plasma\1692243680012_p_1.jpg,1,plasma
0.0,0.70233154296875,0.0,0.0,0.29062148948120914,0.014275120198726654,0.0,0.7135663200827206,0.6608247644761029,0.7537444469975491,F:\BUET plasma\PCMMD_LOCAL\set1\plasma\1692243680012_p_2.jpg,1,plasma
0.0,0.71142578125,0.0,0.0,0.2102920432495915,0.018398583080619573,0.0,0.7752946442248775,0.7212167777267157,0.8726124482996324,F:\BUET plasma\PCMMD_LOCAL\set1\plasma\1692243680022_p_0.jpg,1,plasma
0.0,0.82672119140625,0.0,0.0,0.2924096998825573,0.028208458956331013,0.0,0.6898856368719363,0.6720451803768382,0.7608400831035539,F:\BUET plasma\PCMMD_LOCAL\set1\plasma\1692243680119_p_0.jpg,1,plasma
0.0,0.75933837890625,0.0,0.0,0.29840949563419117,0.016991695404052733,0.0,0.6837991153492647,0.6638552198223039,0.7571171779258579,F:\BUET plasma\PCMMD_LOCAL\set1\plasma\1692243680119_p_1.jpg,1,plasma
0.0,0.79669189453125,0.0,0.0,0.29971812129799835,0.011494387090206146,0.0,0.7146391027113971,0.6617077397365196,0.7244987936580882,F:\BUET plasma\PCMMD_LOCAL\set1\plasma\1692243680119_p_2.jpg,1,plasma
0.0,0.89898681640625,0.0,0.0,0.33692371642667485,0.0264995955824852,0.0,0.6296518363204657,0.5910615808823529,0.7685154335171569,F:\BUET plasma\PCMMD_LOCAL\set1\plasma\1692243680133_p_0.jpg,1,plasma
0.0,0.86175537109375,0.0,0.0,0.3172165415645425,0.021077899750322104,0.0,0.6523784562653187,0.5779014437806372,0.8180704752604167,F:\BUET plasma\PCMMD_LOCAL\set1\plasma\1692243680133_p_1.jpg,1,plasma
0.0,0.83074951171875,0.0,0.0,0.30930494919321894,0.012666457042098045,0.0,0.6877824371936274,0.6103407915900735,0.7739619236366422,F:\BUET plasma\PCMMD_LOCAL\set1\plasma\1692243680133_p_10.jpg,1,plasma
0.0,0.78533935546875,0.0,0.0,0.3022212009803922,0.02400980707630515,0.0,0.6761426738664216,0.6783552581188725,0.7388384650735295,F:\BUET plasma\PCMMD_LOCAL\set1\plasma\1692243680133_p_11.jpg,1,plasma
6.103515625e-05,0.83551025390625,7.305135510263716e-05,7.304868698233507e-05,0.36904408573325165,0.018034961815923452,0.0,0.6206887637867647,0.5634169634650735,0.7087620155484069,F:\BUET plasma\PCMMD_LOCAL\set1\plasma\1692243680133_p_12.jpg,1,plasma
0.0,0.7847900390625,0.0,0.0,0.3099866281147876,0.02448647975921631,0.0,0.6667164522058824,0.5953668332567402,0.8079568301930147,F:\BUET plasma\PCMMD_LOCAL\set1\plasma\1692243680133_p_2.jpg,1,plasma
0.0,0.70867919921875,0.0,0.0,0.2588507359323937,0.014325404033064842,0.0,0.7338505763633578,0.6579331341911765,0.8316640816482843,F:\BUET plasma\PCMMD_LOCAL\set1\plasma\1692243680133_p_3.jpg,1,plasma
0.0,0.73138427734375,0.0,0.0,0.28934382021037586,0.04229843376576901,0.0,0.6774014342064951,0.6460425283394607,0.8085245768229167,F:\BUET plasma\PCMMD_LOCAL\set1\plasma\1692243680133_p_4.jpg,1,plasma
0.0,0.73101806640625,0.0,0.0,0.3164998372395833,0.018329322930425405,0.0,0.670120299096201,0.6372429342830882,0.7431372549019608,F:\BUET plasma\PCMMD_LOCAL\set1\plasma\1692243680133_p_5.jpg,1,plasma
0.0,0.7606201171875,0.0,0.0,0.3415943021088643,0.016224767472594978,0.0,0.6411893956801471,0.6030783260569853,0.7309493719362745,F:\BUET plasma\PCMMD_LOCAL\set1\plasma\1692243680133_p_6.jpg,1,plasma
0.0,0.74932861328125,0.0,0.0,0.2883323918760212,0.017789208754897118,0.0,0.6949695063572304,0.6606696633731618,0.7793636546415441,F:\BUET plasma\PCMMD_LOCAL\set1\plasma\1692243680133_p_7.jpg,1,plasma
0.0,0.7451171875,0.0,0.0,0.30352663526348034,0.01758402156829834,0.0,0.6748860677083334,0.6359722062653186,0.7785618202359068,F:\BUET plasma\PCMMD_LOCAL\set1\plasma\1692243680133_p_8.jpg,1,plasma
0.0,0.85260009765625,0.0,0.0,0.3288530337265114,0.01217690336331725,0.0,0.6632391237745098,0.6121390548406863,0.7380627202052696,F:\BUET plasma\PCMMD_LOCAL\set1\plasma\1692243680133_p_9.jpg,1,plasma
0.0,0.778564453125,0.0,0.0,0.29475584341809646,0.02586933934316039,0.0,0.6758260091145833,0.6323077033547794,0.807598757276348,F:\BUET plasma\PCMMD_LOCAL\set1\plasma\1692243680147_p_0.jpg,1,plasma
0.0,0.86297607421875,0.0,0.0,0.3480802249285131,0.01817563050612807,0.0,0.6501804725796568,0.5945475260416667,0.7110313265931373,F:\BUET plasma\PCMMD_LOCAL\set1\plasma\1692243680147_p_1.jpg,1,plasma
0.0,0.738037109375,0.0,0.0,0.28019046160130723,0.016647476371377708,0.0,0.6842792585784314,0.6587689568014706,0.8163803998161765,F:\BUET plasma\PCMMD_LOCAL\set1\plasma\1692243680160_p_0.jpg,1,plasma
0.0,0.69195556640625,0.0,0.0,0.26276273041768783,0.016258833348751067,0.0,0.7210018382352941,0.6537825042126225,0.8369274662990196,F:\BUET plasma\PCMMD_LOCAL\set1\plasma\1692243680160_p_1.jpg,1,plasma
0.0,0.739013671875,0.0,0.0,0.3048840092677696,0.018744778390973806,0.0,0.6618956322763481,0.6530010148590686,0.7704513250612746,F:\BUET plasma\PCMMD_LOCAL\set1\plasma\1692243680160_p_2.jpg,1,plasma
0.0,0.73175048828125,0.0,0.0,0.30648233251633983,0.018018306732177733,0.0,0.6791602041207108,0.6369224398743872,0.7644703584558824,F:\BUET plasma\PCMMD_LOCAL\set1\plasma\1692243680172_p_2.jpg,1,plasma
0.0,0.7725830078125,0.0,0.0,0.32113994523590683,0.016274467702955007,0.0,0.6638042375153186,0.6173600739123775,0.7554158528645833,F:\BUET plasma\PCMMD_LOCAL\set1\plasma\1692243680184_p_0.jpg,1,plasma
0.0,0.7352294921875,0.0,0.0,0.29040319904003276,0.016611153468489646,0.0,0.7040019914215686,0.6744978362438725,0.7502905752144607,F:\BUET plasma\PCMMD_LOCAL\set1\plasma\1692243680196_p_0.jpg,1,plasma
0.0,0.7578125,0.0,0.0,0.3082903294781455,0.013983982291072608,0.0,0.6923550474877451,0.6491385665594362,0.7336353975183824,F:\BUET plasma\PCMMD_LOCAL\set1\plasma\1692243680196_p_1.jpg,1,plasma
0.00115966796875,0.7362060546875,0.001575194826728569,0.00157395550863177,0.3095886629391339,0.024760891791433096,0.23173247646388714,0.6545797909007353,0.6478486902573529,0.7688055300245098,F:\BUET plasma\PCMMD_LOCAL\set1\plasma\1692243680208_p_0.jpg,1,plasma
0.0,0.8148193359375,0.0,0.0,0.3381616530075572,0.014477027352899312,0.0,0.6188373640471814,0.5971256031709559,0.7695520737591912,F:\BUET plasma\PCMMD_LOCAL\set1\plasma\1692243680208_p_1.jpg,1,plasma
0.0,0.825927734375,0.0,0.0,0.33142879710477946,0.014911502685397864,0.0,0.6212598613664215,0.5811229032628676,0.8033308440563726,F:\BUET plasma\PCMMD_LOCAL\set1\plasma\1692243680221_p_0.jpg,1,plasma
0.0,0.87725830078125,0.0,0.0,0.3661354613459967,0.022456777717918156,0.0,0.6042016122855393,0.5511852787990196,0.746206724877451,F:\BUET plasma\PCMMD_LOCAL\set1\plasma\1692243680221_p_1.jpg,1,plasma
0.0,0.75823974609375,0.0,0.0,0.2812030867034314,0.028843704089522363,0.0,0.6748865464154412,0.649115109911152,0.8323890835631127,F:\BUET plasma\PCMMD_LOCAL\set1\plasma\1692243680233_p_0.jpg,1,plasma
0.0,0.73199462890625,0.0,0.0,0.2965466069240196,0.021229919578880072,0.0,0.6701100068933824,0.6460994944852941,0.7941506778492647,F:\BUET plasma\PCMMD_LOCAL\set1\plasma\1692243680233_p_1.jpg,1,plasma
0.0,0.7686767578125,0.0,0.0,0.30274554483251626,0.02179838803038001,0.0,0.6508080575980392,0.6680953680300246,0.7728599398743873,F:\BUET plasma\PCMMD_LOCAL\set1\plasma\1692243680233_p_2.jpg,1,plasma
0.0,0.734619140625,0.0,0.0,0.3205417209201389,0.01262758582830429,0.0,0.647060977711397,0.6275567746629902,0.7637570848651961,F:\BUET plasma\PCMMD_LOCAL\set1\plasma\1692243680246_p_0.jpg,1,plasma
0.0,0.73602294921875,0.0,0.0,0.3294905120251226,0.016984755516052247,0.0,0.6389361213235294,0.6063770967371324,0.7662152458639706,F:\BUET plasma\PCMMD_LOCAL\set1\plasma\1692243680246_p_1.jpg,1,plasma
0.0,0.9234619140625,0.0,0.0,0.4153268452563318,0.02749983560666442,0.0,0.5340676700367647,0.4742067823223039,0.7457450118719363,F:\BUET plasma\PCMMD_LOCAL\set1\plasma\1692243680246_p_2.jpg,1,plasma
0.0,0.9173583984375,0.0,0.0,0.37808295355902777,0.012845531404018402,0.0,0.5936231426164216,0.5367977366727941,0.7353302600337009,F:\BUET plasma\PCMMD_LOCAL\set1\plasma\1692243680246_p_3.jpg,1,plasma
0.0,0.73870849609375,0.0,0.0,0.3007377674377043,0.04523977445065975,0.0,0.6831978592218138,0.6536838905484068,0.7609049479166666,F:\BUET plasma\PCMMD_LOCAL\set1\plasma\1692243680259_p_0.jpg,1,plasma
0.0,0.82666015625,0.0,0.0,0.359445050806781,0.010859312709420919,0.0,0.6188196518841912,0.5591763365502451,0.7436688591452206,F:\BUET plasma\PCMMD_LOCAL\set1\plasma\1692243680259_p_1.jpg,1,plasma
0.0,0.6624755859375,0.0,0.0,0.2686557744842729,0.01769696044921875,0.0,0.7096490598192402,0.6842852424172794,0.8000983743106618,F:\BUET plasma\PCMMD_LOCAL\set1\plasma\1692243680259_p_2.jpg,1,plasma
0.0,0.81927490234375,0.0,0.0,0.3329249163858251,0.01387657805904746,0.0,0.6588883942248774,0.6126704197303922,0.7296664368872549,F:\BUET plasma\PCMMD_LOCAL\set1\plasma\1692243680259_p_3.jpg,1,plasma
0.0,0.864501953125,0.0,0.0,0.34210236991932197,0.01518533693253994,0.0,0.6386271158854167,0.5941765280330882,0.7408892463235294,F:\BUET plasma\PCMMD_LOCAL\set1\plasma\1692243680259_p_4.jpg,1,plasma
0.0,0.7608642578125,0.0,0.0,0.283523300270629,0.015142391201108694,0.0,0.7061501895680147,0.696402037377451,0.746877872242647,F:\BUET plasma\PCMMD_LOCAL\set1\plasma\1692243680272_p_0.jpg,1,plasma
0.0,0.81134033203125,0.0,0.0,0.29375686146854574,0.015969643738120796,0.0,0.6836243872549019,0.6661522958792893,0.7689527324601716,F:\BUET plasma\PCMMD_LOCAL\set1\plasma\1692243680272_p_1.jpg,1,plasma
0.0,0.68402099609375,0.0,0.0,0.21164271535437096,0.02014827271923423,0.0,0.766321040134804,0.7172387216605393,0.8815120921415441,F:\BUET plasma\PCMMD_LOCAL\set1\plasma\1692243680272_p_2.jpg,1,plasma
0.0,0.75299072265625,0.0,0.0,0.2827956654667074,0.021452651247382163,0.0,0.6908026003370098,0.6852529488357844,0.7755574544270833,F:\BUET plasma\PCMMD_LOCAL\set1\plasma\1692243680285_p_0.jpg,1,plasma
0.0,0.8104248046875,0.0,0.0,0.26240130655126626,0.01241539916023612,0.0,0.7270644244025736,0.6875782686121323,0.7981533873314951,F:\BUET plasma\PCMMD_LOCAL\set1\plasma\1692243680285_p_1.jpg,1,plasma
0.04541015625,0.69232177734375,0.06559111346204707,0.0635296813004144,0.32746558095894607,0.03355783739313483,0.47426935565585987,0.6372575348498775,0.6640110389859069,0.7163346832873775,F:\BUET plasma\PCMMD_LOCAL\set1\plasma\1692243680285_p_2.jpg,1,plasma
0.04339599609375,0.72198486328125,0.060106517879786964,0.05836939164117482,0.2988086575776143,0.017306576874107124,0.37546696676693536,0.6846880744485294,0.6785993987438725,0.7402865540747549,F:\BUET plasma\PCMMD_LOCAL\set1\plasma\1692243680285_p_3.jpg,1,plasma
0.0400390625,0.809326171875,0.04947209653092006,0.04828727253197915,0.3014058032066994,0.029038157548755408,0.35433168351370486,0.6650694604013481,0.6392369887408088,0.7914761412377451,F:\BUET plasma\PCMMD_LOCAL\set1\plasma\1692243680298_p_0.jpg,1,plasma
0.0,0.7935791015625,0.0,0.0,0.27016872829861116,0.016343378599733113,0.0,0.703506529564951,0.6704632927389705,0.8155239928002451,F:\BUET plasma\PCMMD_LOCAL\set1\plasma\1692243680298_p_1.jpg,1,plasma
0.0,0.8148193359375,0.0,0.0,0.28064347809436274,0.011303981244564056,0.0,0.7020543715533089,0.6711172066482843,0.7848979875153186,F:\BUET plasma\PCMMD_LOCAL\set1\plasma\1692243680298_p_2.jpg,1,plasma
0.0,0.84942626953125,0.0,0.0,0.3103243559793709,0.013863961324095725,0.0,0.6666511086856618,0.637713742723652,0.7646620806525736,F:\BUET plasma\PCMMD_LOCAL\set1\plasma\1692243680298_p_3.jpg,1,plasma
0.0,0.7479248046875,0.0,0.0,0.30916444865706705,0.019016568407416345,0.0,0.6660929361979167,0.6449903301164216,0.7614233877144608,F:\BUET plasma\PCMMD_LOCAL\set1\plasma\1692243680298_p_4.jpg,1,plasma
0.0,0.80181884765625,0.0,0.0,0.3199044819750817,0.008897115096449852,0.0,0.6855475930606618,0.6155172909007353,0.7392216701133578,F:\BUET plasma\PCMMD_LOCAL\set1\plasma\1692243680298_p_5.jpg,1,plasma
0.0,0.796875,0.0,0.0,0.29906189363766333,0.023761059388518333,0.0,0.698117005591299,0.6639993106617647,0.740698002833946,F:\BUET plasma\PCMMD_LOCAL\set1\plasma\1692243680298_p_6.jpg,1,plasma
0.0,0.67864990234375,0.0,0.0,0.24104315065870097,0.017258682992309333,0.0,0.7352235083486519,0.7177466299019608,0.8239004097732843,F:\BUET plasma\PCMMD_LOCAL\set1\plasma\1692243680311_p_0.jpg,1,plasma
0.0,0.6400146484375,0.0,0.0,0.2585390976051879,0.02012528743967414,0.0,0.7402358111213235,0.7320556640625,0.7520912320006128,F:\BUET plasma\PCMMD_LOCAL\set1\plasma\1692243680311_p_1.jpg,1,plasma
0.0,0.78753662109375,0.0,0.0,0.302401593775531,0.018440997060388327,0.0,0.6522262274050246,0.6470344094669118,0.7935345818014706,F:\BUET plasma\PCMMD_LOCAL\set1\plasma\1692243680311_p_2.jpg,1,plasma
0.0,0.75469970703125,0.0,0.0,0.22329229217728763,0.021663391437381507,0.0,0.7382968079810049,0.7295580097273284,0.862268305759804,F:\BUET plasma\PCMMD_LOCAL\set1\plasma\1692243680311_p_3.jpg,1,plasma
0.0,0.7742919921875,0.0,0.0,0.24013616025837414,0.018555587228387595,0.0,0.7123764935661765,0.7003528071384804,0.8668622185202206,F:\BUET plasma\PCMMD_LOCAL\set1\plasma\1692243680311_p_4.jpg,1,plasma
0.0,0.72344970703125,0.0,0.0,0.2342287549785539,0.01197098708152771,0.0,0.778509641161152,0.7280656403186274,0.7907384535845589,F:\BUET plasma\PCMMD_LOCAL\set1\plasma\1692243680324_p_0.jpg,1,plasma
0.0,0.795654296875,0.0,0.0,0.26283453648386434,0.015371539648622274,0.0,0.7367802638633578,0.700830078125,0.7738860485600491,F:\BUET plasma\PCMMD_LOCAL\set1\plasma\1692243680337_p_0.jpg,1,plasma
0.0,0.76953125,0.0,0.0,0.23895534939236118,0.007648145314306021,0.0,0.7608417585784314,0.6968663832720589,0.8254258099724264,F:\BUET plasma\PCMMD_LOCAL\set1\plasma\1692243680337_p_1.jpg,1,plasma
0.0,0.7373046875,0.0,0.0,0.2488929100285947,0.013318432059139013,0.0,0.7579963235294118,0.7153035481770833,0.7800213982077205,F:\BUET plasma\PCMMD_LOCAL\set1\plasma\1692243680337_p_2.jpg,1,plasma
0.0,0.8818359375,0.0,0.0,0.3457560221354167,0.012701120138168334,0.0,0.6579822016697304,0.5852079503676471,0.7195417815563725,F:\BUET plasma\PCMMD_LOCAL\set1\plasma\1692243680351_p_0.jpg,1,plasma
0.00323486328125,0.844482421875,0.003830586874819312,0.003823268859159628,0.3478207656760621,0.03368159469589591,0.48699495315718816,0.638662540211397,0.6146570542279411,0.7032181085324755,F:\BUET plasma\PCMMD_LOCAL\set1\plasma\1692243680351_p_1.jpg,1,plasma
0.0,0.86376953125,0.0,0.0,0.32519076478247544,0.01683345340192318,0.0,0.6795142080269608,0.6247769224877451,0.7201365751378677,F:\BUET plasma\PCMMD_LOCAL\set1\plasma\1692243680351_p_2.jpg,1,plasma
0.0,0.7991943359375,0.0,0.0,0.23834156709558818,0.011886028941720724,0.0,0.757098268995098,0.7021556181066176,0.8257214116115196,F:\BUET plasma\PCMMD_LOCAL\set1\plasma\1692243680351_p_3.jpg,1,plasma
0.0,0.7894287109375,0.0,0.0,0.2415664573120916,0.018738359913229943,0.0,0.7536204618566177,0.6951796587775735,0.8265005074295343,F:\BUET plasma\PCMMD_LOCAL\set1\plasma\1692243680351_p_4.jpg,1,plasma
0.0321044921875,0.7410888671875,0.04332070499094054,0.04240861196815106,0.27842435151143785,0.0375032262802124,0.19154091766815926,0.6983920228247549,0.6821590647977941,0.7841758578431373,F:\BUET plasma\PCMMD_LOCAL\set1\plasma\1692243680365_p_0.jpg,1,plasma
0.0,0.6954345703125,0.0,0.0,0.24614162071078427,0.018058265790343284,0.0,0.7483771829044118,0.733578431372549,0.7796195235906863,F:\BUET plasma\PCMMD_LOCAL\set1\plasma\1692243680365_p_1.jpg,1,plasma
0.0,0.66766357421875,0.0,0.0,0.20097185521343963,0.022089122518897056,0.0,0.7993812710631127,0.7414861940870098,0.8562169692095588,F:\BUET plasma\PCMMD_LOCAL\set1\plasma\1692243680365_p_2.jpg,1,plasma
0.0,0.71319580078125,0.0,0.0,0.23101264105902786,0.030647897109389304,0.0,0.7539847579656863,0.7172375248927696,0.8357397939644607,F:\BUET plasma\PCMMD_LOCAL\set1\plasma\1692243680378_p_0.jpg,1,plasma
0.0,0.753662109375,0.0,0.0,0.2469900492749183,0.020429748859256507,0.0,0.7448687385110294,0.6902975643382353,0.8238635493259804,F:\BUET plasma\PCMMD_LOCAL\set1\plasma\1692243680378_p_1.jpg,1,plasma
0.0,0.7840576171875,0.0,0.0,0.2737993227890114,0.016171538796275853,0.0,0.7043842390471814,0.710134947533701,0.7640828450520833,F:\BUET plasma\PCMMD_LOCAL\set1\plasma\1692243680378_p_2.jpg,1,plasma
0.0,0.76092529296875,0.0,0.0,0.2284904130923202,0.032499252524226904,0.0,0.7728726256127451,0.7172047334558823,0.8244514016544118,F:\BUET plasma\PCMMD_LOCAL\set1\plasma\1692243680390_p_0.jpg,1,plasma
0.0,0.81976318359375,0.0,0.0,0.31549367468341505,0.01890721872076392,0.0,0.6802394492953432,0.6228527592677696,0.7504267673866422,F:\BUET plasma\PCMMD_LOCAL\set1\plasma\1692243680390_p_1.jpg,1,plasma
0.0,0.832275390625,0.0,0.0,0.3160140293096405,0.03121397851407528,0.0,0.6890203737745098,0.6437021292892157,0.7192354090073529,F:\BUET plasma\PCMMD_LOCAL\set1\plasma\1692243680390_p_2.jpg,1,plasma
0.0,0.8009033203125,0.0,0.0,0.3454908981821896,0.018185712799429894,0.0,0.6209333831188726,0.5924098594515932,0.7501840628829657,F:\BUET plasma\PCMMD_LOCAL\set1\plasma\1692243680390_p_3.jpg,1,plasma
0.0,0.7796630859375,0.0,0.0,0.3262996897977941,0.01488086400926113,0.0,0.6558837890625,0.605322026271446,0.7598951152726716,F:\BUET plasma\PCMMD_LOCAL\set1\plasma\1692243680390_p_4.jpg,1,plasma
0.0,0.8067626953125,0.0,0.0,0.333050417432598,0.02101256101951003,0.0,0.6332727768841911,0.6072694067861519,0.7603065640318627,F:\BUET plasma\PCMMD_LOCAL\set1\plasma\1692243680390_p_5.jpg,1,plasma
0.0,0.8974609375,0.0,0.0,0.2963701235702614,0.018206509437412022,0.0,0.6526348039215686,0.6507968079810049,0.8074580173866421,F:\BUET plasma\PCMMD_LOCAL\set1\plasma\1692243680390_p_6.jpg,1,plasma
0.0,0.81829833984375,0.0,0.0,0.27352893305759807,0.013023430809378624,0.0,0.6945247874540441,0.6782415651807598,0.806646848192402,F:\BUET plasma\PCMMD_LOCAL\set1\plasma\1692243680390_p_7.jpg,1,plasma
0.03076171875,0.7830810546875,0.03928293063133281,0.03853098556832322,0.2716960433261847,0.03538610182702542,0.4101416360744584,0.7209467869178922,0.6532987706801471,0.8106663124234068,F:\BUET plasma\PCMMD_LOCAL\set1\plasma\1692243680402_p_0.jpg,1,plasma
0.0,0.77294921875,0.0,0.0,0.3027660494536356,0.020170133408159017,0.0,0.6756907743566176,0.640139830346201,0.7758712469362745,F:\BUET plasma\PCMMD_LOCAL\set1\plasma\1692243680402_p_1.jpg,1,plasma
0.0,0.7861328125,0.0,0.0,0.29443830103656043,0.02636391633376479,0.0,0.6962744619332107,0.6768202837775735,0.7435903511795343,F:\BUET plasma\PCMMD_LOCAL\set1\plasma\1692243680402_p_2.jpg,1,plasma
0.0,0.6962890625,0.0,0.0,0.23444792304942808,0.021455072164535523,0.0,0.7735899682138481,0.733520268458946,0.7895459941789216,F:\BUET plasma\PCMMD_LOCAL\set1\plasma\1692243680402_p_3.jpg,1,plasma
0.0,0.81427001953125,0.0,0.0,0.3314098881740196,0.018279919564723968,0.0,0.6567093194699755,0.6135088752297794,0.7355521407781863,F:\BUET plasma\PCMMD_LOCAL\set1\plasma\1692243680402_p_4.jpg,1,plasma
0.0,0.7364501953125,0.0,0.0,0.27927964154411766,0.0224693333953619,0.0,0.7026929668351716,0.6508140414368873,0.8086540670955882,F:\BUET plasma\PCMMD_LOCAL\set1\plasma\1692243680415_p_0.jpg,1,plasma
0.0,0.87457275390625,0.0,0.0,0.32495907054227946,0.02295165228843689,0.0,0.6537834616268382,0.6165027094822304,0.7548366172640931,F:\BUET plasma\PCMMD_LOCAL\set1\plasma\1692243680415_p_1.jpg,1,plasma
0.0,0.76812744140625,0.0,0.0,0.32636375676572704,0.021342145681381226,0.0,0.6349468156403186,0.6457220339307598,0.7402398801317402,F:\BUET plasma\PCMMD_LOCAL\set1\plasma\1692243680415_p_2.jpg,1,plasma
0.0,0.7091064453125,0.0,0.0,0.3231116600285947,0.017894020974636077,0.0,0.6361713484221814,0.6270038679534313,0.767489803538603,F:\BUET plasma\PCMMD_LOCAL\set1\plasma\1692243680415_p_3.jpg,1,plasma
0.0,0.83099365234375,0.0,0.0,0.32171822342218137,0.015373604353517294,0.0,0.667917049632353,0.6313830805759804,0.7355451995251225,F:\BUET plasma\PCMMD_LOCAL\set1\plasma\1692243680415_p_4.jpg,1,plasma
0.0,0.89495849609375,0.0,0.0,0.3176410749846814,0.017333842739462854,0.0,0.6574884152879902,0.6369571461397059,0.7526312136182598,F:\BUET plasma\PCMMD_LOCAL\set1\plasma\1692243680415_p_5.jpg,1,plasma
0.0,0.78375244140625,0.0,0.0,0.3045168409160539,0.011409036099910737,0.0,0.6750323127297794,0.6444268918504902,0.7669902726715686,F:\BUET plasma\PCMMD_LOCAL\set1\plasma\1692243680415_p_6.jpg,1,plasma
0.0,0.70404052734375,0.0,0.0,0.25970921734579255,0.016384394224733114,0.0,0.70902099609375,0.692800963158701,0.8190503887101716,F:\BUET plasma\PCMMD_LOCAL\set1\plasma\1692243680415_p_7.jpg,1,plasma
0.0,0.7513427734375,0.0,0.0,0.2930985594107435,0.025753066029399634,0.0,0.6900771197150736,0.6536475088082108,0.7769796932444853,F:\BUET plasma\PCMMD_LOCAL\set1\plasma\1692243680428_p_0.jpg,1,plasma
0.0,0.69561767578125,0.0,0.0,0.2073990566278594,0.01503112345561385,0.0,0.7678162817861519,0.7429373946844363,0.8670491536458333,F:\BUET plasma\PCMMD_LOCAL\set1\plasma\1692243680428_p_1.jpg,1,plasma
0.0,0.78802490234375,0.0,0.0,0.3251508725234886,0.02575576376914978,0.0,0.6351909562653186,0.6450542375153187,0.7443021886488971,F:\BUET plasma\PCMMD_LOCAL\set1\plasma\1692243680428_p_2.jpg,1,plasma
0.00164794921875,0.86962890625,0.0018950028074115664,0.0018932095547133862,0.37569771560968135,0.015753248631954195,0.8785586201763613,0.5885825961243872,0.5504605162377451,0.7338637408088236,F:\BUET plasma\PCMMD_LOCAL\set1\plasma\1692243680428_p_3.jpg,1,plasma
0.0,0.88623046875,0.0,0.0,0.36068729575163394,0.01875677680596709,0.0,0.6258193072150735,0.5545374253216911,0.7375813802083333,F:\BUET plasma\PCMMD_LOCAL\set1\plasma\1692243680428_p_4.jpg,1,plasma
0.0,0.95263671875,0.0,0.0,0.38797918581495094,0.014259384155273438,0.0,0.5907305549172794,0.5159184474571078,0.7294134401807598,F:\BUET plasma\PCMMD_LOCAL\set1\plasma\1692243680428_p_5.jpg,1,plasma
0.0,0.89385986328125,0.0,0.0,0.38020258884803926,0.013386597838252783,0.0,0.6067303825827206,0.530404603247549,0.7222572476256127,F:\BUET plasma\PCMMD_LOCAL\set1\plasma\1692243680428_p_6.jpg,1,plasma
0.0,0.8441162109375,0.0,0.0,0.34660245608660134,0.013028055056929588,0.0,0.633822571997549,0.5782671760110294,0.7481028837316176,F:\BUET plasma\PCMMD_LOCAL\set1\plasma\1692243680428_p_7.jpg,1,plasma
0.0,0.81427001953125,0.0,0.0,0.33690273309844765,0.026010105337947606,0.0,0.6275531843596813,0.6044043447457108,0.7573342715992647,F:\BUET plasma\PCMMD_LOCAL\set1\plasma\1692243680440_p_0.jpg,1,plasma
0.0,0.710205078125,0.0,0.0,0.33707682291666663,0.02351290798187256,0.0,0.6528906728707108,0.6327670228247549,0.7031118355545343,F:\BUET plasma\PCMMD_LOCAL\set1\plasma\1692243680440_p_1.jpg,1,plasma
0.0,0.75689697265625,0.0,0.0,0.3834462284262663,0.022945201620459557,0.0,0.5878398820465687,0.5483149509803922,0.7135064816942402,F:\BUET plasma\PCMMD_LOCAL\set1\plasma\1692243680440_p_2.jpg,1,plasma
0.0,0.84197998046875,0.0,0.0,0.3201244478911357,0.015791949953883885,0.0,0.6412250593596813,0.6117153990502451,0.7866861979166667,F:\BUET plasma\PCMMD_LOCAL\set1\plasma\1692243680440_p_3.jpg,1,plasma
0.00164794921875,0.7608642578125,0.0021658912241296325,0.0021635490630333275,0.2789281109579249,0.03732868228852749,0.39370313462231527,0.6869040096507353,0.6716497683057598,0.8046618891697304,F:\BUET plasma\PCMMD_LOCAL\set1\plasma\1692243680452_p_0.jpg,1,plasma
0.0,0.82177734375,0.0,0.0,0.356045671849469,0.02357521980628371,0.0,0.6140864353553922,0.5817248774509803,0.7360516716452206,F:\BUET plasma\PCMMD_LOCAL\set1\plasma\1692243680452_p_1.jpg,1,plasma
0.0,0.69891357421875,0.0,0.0,0.25426129110498374,0.016080505833029748,0.0,0.7220614564185049,0.7071978400735294,0.8079568301930147,F:\BUET plasma\PCMMD_LOCAL\set1\plasma\1692243680452_p_10.jpg,1,plasma
0.0,0.85650634765625,0.0,0.0,0.33078573388991017,0.011945138320326804,0.0,0.6215449314491421,0.6105851715686275,0.7755126953125,F:\BUET plasma\PCMMD_LOCAL\set1\plasma\1692243680452_p_11.jpg,1,plasma
0.0,0.83856201171875,0.0,0.0,0.32865062040441173,0.02758976134285331,0.0,0.6489705403645833,0.6051654890471814,0.759912109375,F:\BUET plasma\PCMMD_LOCAL\set1\plasma\1692243680452_p_2.jpg,1,plasma
0.0,0.84710693359375,0.0,0.0,0.363562091503268,0.018320913072675468,0.0,0.6237589518229166,0.573407102098652,0.7121476715686275,F:\BUET plasma\PCMMD_LOCAL\set1\plasma\1692243680452_p_3.jpg,1,plasma
0.0,0.79656982421875,0.0,0.0,0.3177171894148284,0.016911398887634276,0.0,0.6646395814185049,0.6621333103553921,0.7200755399816177,F:\BUET plasma\PCMMD_LOCAL\set1\plasma\1692243680452_p_4.jpg,1,plasma
0.0,0.7584228515625,0.0,0.0,0.2839398552389706,0.02823694133386016,0.0,0.673028444776348,0.6600643382352941,0.8150876512714461,F:\BUET plasma\PCMMD_LOCAL\set1\plasma\1692243680452_p_5.jpg,1,plasma
0.0,0.84014892578125,0.0,0.0,0.35305215673508983,0.019795661315321924,0.0,0.602920592064951,0.5885170132506128,0.7494059244791667,F:\BUET plasma\PCMMD_LOCAL\set1\plasma\1692243680465_p_0.jpg,1,plasma
0.0,0.79205322265625,0.0,0.0,0.32682523041768785,0.02387733167409897,0.0,0.6283619600183824,0.6363716873468137,0.7547906613817402,F:\BUET plasma\PCMMD_LOCAL\set1\plasma\1692243680465_p_1.jpg,1,plasma
0.03167724609375,0.79107666015625,0.04004320654270504,0.039262257042922966,0.3561760397518382,0.030389801248908044,0.3242231353393081,0.599655091528799,0.6126237457873774,0.7191930434283088,F:\BUET plasma\PCMMD_LOCAL\set1\plasma\1692243680465_p_2.jpg,1,plasma
0.0,0.74053955078125,0.0,0.0,0.2784876206341912,0.0429434814453125,0.0,0.6712397556678922,0.6538215188419118,0.8394758635876225,F:\BUET plasma\PCMMD_LOCAL\set1\plasma\1692243680465_p_3.jpg,1,plasma
0.0,0.8267822265625,0.0,0.0,0.272921772875817,0.027360138114541768,0.0,0.6906132716758578,0.6619123870251226,0.8287090226715687,F:\BUET plasma\PCMMD_LOCAL\set1\plasma\1692243680465_p_4.jpg,1,plasma
0.0,0.77862548828125,0.0,0.0,0.303659316916871,0.0151335179656744,0.0,0.6465382295496324,0.6446545170802697,0.7978293026194853,F:\BUET plasma\PCMMD_LOCAL\set1\plasma\1692243680465_p_5.jpg,1,plasma
0.0,0.70465087890625,0.0,0.0,0.24991463056576801,0.02031368824467063,0.0,0.7133777094822303,0.6988489487591911,0.8380294500612745,F:\BUET plasma\PCMMD_LOCAL\set1\plasma\1692243680465_p_6.jpg,1,plasma
0.0,0.7725830078125,0.0,0.0,0.27460011999591505,0.015016766011714935,0.0,0.6966265510110294,0.6547681621476715,0.8248049268535539,F:\BUET plasma\PCMMD_LOCAL\set1\plasma\1692243680465_p_7.jpg,1,plasma
0.0,0.7939453125,0.0,0.0,0.3266910328584559,0.011549894418567418,0.0,0.6493147307751226,0.6248604568780637,0.7457517137714461,F:\BUET plasma\PCMMD_LOCAL\set1\plasma\1692243680465_p_8.jpg,1,plasma
0.0,0.78948974609375,0.0,0.0,0.3385903352226307,0.012339209463447333,0.0,0.6552380131740196,0.6039931353400735,0.7249978458180147,F:\BUET plasma\PCMMD_LOCAL\set1\plasma\1692243680504_p_0.jpg,1,plasma
0.0,0.86474609375,0.0,0.0,0.33787594464869275,0.009169917091727257,0.0,0.6286029890471814,0.5964013193167892,0.761367857689951,F:\BUET plasma\PCMMD_LOCAL\set1\plasma\1692243680504_p_1.jpg,1,plasma
0.0,0.88812255859375,0.0,0.0,0.34678205103656046,0.010050981488078833,0.0,0.6078706629136029,0.5846629423253676,0.7671202416513481,F:\BUET plasma\PCMMD_LOCAL\set1\plasma\1692243680504_p_2.jpg,1,plasma
0.0,0.8721923828125,0.0,0.0,0.32339625140420747,0.00937037955224514,0.0,0.6363834156709559,0.6196593041513481,0.7737685259650735,F:\BUET plasma\PCMMD_LOCAL\set1\plasma\1692243680504_p_3.jpg,1,plasma
0.0,0.73858642578125,0.0,0.0,0.2656117557700163,0.013114467486739159,0.0,0.7313981598498774,0.7171702665441176,0.7545963062959559,F:\BUET plasma\PCMMD_LOCAL\set1\plasma\1692243680517_p_0.jpg,1,plasma
0.0,0.72442626953125,0.0,0.0,0.2835515439899918,0.012540759429335593,0.0,0.6954989564185049,0.6604714786305147,0.7933749329810049,F:\BUET plasma\PCMMD_LOCAL\set1\plasma\1692243680517_p_1.jpg,1,plasma
0.0,0.7598876953125,0.0,0.0,0.3270998487285539,0.02166199716553092,0.0,0.649276673560049,0.6103328929227941,0.7590908873314951,F:\BUET plasma\PCMMD_LOCAL\set1\plasma\1692243680543_p_0.jpg,1,plasma
0.0,0.7442626953125,0.0,0.0,0.2830364551419525,0.022218118131160737,0.0,0.6955377316942402,0.6886364506740196,0.7667164522058824,F:\BUET plasma\PCMMD_LOCAL\set1\plasma\1692243680543_p_1.jpg,1,plasma
0.0,0.81103515625,0.0,0.0,0.3496245340584151,0.011390755619853735,0.0,0.6363017961090687,0.5846638997395833,0.7301607019761029,F:\BUET plasma\PCMMD_LOCAL\set1\plasma\1692243680581_p_0.jpg,1,plasma
0.0,0.83709716796875,0.0,0.0,0.3140628989225899,0.021000342782586813,0.0,0.6784229951746323,0.6397879806219363,0.7396003274356617,F:\BUET plasma\PCMMD_LOCAL\set1\plasma\1692243680595_p_0.jpg,1,plasma
0.0,0.7962646484375,0.0,0.0,0.38084980085784315,0.02139972347021103,0.0,0.5938787722120098,0.5434809666053921,0.7200908586090686,F:\BUET plasma\PCMMD_LOCAL\set1\plasma\1692243680660_p_0.jpg,1,plasma
0.0,0.90875244140625,0.0,0.0,0.37022904539419943,0.022874993547797203,0.0,0.6185865215226716,0.5643908930759803,0.70633544921875,F:\BUET plasma\PCMMD_LOCAL\set1\plasma\1692243680672_p_0.jpg,1,plasma
0.0,0.8519287109375,0.0,0.0,0.3508927887561275,0.06529874962195754,0.0,0.6709850834865196,0.5704901003370098,0.7058464499080882,F:\BUET plasma\PCMMD_LOCAL\set1\plasma\Copia_de_Plasmocitos_25_p_0.jpg,1,plasma
0.0,0.8516845703125,0.0,0.0,0.37222046696282685,0.07345079880580306,0.0,0.6418693991268383,0.5348836263020833,0.706585573682598,F:\BUET plasma\PCMMD_LOCAL\set1\plasma\Copia_de_Plasmocitos_25_p_1.jpg,1,plasma
0.0,0.855712890625,0.0,0.0,0.2722385780484069,0.09743281477317214,0.0,0.7397836722579657,0.5717275582107844,0.8717730353860295,F:\BUET plasma\PCMMD_LOCAL\set1\plasma\IMG00000_p_10.jpg,1,plasma
0.0,0.70281982421875,0.0,0.0,0.22485582937602122,0.09798228951916099,0.0,0.7922624176623775,0.6488534964767156,0.8843165977328431,F:\BUET plasma\PCMMD_LOCAL\set1\plasma\IMG00000_p_11.jpg,1,plasma
0.0,0.825927734375,0.0,0.0,0.26175688699959154,0.10940043777227401,0.0,0.7360526290594362,0.5672655292585784,0.9114111806832108,F:\BUET plasma\PCMMD_LOCAL\set1\plasma\IMG00000_p_12.jpg,1,plasma
0.0,0.937744140625,0.0,0.0,0.3406774184283088,0.0757026271186769,0.0,0.6522908528645833,0.5084238089767157,0.8172530828737745,F:\BUET plasma\PCMMD_LOCAL\set1\plasma\IMG00000_p_13.jpg,1,plasma
0.0,0.869140625,0.0,0.0,0.2881037294475082,0.08219707104191185,0.0,0.7064194623161765,0.5498367608762255,0.8794325884650736,F:\BUET plasma\PCMMD_LOCAL\set1\plasma\IMG00000_p_14.jpg,1,plasma
0.0,0.99395751953125,0.0,0.0,0.3852950750612745,0.07039900754392148,0.0,0.6061971028645833,0.4549663468903186,0.7829513250612745,F:\BUET plasma\PCMMD_LOCAL\set1\plasma\IMG00000_p_15.jpg,1,plasma
0.0,0.86114501953125,0.0,0.0,0.28695355583639703,0.0824089598506689,0.0,0.7020424038756128,0.5427363376991422,0.8943605909160539,F:\BUET plasma\PCMMD_LOCAL\set1\plasma\IMG00000_p_16.jpg,1,plasma
0.0,0.78887939453125,0.0,0.0,0.22524533739276964,0.1545990897268057,0.0,0.7764935661764706,0.6296836703431372,0.9180867513020833,F:\BUET plasma\PCMMD_LOCAL\set1\plasma\IMG00000_p_17.jpg,1,plasma
0.0,0.8802490234375,0.0,0.0,0.24560778250102122,0.21245475932583213,0.0,0.7535508099724265,0.5925960765165441,0.9170297660079657,F:\BUET plasma\PCMMD_LOCAL\set1\plasma\IMG00000_p_18.jpg,1,plasma
0.0,0.90850830078125,0.0,0.0,0.2521254595588235,0.2526363119147718,0.0,0.7539172602634804,0.58116455078125,0.908541810278799,F:\BUET plasma\PCMMD_LOCAL\set1\plasma\IMG00000_p_19.jpg,1,plasma
0.0,0.930908203125,0.0,0.0,0.268954487719567,0.1952196843624115,0.0,0.7285417145373775,0.5504708084405637,0.9141240138633578,F:\BUET plasma\PCMMD_LOCAL\set1\plasma\IMG00000_p_20.jpg,1,plasma
0.0,0.98126220703125,0.0,0.0,0.36639954810049025,0.07800704073533415,0.0,0.6344910864736519,0.4631237553615196,0.8031865138633578,F:\BUET plasma\PCMMD_LOCAL\set1\plasma\IMG00000_p_4.jpg,1,plasma
0.0,0.91400146484375,0.0,0.0,0.3204037734885621,0.08286745565757156,0.0,0.6716579063265932,0.5099803251378676,0.857150448069853,F:\BUET plasma\PCMMD_LOCAL\set1\plasma\IMG00000_p_5.jpg,1,plasma
0.0,0.95379638671875,0.0,0.0,0.2851069431678922,0.12583714221417905,0.0,0.7098096660539216,0.5336799172794118,0.9011895871629902,F:\BUET plasma\PCMMD_LOCAL\set1\plasma\IMG00000_p_6.jpg,1,plasma
0.0,0.92138671875,0.0,0.0,0.2572229721966912,0.1144178088568151,0.0,0.7428598441329657,0.5758260091145834,0.9096452301623774,F:\BUET plasma\PCMMD_LOCAL\set1\plasma\IMG00000_p_7.jpg,1,plasma
0.0,0.85626220703125,0.0,0.0,0.24120016659007348,0.20741718196868897,0.0,0.7589652267156862,0.593401979932598,0.9240322935814951,F:\BUET plasma\PCMMD_LOCAL\set1\plasma\IMG00000_p_8.jpg,1,plasma
0.0,0.93011474609375,0.0,0.0,0.2794063393586602,0.11526949237287044,0.0,0.7284766103707108,0.5486139035692402,0.8846904679840686,F:\BUET plasma\PCMMD_LOCAL\set1\plasma\IMG00000_p_9.jpg,1,plasma
0.0,0.80621337890625,0.0,0.0,0.23651745366115196,0.1287109801620245,0.0,0.7801815257352941,0.6259452071844362,0.8843209060968137,F:\BUET plasma\PCMMD_LOCAL\set1\plasma\IMG00002_p_1.jpg,1,plasma
0.0,0.64752197265625,0.0,0.0,0.18028883591196898,0.20122760036215187,0.0,0.8201119217218137,0.6743760052849265,0.9646455652573529,F:\BUET plasma\PCMMD_LOCAL\set1\plasma\IMG00002_p_10.jpg,1,plasma
0.0,0.8072509765625,0.0,0.0,0.2645897958792892,0.14194515934213997,0.0,0.7228917738970588,0.5516584807751226,0.9316803576899509,F:\BUET plasma\PCMMD_LOCAL\set1\plasma\IMG00002_p_11.jpg,1,plasma
0.0,0.869873046875,0.0,0.0,0.25710401348039214,0.17697777270898224,0.0,0.740496706495098,0.5471337411917893,0.9410575118719363,F:\BUET plasma\PCMMD_LOCAL\set1\plasma\IMG00002_p_12.jpg,1,plasma
0.0,0.852294921875,0.0,0.0,0.2751706590839461,0.10257420879229903,0.0,0.7123441808363971,0.5292729396446079,0.9328709022671569,F:\BUET plasma\PCMMD_LOCAL\set1\plasma\IMG00002_p_13.jpg,1,plasma
0.0,0.939208984375,0.0,0.0,0.2857306985294118,0.111734020575881,0.0,0.7038346832873774,0.5391850490196078,0.8997881721047795,F:\BUET plasma\PCMMD_LOCAL\set1\plasma\IMG00002_p_14.jpg,1,plasma
0.0,0.97314453125,0.0,0.0,0.35310888352736924,0.07723382544517517,0.0,0.6371270871629902,0.45427605124080883,0.8492702110140932,F:\BUET plasma\PCMMD_LOCAL\set1\plasma\IMG00002_p_15.jpg,1,plasma
0.0,0.89312744140625,0.0,0.0,0.314364643969567,0.08495387211069465,0.0,0.686489928002451,0.5072186638327206,0.8631974762561274,F:\BUET plasma\PCMMD_LOCAL\set1\plasma\IMG00002_p_2.jpg,1,plasma
0.0,0.96630859375,0.0,0.0,0.29322645399305547,0.09596313093602657,0.0,0.6984078201593137,0.5105365827971814,0.9113762350643382,F:\BUET plasma\PCMMD_LOCAL\set1\plasma\IMG00002_p_3.jpg,1,plasma
0.0,0.8055419921875,0.0,0.0,0.2216872670292075,0.12819721549749374,0.0,0.7732347675398284,0.6083491306678922,0.9533543007046569,F:\BUET plasma\PCMMD_LOCAL\set1\plasma\IMG00002_p_4.jpg,1,plasma
0.0,0.8154296875,0.0,0.0,0.24312592550040846,0.10325905585289001,0.0,0.7445015701593137,0.5902111577052697,0.9359094956341911,F:\BUET plasma\PCMMD_LOCAL\set1\plasma\IMG00002_p_5.jpg,1,plasma
0.0,0.875,0.0,0.0,0.27331000434027786,0.10761163350567221,0.0,0.7047133501838235,0.5397705078125,0.9355861289828431,F:\BUET plasma\PCMMD_LOCAL\set1\plasma\IMG00002_p_6.jpg,1,plasma
0.0,0.72174072265625,0.0,0.0,0.21594629225388073,0.11812946372851729,0.0,0.7839065850949755,0.6308612898284314,0.937393248314951,F:\BUET plasma\PCMMD_LOCAL\set1\plasma\IMG00002_p_7.jpg,1,plasma
0.0,0.9827880859375,0.0,0.0,0.39784007352941175,0.07236219404637814,0.0,0.6022437002144608,0.44506333295036765,0.7591727462469363,F:\BUET plasma\PCMMD_LOCAL\set1\plasma\IMG00002_p_8.jpg,1,plasma
0.0,0.83843994140625,0.0,0.0,0.21795869715073535,0.1500464479587972,0.0,0.7918909409466912,0.6031257180606617,0.9511072495404411,F:\BUET plasma\PCMMD_LOCAL\set1\plasma\IMG00002_p_9.jpg,1,plasma
0.012939453125,0.987060546875,0.01310907741775909,0.013023897078572842,0.5044550876991422,0.05292647737264633,0.286368797005544,0.4947227328431373,0.38383812997855393,0.6080738740808823,F:\BUET plasma\PCMMD_LOCAL\set1\plasma\IMG00003_p_10.jpg,1,plasma
6.103515625e-05,0.99993896484375,6.103888176768602e-05,6.103701897094392e-05,0.4781620200163398,0.0879338253699243,0.0,0.5205343807444853,0.4074783624387255,0.6375011967677696,F:\BUET plasma\PCMMD_LOCAL\set1\plasma\IMG00003_p_11.jpg,1,plasma
0.0003662109375,0.9996337890625,0.00036634509708145075,0.0003662780091007747,0.48520635467728757,0.05679096579551697,0.0,0.5145732804840686,0.39313007429534313,0.6366775811887255,F:\BUET plasma\PCMMD_LOCAL\set1\plasma\IMG00003_p_12.jpg,1,plasma
0.08660888671875,0.91339111328125,0.09482124958235884,0.09059110755243503,0.5385825961243873,0.10948835867270827,0.0666098214812579,0.45441176470588235,0.357547056908701,0.5722933900122549,F:\BUET plasma\PCMMD_LOCAL\set1\plasma\IMG00003_p_13.jpg,1,plasma
0.054443359375,0.945556640625,0.057578104828298476,0.05598148720459152,0.5268199646395016,0.06226537647470832,0.10604158328646304,0.4671223958333333,0.35870169845281863,0.5937160117953432,F:\BUET plasma\PCMMD_LOCAL\set1\plasma\IMG00003_p_14.jpg,1,plasma
0.00146484375,0.99853515625,0.001466992665036675,0.0014659176824962832,0.4855605979370915,0.06045405739173293,0.4192316271847829,0.5260809206495098,0.40874382467830883,0.6084934608609068,F:\BUET plasma\PCMMD_LOCAL\set1\plasma\IMG00003_p_15.jpg,1,plasma
0.20880126953125,0.79119873046875,0.2639049602715421,0.23420610323919147,0.5788099500868056,0.049746103044599296,0.03698110961523987,0.4166659486060049,0.30351730047487746,0.543386900658701,F:\BUET plasma\PCMMD_LOCAL\set1\plasma\IMG00003_p_16.jpg,1,plasma
0.177734375,0.822265625,0.2161520190023753,0.19569179135712636,0.5727886922998366,0.04382407107576728,0.05892909703894598,0.4171628465839461,0.3143119064031863,0.5501591701133578,F:\BUET plasma\PCMMD_LOCAL\set1\plasma\IMG00003_p_3.jpg,1,plasma
0.08465576171875,0.91534423828125,0.09248516369940654,0.08845506775755428,0.5299974628523284,0.04460303269326687,0.08268305207920663,0.45894727519914214,0.34926949295343135,0.6017908432904412,F:\BUET plasma\PCMMD_LOCAL\set1\plasma\IMG00003_p_4.jpg,1,plasma
0.01055908203125,0.98944091796875,0.010671766084757263,0.010615224697661144,0.5061068665747549,0.058281637415289876,0.43369119406350476,0.4811789119944853,0.3706933115042892,0.6298071767769607,F:\BUET plasma\PCMMD_LOCAL\set1\plasma\IMG00003_p_5.jpg,1,plasma
0.0,1.0,0.0,0.0,0.4899007161458333,0.07685203155502678,0.0,0.5025089039522059,0.38579245174632354,0.6419964958639706,F:\BUET plasma\PCMMD_LOCAL\set1\plasma\IMG00003_p_6.jpg,1,plasma
0.0,1.0,0.0,0.0,0.46370530471303106,0.09874338768422604,0.0,0.5331478343290441,0.4192760991115196,0.6564601524203432,F:\BUET plasma\PCMMD_LOCAL\set1\plasma\IMG00003_p_7.jpg,1,plasma
0.0,1.0,0.0,0.0,0.47718585643892975,0.10037243376672268,0.0,0.5180187748927696,0.4018090341605392,0.6486146216299019,F:\BUET plasma\PCMMD_LOCAL\set1\plasma\IMG00003_p_8.jpg,1,plasma
0.0,1.0,0.0,0.0,0.4931239308874592,0.048647783394902944,0.0,0.5077466777726716,0.38158437691482844,0.6312971526501225,F:\BUET plasma\PCMMD_LOCAL\set1\plasma\IMG00003_p_9.jpg,1,plasma
0.000244140625,0.9996337890625,0.00024423006472096715,0.00024420024541379245,0.4904979032628677,0.052040450558066366,0.0,0.5089381797640932,0.4033090628829657,0.6162590475643382,F:\BUET plasma\PCMMD_LOCAL\set1\plasma\IMG00005_p_10.jpg,1,plasma
0.0,1.0,0.0,0.0,0.5143379161560457,0.05234278618916869,0.0,0.48341686772365194,0.36391457950367645,0.6096548043045343,F:\BUET plasma\PCMMD_LOCAL\set1\plasma\IMG00005_p_11.jpg,1,plasma
6.103515625e-05,0.99993896484375,6.103888176768602e-05,6.103701897094392e-05,0.49202465979881527,0.061424109127372506,0.0,0.503262149586397,0.3980361040900735,0.6226277669270833,F:\BUET plasma\PCMMD_LOCAL\set1\plasma\IMG00005_p_12.jpg,1,plasma
0.0,1.0,0.0,0.0,0.4871149599162582,0.07233350192010403,0.0,0.5059709137561275,0.3924141678155637,0.6402700386795344,F:\BUET plasma\PCMMD_LOCAL\set1\plasma\IMG00005_p_13.jpg,1,plasma
0.0107421875,0.9892578125,0.01085883514313919,0.010800301350769714,0.5446779737285539,0.05432090638577938,0.2553188889901637,0.45817224839154413,0.3499925800398284,0.5578012503829657,F:\BUET plasma\PCMMD_LOCAL\set1\plasma\IMG00005_p_4.jpg,1,plasma
0.1051025390625,0.8948974609375,0.11744646023734824,0.11104613605570243,0.5531401590584151,0.05161065885052085,0.10339210715756231,0.4363039502910539,0.33965681487438726,0.5646187576593137,F:\BUET plasma\PCMMD_LOCAL\set1\plasma\IMG00005_p_5.jpg,1,plasma
0.00030517578125,0.99969482421875,0.00030526894193784725,0.0003052223568548029,0.48974298215379897,0.09486168646812439,0.5390120952601716,0.5052444757199754,0.3840298521752451,0.6414967256433823,F:\BUET plasma\PCMMD_LOCAL\set1\plasma\IMG00005_p_6.jpg,1,plasma
0.0,0.99993896484375,0.0,0.0,0.48909010544321896,0.07448365226015449,0.0,0.509964049096201,0.38905077167585783,0.6337148628982843,F:\BUET plasma\PCMMD_LOCAL\set1\plasma\IMG00005_p_7.jpg,1,plasma
0.00030517578125,0.99945068359375,0.0003053435114503817,0.00030529690360774943,0.46420962265114374,0.14147628518566488,0.0,0.5333144244025735,0.42131275850183825,0.6527439491421568,F:\BUET plasma\PCMMD_LOCAL\set1\plasma\IMG00005_p_8.jpg,1,plasma
0.02606201171875,0.97393798828125,0.026759415930312714,0.026407644428807057,0.5002683951184641,0.0622176131606102,0.19129386562413275,0.4975119198069853,0.3759930778952206,0.625689816942402,F:\BUET plasma\PCMMD_LOCAL\set1\plasma\IMG00005_p_9.jpg,1,plasma
0.0,0.811279296875,0.0,0.0,0.3362026239532271,0.11609651544317603,0.0,0.64974365234375,0.5031563553155637,0.8384921204810049,F:\BUET plasma\PCMMD_LOCAL\set1\plasma\IMG00006_p_0.jpg,1,plasma
0.0,0.8526611328125,0.0,0.0,0.35307720907373374,0.06915123915299773,0.0,0.636562930836397,0.48565075444240197,0.8185546875,F:\BUET plasma\PCMMD_LOCAL\set1\plasma\IMG00006_p_1.jpg,1,plasma
0.0,0.90313720703125,0.0,0.0,0.3597539764603759,0.06740041345357894,0.0,0.6332289751838235,0.45788765701593137,0.8296214384191176,F:\BUET plasma\PCMMD_LOCAL\set1\plasma\IMG00006_p_10.jpg,1,plasma
0.0,0.81512451171875,0.0,0.0,0.31831469566993464,0.08634975716099143,0.0,0.6727804744944853,0.5070958754595588,0.865179563036152,F:\BUET plasma\PCMMD_LOCAL\set1\plasma\IMG00006_p_11.jpg,1,plasma
0.0,0.8355712890625,0.0,0.0,0.29416232638888884,0.12059419366344809,0.0,0.6901821959252451,0.5178976619944853,0.909433162913603,F:\BUET plasma\PCMMD_LOCAL\set1\plasma\IMG00006_p_12.jpg,1,plasma
0.0,0.83837890625,0.0,0.0,0.3136289509293301,0.08865541434288025,0.0,0.6488446403952206,0.5049735274969362,0.9052949793198529,F:\BUET plasma\PCMMD_LOCAL\set1\plasma\IMG00006_p_2.jpg,1,plasma
0.0,0.89208984375,0.0,0.0,0.3593775531045751,0.07312429593503475,0.0,0.6106888116574755,0.47040848077512254,0.8407700482536765,F:\BUET plasma\PCMMD_LOCAL\set1\plasma\IMG00006_p_3.jpg,1,plasma
0.0,0.81005859375,0.0,0.0,0.3013307259752859,0.08296396814286709,0.0,0.6715968711703432,0.5097246955422794,0.9146862553615196,F:\BUET plasma\PCMMD_LOCAL\set1\plasma\IMG00006_p_4.jpg,1,plasma
0.0,0.8544921875,0.0,0.0,0.28473865783292485,0.08126071026548744,0.0,0.6875064625459559,0.5414876302083333,0.9167899337469363,F:\BUET plasma\PCMMD_LOCAL\set1\plasma\IMG00006_p_5.jpg,1,plasma
0.0,0.80078125,0.0,0.0,0.2638673470690359,0.16559588637575506,0.0,0.7030955595128676,0.5631443397671568,0.9421580595128677,F:\BUET plasma\PCMMD_LOCAL\set1\plasma\IMG00006_p_6.jpg,1,plasma
0.0,0.79864501953125,0.0,0.0,0.28056161917892153,0.1677510545514524,0.0,0.6912451650582108,0.5400618010876226,0.927008176317402,F:\BUET plasma\PCMMD_LOCAL\set1\plasma\IMG00006_p_7.jpg,1,plasma
0.0,0.769775390625,0.0,0.0,0.26615221609477124,0.1278565244525671,0.0,0.7154584099264706,0.5510088752297794,0.9350760665594363,F:\BUET plasma\PCMMD_LOCAL\set1\plasma\IMG00006_p_8.jpg,1,plasma
0.0,0.7669677734375,0.0,0.0,0.3105269288705065,0.08372520991787315,0.0,0.6696190927542892,0.5157094918045343,0.8830906288296568,F:\BUET plasma\PCMMD_LOCAL\set1\plasma\IMG00006_p_9.jpg,1,plasma
0.0,0.82305908203125,0.0,0.0,0.30109687755310455,0.09221197551488876,0.0,0.6839611577052697,0.5146522671568627,0.898095942478554,F:\BUET plasma\PCMMD_LOCAL\set1\plasma\IMG00007_p_10.jpg,1,plasma
0.0,0.82000732421875,0.0,0.0,0.27473655152165033,0.11939986660704016,0.0,0.7046582988664216,0.5500162760416667,0.9211157705269608,F:\BUET plasma\PCMMD_LOCAL\set1\plasma\IMG00007_p_11.jpg,1,plasma
0.0,0.9716796875,0.0,0.0,0.40410658892463236,0.06148225924000144,0.0,0.5780129825367647,0.4253686044730392,0.784298646216299,F:\BUET plasma\PCMMD_LOCAL\set1\plasma\IMG00007_p_12.jpg,1,plasma
0.00567626953125,0.97515869140625,0.005820867497026976,0.005803991703986713,0.46965962328942,0.056606818780303,0.2491073789055277,0.5140572342218137,0.3668904622395833,0.7100734336703431,F:\BUET plasma\PCMMD_LOCAL\set1\plasma\IMG00007_p_13.jpg,1,plasma
0.0,0.85699462890625,0.0,0.0,0.3163918887867647,0.08900955909490585,0.0,0.6624100030637254,0.5071418313419118,0.8812724992340686,F:\BUET plasma\PCMMD_LOCAL\set1\plasma\IMG00007_p_3.jpg,1,plasma
0.0,0.8482666015625,0.0,0.0,0.3525901245915033,0.10695072140917182,0.0,0.6237962909773285,0.48487955729166665,0.8335537779564951,F:\BUET plasma\PCMMD_LOCAL\set1\plasma\IMG00007_p_4.jpg,1,plasma
0.0,0.79632568359375,0.0,0.0,0.25784808389501634,0.13023852103576064,0.0,0.7213998831954657,0.5698725681678921,0.9351832969515932,F:\BUET plasma\PCMMD_LOCAL\set1\plasma\IMG00007_p_5.jpg,1,plasma
0.0,0.8363037109375,0.0,0.0,0.2753271963082108,0.16331165527924896,0.0,0.702236758961397,0.5370507333792892,0.9347309187346814,F:\BUET plasma\PCMMD_LOCAL\set1\plasma\IMG00007_p_6.jpg,1,plasma
0.0,0.78082275390625,0.0,0.0,0.2694936714920343,0.1938730306625366,0.0,0.7084228515625,0.5577371036305147,0.9253590303308824,F:\BUET plasma\PCMMD_LOCAL\set1\plasma\IMG00007_p_7.jpg,1,plasma
0.0,0.947509765625,0.0,0.0,0.36628394033394607,0.0800473250746727,0.0,0.6197957356770833,0.4709156709558823,0.8104367723651961,F:\BUET plasma\PCMMD_LOCAL\set1\plasma\IMG00007_p_8.jpg,1,plasma
0.0,0.93994140625,0.0,0.0,0.357952920751634,0.06783970879018307,0.0,0.6297731885723039,0.4549227845435049,0.8414452646292893,F:\BUET plasma\PCMMD_LOCAL\set1\plasma\IMG00007_p_9.jpg,1,plasma
0.0,0.96466064453125,0.0,0.0,0.40408233443116826,0.13127402871847152,0.0,0.572921693091299,0.42107196882659315,0.7937593347886029,F:\BUET plasma\PCMMD_LOCAL\set1\plasma\IMG00008_p_10.jpg,1,plasma
0.0,0.90179443359375,0.0,0.0,0.344613667407067,0.08953830288350582,0.0,0.6396695006127451,0.47454451018688726,0.8519449869791667,F:\BUET plasma\PCMMD_LOCAL\set1\plasma\IMG00008_p_11.jpg,1,plasma
0.0,0.83331298828125,0.0,0.0,0.31439240898182197,0.07410937975347041,0.0,0.6613721660539216,0.5103192497702206,0.8851313572303922,F:\BUET plasma\PCMMD_LOCAL\set1\plasma\IMG00008_p_2.jpg,1,plasma
0.0,0.9154052734375,0.0,0.0,0.3342956144046161,0.11555324709042906,0.0,0.6402614219515932,0.4791427313112745,0.8777090035232843,F:\BUET plasma\PCMMD_LOCAL\set1\plasma\IMG00008_p_3.jpg,1,plasma
0.0,0.80633544921875,0.0,0.0,0.3050946403952206,0.08815107131004334,0.0,0.6717189414828432,0.5159191655177696,0.8970779718137255,F:\BUET plasma\PCMMD_LOCAL\set1\plasma\IMG00008_p_4.jpg,1,plasma
6.103515625e-05,0.8734130859375,6.988120195667365e-05,6.987876037922645e-05,0.28055635340073526,0.11598491488397121,0.0,0.7050920075061274,0.5318660960477941,0.9213728362438726,F:\BUET plasma\PCMMD_LOCAL\set1\plasma\IMG00008_p_5.jpg,1,plasma
0.0,0.80499267578125,0.0,0.0,0.27448371438419117,0.14175058543309568,0.0,0.6972242168351716,0.5461648380055147,0.9331598020067402,F:\BUET plasma\PCMMD_LOCAL\set1\plasma\IMG00008_p_6.jpg,1,plasma
0.0,0.80908203125,0.0,0.0,0.27650066699857023,0.16973294210061432,0.0,0.6938318589154412,0.5454391180300245,0.9312270220588236,F:\BUET plasma\PCMMD_LOCAL\set1\plasma\IMG00008_p_7.jpg,1,plasma
0.0,0.810791015625,0.0,0.0,0.2752796447354984,0.1076515137515962,0.0,0.7120040594362745,0.5544395297181373,0.9077174766390932,F:\BUET plasma\PCMMD_LOCAL\set1\plasma\IMG00008_p_8.jpg,1,plasma
0.0,0.82000732421875,0.0,0.0,0.29264554291768785,0.09998623743280768,0.0,0.6949307310814951,0.5379164751838236,0.8892161649816176,F:\BUET plasma\PCMMD_LOCAL\set1\plasma\IMG00008_p_9.jpg,1,plasma
0.0,0.74786376953125,0.0,0.0,0.3386916615604575,0.0797185971736908,0.0,0.6564467486213236,0.507577694163603,0.819900572533701,F:\BUET plasma\PCMMD_LOCAL\set1\plasma\IMG00010_p_2.jpg,1,plasma
0.0,0.83392333984375,0.0,0.0,0.3005489972681781,0.16255617724359037,0.0,0.6642920400582107,0.5139076382506127,0.9201533298866421,F:\BUET plasma\PCMMD_LOCAL\set1\plasma\IMG00010_p_3.jpg,1,plasma
0.0,0.9571533203125,0.0,0.0,0.3937496808619281,0.08316018208488822,0.0,0.5797873104319853,0.4357242359834559,0.8032394109987745,F:\BUET plasma\PCMMD_LOCAL\set1\plasma\IMG00010_p_4.jpg,1,plasma
0.0,0.8525390625,0.0,0.0,0.321875079784518,0.0943379347883165,0.0,0.6492316750919118,0.4918966854319853,0.893246400122549,F:\BUET plasma\PCMMD_LOCAL\set1\plasma\IMG00010_p_5.jpg,1,plasma
0.0,0.83349609375,0.0,0.0,0.3284384733711192,0.07918354392051696,0.0,0.6552911496629902,0.48619408700980393,0.8731993432138481,F:\BUET plasma\PCMMD_LOCAL\set1\plasma\IMG00010_p_6.jpg,1,plasma
0.0,0.91241455078125,0.0,0.0,0.3853734234579249,0.06690744274482131,0.0,0.595965456495098,0.4355188706341912,0.8123954024969363,F:\BUET plasma\PCMMD_LOCAL\set1\plasma\IMG00010_p_7.jpg,1,plasma
0.0,0.9127197265625,0.0,0.0,0.3418654099009396,0.08604841457307338,0.0,0.6325604607077205,0.46679496017156863,0.8750483494178921,F:\BUET plasma\PCMMD_LOCAL\set1\plasma\IMG00010_p_8.jpg,1,plasma
0.0,0.85931396484375,0.0,0.0,0.3306726792279412,0.09335874074697495,0.0,0.6462462182138481,0.48136824065563727,0.8803675034466911,F:\BUET plasma\PCMMD_LOCAL\set1\plasma\IMG00010_p_9.jpg,1,plasma
0.0,0.83624267578125,0.0,0.0,0.29334182240604567,0.13306105709075927,0.0,0.6774770699295343,0.5276809991574755,0.9148164636948529,F:\BUET plasma\PCMMD_LOCAL\set1\plasma\IMG00012_p_10.jpg,1,plasma
0.0,0.7593994140625,0.0,0.0,0.2515181398080065,0.18993973957002164,0.0,0.73060302734375,0.5842900294883578,0.9305525237438725,F:\BUET plasma\PCMMD_LOCAL\set1\plasma\IMG00012_p_11.jpg,1,plasma
0.0,0.77874755859375,0.0,0.0,0.3223038417841094,0.07976132675632834,0.0,0.6497000899969363,0.512536860447304,0.8708515242034314,F:\BUET plasma\PCMMD_LOCAL\set1\plasma\IMG00012_p_12.jpg,1,plasma
0.0,0.83978271484375,0.0,0.0,0.31796675538705066,0.10071220168098807,0.0,0.661453306908701,0.518032896752451,0.866613530177696,F:\BUET plasma\PCMMD_LOCAL\set1\plasma\IMG00012_p_13.jpg,1,plasma
0.0,0.92535400390625,0.0,0.0,0.3960579267514298,0.06502487438544631,0.0,0.581875670189951,0.4363824582567402,0.7935680912990196,F:\BUET plasma\PCMMD_LOCAL\set1\plasma\IMG00012_p_14.jpg,1,plasma
0.0,0.82220458984375,0.0,0.0,0.29818051406760626,0.10631015104055405,0.0,0.677114928002451,0.5138296089920343,0.9145139208026961,F:\BUET plasma\PCMMD_LOCAL\set1\plasma\IMG00012_p_15.jpg,1,plasma
0.0,0.86712646484375,0.0,0.0,0.2970237981260212,0.16142491732537748,0.0,0.6748408298866422,0.5146304859834558,0.9194572897518383,F:\BUET plasma\PCMMD_LOCAL\set1\plasma\IMG00012_p_16.jpg,1,plasma
0.0,0.913818359375,0.0,0.0,0.3028672162224265,0.09821212409436703,0.0,0.6811568914675246,0.5055599437040441,0.904681516161152,F:\BUET plasma\PCMMD_LOCAL\set1\plasma\IMG00012_p_17.jpg,1,plasma
0.0,0.82177734375,0.0,0.0,0.3130316042432598,0.08151202076300978,0.0,0.6584867589613971,0.5052557253370098,0.8971627029718138,F:\BUET plasma\PCMMD_LOCAL\set1\plasma\IMG00012_p_18.jpg,1,plasma
0.0006103515625,0.92279052734375,0.0006614194060453733,0.0006612007646338297,0.41451096877553106,0.11878501892089843,0.11430091005163992,0.5781398399203431,0.4034478879442402,0.7748793658088236,F:\BUET plasma\PCMMD_LOCAL\set1\plasma\IMG00012_p_19.jpg,1,plasma
0.0,0.932373046875,0.0,0.0,0.35020600362540844,0.07338624778017401,0.0,0.6430975222120098,0.4659811580882353,0.8403033088235294,F:\BUET plasma\PCMMD_LOCAL\set1\plasma\IMG00012_p_20.jpg,1,plasma
0.0029296875,0.9970703125,0.002938295788442703,0.0029339874347875383,0.4886240042892157,0.044857802655547854,0.33688255755920055,0.5010433421415441,0.3648095224417892,0.6682751225490197,F:\BUET plasma\PCMMD_LOCAL\set1\plasma\IMG00012_p_3.jpg,1,plasma
0.0,0.9652099609375,0.0,0.0,0.3934550366370506,0.07307523916661739,0.0,0.5987833658854167,0.4588941387101716,0.7619573854932598,F:\BUET plasma\PCMMD_LOCAL\set1\plasma\IMG00012_p_4.jpg,1,plasma
0.0,0.84869384765625,0.0,0.0,0.3050945606107026,0.07454674373567104,0.0,0.6751120174632353,0.5294716030943627,0.8801326976102941,F:\BUET plasma\PCMMD_LOCAL\set1\plasma\IMG00012_p_5.jpg,1,plasma
0.0,0.75787353515625,0.0,0.0,0.27129736008986927,0.08506556759774685,0.0,0.7048263250612745,0.5581983379289216,0.9230832567401961,F:\BUET plasma\PCMMD_LOCAL\set1\plasma\IMG00012_p_6.jpg,1,plasma
0.0,0.80511474609375,0.0,0.0,0.2870216120302288,0.09637981938943267,0.0,0.6907841701133578,0.5387953814338236,0.9093556123621324,F:\BUET plasma\PCMMD_LOCAL\set1\plasma\IMG00012_p_7.jpg,1,plasma
0.0,0.86810302734375,0.0,0.0,0.29794307534211606,0.12439500417932868,0.0,0.67750244140625,0.5263260186887255,0.9023423138786765,F:\BUET plasma\PCMMD_LOCAL\set1\plasma\IMG00012_p_8.jpg,1,plasma
0.0,0.78857421875,0.0,0.0,0.28152134714562904,0.10342914782464505,0.0,0.68585205078125,0.5440769569546569,0.9255069508272059,F:\BUET plasma\PCMMD_LOCAL\set1\plasma\IMG00012_p_9.jpg,1,plasma
0.0,0.87469482421875,0.0,0.0,0.31220439836090685,0.08427712768316269,0.0,0.6746751972273284,0.5182315602022058,0.8704800474877451,F:\BUET plasma\PCMMD_LOCAL\set1\plasma\IMG00014_p_1.jpg,1,plasma
0.0,0.79608154296875,0.0,0.0,0.31303559346915844,0.08658210335671902,0.0,0.6694838579963235,0.5204247568167892,0.8709846047794118,F:\BUET plasma\PCMMD_LOCAL\set1\plasma\IMG00014_p_2.jpg,1,plasma
0.0,0.81463623046875,0.0,0.0,0.2547131906147876,0.13488245099410415,0.0,0.726534974341299,0.5815561331954657,0.9277693206188725,F:\BUET plasma\PCMMD_LOCAL\set1\plasma\IMG00014_p_3.jpg,1,plasma
0.0,0.807861328125,0.0,0.0,0.33717862796160136,0.07796283286809921,0.0,0.6260957605698529,0.4594985064338235,0.9028698491115196,F:\BUET plasma\PCMMD_LOCAL\set1\plasma\IMG00014_p_4.jpg,1,plasma
0.0,0.82763671875,0.0,0.0,0.2952320772058824,0.09239542756974697,0.0,0.6991469439338235,0.5217605890012255,0.893396235447304,F:\BUET plasma\PCMMD_LOCAL\set1\plasma\IMG00014_p_5.jpg,1,plasma
0.67431640625,0.32568359375,2.070464767616192,1.1218289402437747,0.6552648207720588,0.2302640938721597,0.26681832201493916,0.3300240310968137,0.2880079082414216,0.41617359834558826,F:\BUET plasma\PCMMD_LOCAL\set1\plasma\IMG00083_p_10.jpg,1,plasma
0.349609375,0.650390625,0.5375375375375375,0.43018213505906394,0.5877555498110703,0.2609782749079168,0.3628301009596101,0.39904258578431373,0.3512324314491422,0.4864583333333333,F:\BUET plasma\PCMMD_LOCAL\set1\plasma\IMG00083_p_3.jpg,1,plasma
0.2689208984375,0.7310791015625,0.36784104191016864,0.3132336150148266,0.5767769607843137,0.36533098792657254,0.6459381279547384,0.4039340150122549,0.36032738779105394,0.50540771484375,F:\BUET plasma\PCMMD_LOCAL\set1\plasma\IMG00083_p_4.jpg,1,plasma
0.332275390625,0.667724609375,0.4976234003656307,0.40387945186326213,0.6154147677951389,0.26865076607093213,0.4078276878258928,0.36364793964460784,0.3039361691942402,0.48617158777573527,F:\BUET plasma\PCMMD_LOCAL\set1\plasma\IMG00083_p_5.jpg,1,plasma
0.55914306640625,0.44085693359375,1.2683095666620519,0.8190348697883876,0.6259418562346813,0.22867430114746093,0.23742972775004867,0.35103711894914214,0.29818809359681375,0.47294921875,F:\BUET plasma\PCMMD_LOCAL\set1\plasma\IMG00083_p_6.jpg,1,plasma
0.56597900390625,0.43402099609375,1.3040360005625087,0.8346623679557164,0.6317570306117238,0.23717787855491043,0.3078154961458139,0.3466715494791667,0.278219544653799,0.47983781403186276,F:\BUET plasma\PCMMD_LOCAL\set1\plasma\IMG00083_p_7.jpg,1,plasma
0.47589111328125,0.52410888671875,0.9080004658204263,0.6460558171667496,0.6247874540441176,0.23832710226997733,0.12665107794499003,0.35562337239583336,0.30798842486213235,0.4620258406096814,F:\BUET plasma\PCMMD_LOCAL\set1\plasma\IMG00083_p_8.jpg,1,plasma
0.46099853515625,0.53900146484375,0.8552825274600838,0.618036990370432,0.6055550768484477,0.27011841839179396,0.05296369601532988,0.370187318091299,0.33158796721813727,0.4815594841452206,F:\BUET plasma\PCMMD_LOCAL\set1\plasma\IMG00083_p_9.jpg,1,plasma
0.285400390625,0.71234130859375,0.4006511867020821,0.33693726183885436,0.5491441514756945,0.2778853518329561,0.08149331943329602,0.41945537492340684,0.3520098517922794,0.5811023188572304,F:\BUET plasma\PCMMD_LOCAL\set1\plasma\IMG00085_p_5.jpg,1,plasma
0.27020263671875,0.72467041015625,0.37286279794491706,0.3168981931290615,0.5504537345537173,0.28095353899896147,0.5204441251120914,0.42000564874387253,0.3597467160692402,0.5688864315257353,F:\BUET plasma\PCMMD_LOCAL\set1\plasma\IMG00085_p_6.jpg,1,plasma
0.46844482421875,0.53155517578125,0.8812722471007004,0.6319482751464948,0.672082439746732,0.261082991655916,0.127610983563846,0.3190692976409314,0.3071490119485294,0.35753437117034315,F:\BUET plasma\PCMMD_LOCAL\set1\plasma\IMG00099_p_0.jpg,1,plasma
0.99005126953125,0.00994873046875,25.0,3.258096538021482,0.7912036771088644,0.18868847819790244,0.7853981633974483,0.19530196844362746,0.1902300666360294,0.24085693359375,F:\BUET plasma\PCMMD_LOCAL\set1\plasma\IMG00100_p_0.jpg,1,plasma
0.98931884765625,0.01068115234375,25.0,3.258096538021482,0.7911443174274918,0.17161540018022062,0.7853981633974483,0.1971789790134804,0.19079613779105392,0.2385919309129902,F:\BUET plasma\PCMMD_LOCAL\set1\plasma\IMG00100_p_1.jpg,1,plasma
0.0,0.94537353515625,0.0,0.0,0.39267123353247546,0.08258870673179626,0.0,0.6084915460324755,0.47694929534313724,0.7365454580269608,F:\BUET plasma\PCMMD_LOCAL\set1\plasma\IMG00233_p_0.jpg,1,plasma
0.0155029296875,0.835205078125,0.01856182402806197,0.018391655900968844,0.34690842971303104,0.13617425319179893,0.3137749774431506,0.6366871553308824,0.5078718596813725,0.814715695848652,F:\BUET plasma\PCMMD_LOCAL\set1\plasma\IMG00233_p_1.jpg,1,plasma
0.0,0.99395751953125,0.0,0.0,0.42155442580678104,0.07751690578460693,0.0,0.5566700654871324,0.4029119753370098,0.7757546817555147,F:\BUET plasma\PCMMD_LOCAL\set1\plasma\IMG00233_p_10.jpg,1,plasma
0.0,0.70452880859375,0.0,0.0,0.2257648941738153,0.25418518827855585,0.0,0.7807882869944853,0.6559058095894608,0.8860112208946078,F:\BUET plasma\PCMMD_LOCAL\set1\plasma\IMG00233_p_2.jpg,1,plasma
0.0,0.8671875,0.0,0.0,0.36075511259191173,0.09763109761103987,0.0,0.6257994408700981,0.4804476868872549,0.8114875344669118,F:\BUET plasma\PCMMD_LOCAL\set1\plasma\IMG00233_p_3.jpg,1,plasma
0.0,0.91497802734375,0.0,0.0,0.3824991861979167,0.06901874458417297,0.0,0.6074886546415441,0.47158873314950983,0.7734250536151961,F:\BUET plasma\PCMMD_LOCAL\set1\plasma\IMG00233_p_4.jpg,1,plasma
0.0,0.91180419921875,0.0,0.0,0.3136954912173202,0.1361403058618307,0.0,0.6824716605392157,0.5424967447916667,0.8339451210171569,F:\BUET plasma\PCMMD_LOCAL\set1\plasma\IMG00233_p_5.jpg,1,plasma
0.0,0.91229248046875,0.0,0.0,0.36576829299428104,0.11963468752801418,0.0,0.6063804476868873,0.47087785309436275,0.8254368202359068,F:\BUET plasma\PCMMD_LOCAL\set1\plasma\IMG00233_p_6.jpg,1,plasma
0.0,0.87762451171875,0.0,0.0,0.3269488964205475,0.3056196493469179,0.0,0.6616397633272059,0.5220253140318627,0.8354882333792892,F:\BUET plasma\PCMMD_LOCAL\set1\plasma\IMG00233_p_7.jpg,1,plasma
0.0,0.94512939453125,0.0,0.0,0.4021220288245506,0.10863943456113338,0.0,0.5712208467371324,0.4398645737591912,0.7825484930300245,F:\BUET plasma\PCMMD_LOCAL\set1\plasma\IMG00233_p_8.jpg,1,plasma
0.0,0.87237548828125,0.0,0.0,0.3410646126940359,0.10987795513495803,0.0,0.6384344362745098,0.49757391237745097,0.8407978132659314,F:\BUET plasma\PCMMD_LOCAL\set1\plasma\IMG00233_p_9.jpg,1,plasma
0.00115966796875,0.9163818359375,0.0012654855468229652,0.0012646854948866653,0.3885564268024918,0.14264044433459638,0.15378787877345393,0.5764275045955882,0.4400385837928922,0.8178646312040441,F:\BUET plasma\PCMMD_LOCAL\set1\plasma\IMG00237_p_0.jpg,1,plasma
0.000732421875,0.98675537109375,0.0007422527370569679,0.0007419774037303198,0.3984491485396241,0.0757856004089117,0.8001063703614795,0.5958096373314951,0.45397111481311275,0.7548718022365196,F:\BUET plasma\PCMMD_LOCAL\set1\plasma\IMG00237_p_1.jpg,1,plasma
0.0,0.948974609375,0.0,0.0,0.3619876238255719,0.12373058867454528,0.0,0.6050939223345588,0.4788748946844363,0.8300683115042892,F:\BUET plasma\PCMMD_LOCAL\set1\plasma\IMG00237_p_2.jpg,1,plasma
0.01806640625,0.97991943359375,0.0184366241046403,0.018268730010972123,0.42814861621732025,0.07283318173512816,0.39472604289796065,0.5324649586397059,0.39650304457720587,0.7865861481311275,F:\BUET plasma\PCMMD_LOCAL\set1\plasma\IMG00237_p_3.jpg,1,plasma
0.0001220703125,0.981689453125,0.00012434717731907486,0.00012433944684965597,0.42020080167483664,0.06475075326859951,0.0,0.5692859126072304,0.4114547430300245,0.7586569393382353,F:\BUET plasma\PCMMD_LOCAL\set1\plasma\IMG00237_p_4.jpg,1,plasma
6.103515625e-05,0.99993896484375,6.103888176768602e-05,6.103701897094392e-05,0.46280996285232845,0.06130213641747832,0.0,0.5278621897977941,0.3861261106004902,0.6975818110447304,F:\BUET plasma\PCMMD_LOCAL\set1\plasma\IMG00237_p_5.jpg,1,plasma
0.0,0.97991943359375,0.0,0.0,0.4382808510774102,0.05534120315313339,0.0,0.5430187748927696,0.4098781211703431,0.7322605507046569,F:\BUET plasma\PCMMD_LOCAL\set1\plasma\IMG00238_p_1.jpg,1,plasma
0.0,0.96630859375,0.0,0.0,0.39468571282679743,0.07008157935366034,0.0,0.5927619485294118,0.4683115042892157,0.7548694087009804,F:\BUET plasma\PCMMD_LOCAL\set1\plasma\IMG00238_p_2.jpg,1,plasma
0.0,0.9202880859375,0.0,0.0,0.38566216362847217,0.09139889108762145,0.0,0.5922478170955883,0.44910601447610293,0.8016596775428921,F:\BUET plasma\PCMMD_LOCAL\set1\plasma\IMG00238_p_3.jpg,1,plasma
0.0,0.95867919921875,0.0,0.0,0.38258982141033493,0.08403359511122108,0.0,0.6184812059589461,0.4860476026348039,0.7477017271752451,F:\BUET plasma\PCMMD_LOCAL\set1\plasma\IMG00239_p_0.jpg,1,plasma
0.0,0.89141845703125,0.0,0.0,0.34981386271956705,0.08291016217693686,0.0,0.6567665249693627,0.5206767961090686,0.7731150907628677,F:\BUET plasma\PCMMD_LOCAL\set1\plasma\IMG00239_p_1.jpg,1,plasma
0.0,0.81036376953125,0.0,0.0,0.28229988447201804,0.2357624904476106,0.0,0.7008597579656862,0.5812595741421569,0.870981014476103,F:\BUET plasma\PCMMD_LOCAL\set1\plasma\IMG00239_p_13.jpg,1,plasma
0.0,0.74029541015625,0.0,0.0,0.2687452927134396,0.12592412805184722,0.0,0.7158866134344363,0.6004332299325981,0.8774442784926471,F:\BUET plasma\PCMMD_LOCAL\set1\plasma\IMG00239_p_2.jpg,1,plasma
0.0,0.83099365234375,0.0,0.0,0.28952373429840683,0.18030987916886806,0.0,0.6949089499080883,0.5721768248314951,0.8643430223651961,F:\BUET plasma\PCMMD_LOCAL\set1\plasma\IMG00239_p_3.jpg,1,plasma
0.0,0.81756591796875,0.0,0.0,0.3402652516084559,0.09084690223634243,0.0,0.642626953125,0.5165917490042892,0.8199855430453431,F:\BUET plasma\PCMMD_LOCAL\set1\plasma\IMG00239_p_4.jpg,1,plasma
0.0,0.66546630859375,0.0,0.0,0.26951058580984477,0.09333920381963252,0.0,0.7311458812040441,0.5942739449295343,0.8660484164368872,F:\BUET plasma\PCMMD_LOCAL\set1\plasma\IMG00239_p_5.jpg,1,plasma
0.0,0.855712890625,0.0,0.0,0.3774672564338235,0.09519887473806739,0.0,0.6137953814338235,0.48154416551776963,0.7722586837469363,F:\BUET plasma\PCMMD_LOCAL\set1\plasma\IMG00239_p_6.jpg,1,plasma
0.06048583984375,0.927001953125,0.06524888069528575,0.06320846265364376,0.44936371846915846,0.057401001915335655,0.3017867868487076,0.5528133616727942,0.41180419921875,0.6872912837009804,F:\BUET plasma\PCMMD_LOCAL\set1\plasma\IMG00239_p_7.jpg,1,plasma
0.0006103515625,0.93109130859375,0.0006555227794165847,0.0006553080182082019,0.4204378414777369,0.10622686978802084,0.20212953453552035,0.5540960573682598,0.4430419921875,0.7415484260110294,F:\BUET plasma\PCMMD_LOCAL\set1\plasma\IMG00242_p_0.jpg,1,plasma
0.0,0.83013916015625,0.0,0.0,0.37194521037581707,0.19842761298641562,0.0,0.5872979856004902,0.46704843558517156,0.8298179476868872,F:\BUET plasma\PCMMD_LOCAL\set1\plasma\IMG00242_p_1.jpg,1,plasma
0.0,0.943359375,0.0,0.0,0.3684808868208741,0.07397541986405849,0.0,0.6127599379595589,0.49007089652267155,0.7917265050551471,F:\BUET plasma\PCMMD_LOCAL\set1\plasma\IMG00242_p_2.jpg,1,plasma
0.03955078125,0.96044921875,0.041179461108286734,0.04035416777033934,0.4992359036713644,0.05287888726219535,0.24994592792767997,0.49927164713541666,0.37553758808210785,0.6274830537683823,F:\BUET plasma\PCMMD_LOCAL\set1\plasma\IMG00242_p_3.jpg,1,plasma
0.0,0.83929443359375,0.0,0.0,0.37371515012254897,0.08383669529855252,0.0,0.5850916245404412,0.4698227826286765,0.8239401424632353,F:\BUET plasma\PCMMD_LOCAL\set1\plasma\IMG00242_p_4.jpg,1,plasma
0.0,0.94879150390625,0.0,0.0,0.39247895284415846,0.087343632157892,0.0,0.569860600490196,0.4526570638020833,0.8000454771752451,F:\BUET plasma\PCMMD_LOCAL\set1\plasma\IMG00242_p_5.jpg,1,plasma
0.0,0.8065185546875,0.0,0.0,0.33409599354064545,0.1829252234660089,0.0,0.6413413851868872,0.5168866325827206,0.8394840016084559,F:\BUET plasma\PCMMD_LOCAL\set1\plasma\IMG00242_p_6.jpg,1,plasma
0.0,0.95635986328125,0.0,0.0,0.38896492353451806,0.08796481030806899,0.0,0.5781601849724265,0.44779866536458335,0.8071463790594363,F:\BUET plasma\PCMMD_LOCAL\set1\plasma\IMG00242_p_7.jpg,1,plasma
0.0,0.9735107421875,0.0,0.0,0.3617654239430147,0.08318780303001404,0.0,0.6192387599571079,0.489092897901348,0.8063720703125,F:\BUET plasma\PCMMD_LOCAL\set1\plasma\IMG00242_p_8.jpg,1,plasma
0.0,0.94952392578125,0.0,0.0,0.3685810163909313,0.18400634678825736,0.0,0.6061324774050245,0.46126230277267155,0.8268621706495098,F:\BUET plasma\PCMMD_LOCAL\set1\plasma\IMG00244_p_0.jpg,1,plasma
0.00079345703125,0.99920654296875,0.0007940871052470833,0.0007937719848926955,0.42093218635110297,0.07783776754140855,0.5390120920947209,0.5556068570006127,0.42550000957414214,0.7560965743719362,F:\BUET plasma\PCMMD_LOCAL\set1\plasma\IMG00244_p_1.jpg,1,plasma
0.0003662109375,0.99951171875,0.0003663898387884709,0.0003663227344218922,0.4159945618872549,0.08393207367882133,0.16122901519013072,0.5527353324142157,0.4253563974417892,0.7739245844822303,F:\BUET plasma\PCMMD_LOCAL\set1\plasma\IMG00244_p_2.jpg,1,plasma
0.0,0.9578857421875,0.0,0.0,0.3746146407781863,0.16888860734924674,0.0,0.5921650007659314,0.4519796932444853,0.8320113836550245,F:\BUET plasma\PCMMD_LOCAL\set1\plasma\IMG00244_p_3.jpg,1,plasma
0.00201416015625,0.99798583984375,0.0020182251850039755,0.0020161913046479016,0.45119892195159317,0.0633312025628984,0.15378787877345393,0.5387996897977941,0.38521345549938724,0.7223900888480392,F:\BUET plasma\PCMMD_LOCAL\set1\plasma\IMG00244_p_4.jpg,1,plasma
0.00347900390625,0.94842529296875,0.0036681897161979535,0.003661478315753794,0.4391719643586601,0.18865429296717048,0.7398388372977943,0.5315697763480393,0.3936597637101716,0.7572545668658088,F:\BUET plasma\PCMMD_LOCAL\set1\plasma\IMG00245_p_0.jpg,1,plasma
0.0010986328125,0.98638916015625,0.0011137924633376648,0.0011131726566932596,0.43737497766033495,0.06599646764621138,0.0,0.5482575061274509,0.41052964154411764,0.7290879193474264,F:\BUET plasma\PCMMD_LOCAL\set1\plasma\IMG00245_p_2.jpg,1,plasma
0.0,0.892578125,0.0,0.0,0.37188273909824354,0.09010655544698239,0.0,0.6077847349877451,0.4791827033547794,0.7973843443627451,F:\BUET plasma\PCMMD_LOCAL\set1\plasma\IMG00245_p_3.jpg,1,plasma
0.0,0.86212158203125,0.0,0.0,0.3617519403594771,0.1340740154646337,0.0,0.6252618527879902,0.4814283183976716,0.8080540077359069,F:\BUET plasma\PCMMD_LOCAL\set1\plasma\IMG00245_p_4.jpg,1,plasma
0.00042724609375,0.9761962890625,0.00043766412404651746,0.0004375683770394467,0.39593370225694446,0.07669817807897926,0.16122901519013072,0.5922490138633578,0.435604798560049,0.7843450808057598,F:\BUET plasma\PCMMD_LOCAL\set1\plasma\IMG00245_p_5.jpg,1,plasma
0.01385498046875,0.98614501953125,0.014049637927833137,0.01395185656240383,0.4653313131893382,0.07065943813323974,0.22253355401311,0.5129207835477941,0.37073687385110293,0.7203484030330882,F:\BUET plasma\PCMMD_LOCAL\set1\plasma\IMG00245_p_6.jpg,1,plasma
0.00750732421875,0.95233154296875,0.007883099403960777,0.007852190110279182,0.4603056066176471,0.05749588917195797,0.11978352072810283,0.5173945408241422,0.3749932981004902,0.7266953412224265,F:\BUET plasma\PCMMD_LOCAL\set1\plasma\IMG00245_p_7.jpg,1,plasma
0.0001220703125,0.8228759765625,0.0001483459427384661,0.00014833494056717413,0.3277478585835376,0.09289637279137969,0.0,0.6810527726715686,0.5414591471354167,0.7942445044424019,F:\BUET plasma\PCMMD_LOCAL\set1\plasma\IMG00247_p_2.jpg,1,plasma
0.0,0.9052734375,0.0,0.0,0.3468259325214461,0.1505089566372335,0.0,0.6340602500765932,0.4833575080422794,0.8421044443167892,F:\BUET plasma\PCMMD_LOCAL\set1\plasma\IMG00247_p_3.jpg,1,plasma
0.0,0.83489990234375,0.0,0.0,0.3192337335324755,0.0953271865695715,0.0,0.6677533318014706,0.5280311734068628,0.8465142941942402,F:\BUET plasma\PCMMD_LOCAL\set1\plasma\IMG00247_p_4.jpg,1,plasma
0.0,0.96771240234375,0.0,0.0,0.41715215545853757,0.08340794748067856,0.0,0.5727512733609068,0.42719918045343136,0.748593079810049,F:\BUET plasma\PCMMD_LOCAL\set1\plasma\IMG00247_p_5.jpg,1,plasma
0.0,0.901123046875,0.0,0.0,0.37821435866013076,0.06795665934309364,0.0,0.6063033758425245,0.46114932789522056,0.7979042202818627,F:\BUET plasma\PCMMD_LOCAL\set1\plasma\IMG00264_p_0.jpg,1,plasma
0.4072265625,0.59222412109375,0.6876223848294342,0.5233206654781531,0.5502964792687909,0.12282449947297573,0.11385887463177835,0.41620136335784313,0.3697445140165441,0.5631646848192402,F:\BUET plasma\PCMMD_LOCAL\set1\plasma\IMG00568_p_0.jpg,1,plasma
0.01202392578125,0.98797607421875,0.012170260085253598,0.012096797905273848,0.491211017284518,0.14105374425649642,0.4205783386318884,0.49736687155330883,0.4508477902879902,0.578152286305147,F:\BUET plasma\PCMMD_LOCAL\set1\plasma\IMG00569_p_2.jpg,1,plasma
0.24169921875,0.75830078125,0.31873792659368966,0.2766751630107114,0.5675310521343955,0.0962295729778707,0.26432078947885745,0.39515332988664215,0.34610045189950983,0.5561530618106618,F:\BUET plasma\PCMMD_LOCAL\set1\plasma\IMG00569_p_3.jpg,1,plasma
0.1114501953125,0.8885498046875,0.12542931721390302,0.11816457816103111,0.5544851664624183,0.09507425647601485,0.053395511380567036,0.41798933440563724,0.3574419806985294,0.5611131855085785,F:\BUET plasma\PCMMD_LOCAL\set1\plasma\IMG00569_p_4.jpg,1,plasma
0.10302734375,0.89697265625,0.11486118671747414,0.10872990094427275,0.47628875931883174,0.13022310861572622,0.03775919104136897,0.506182981004902,0.4749899471507353,0.5899607938878676,F:\BUET plasma\PCMMD_LOCAL\set1\plasma\IMG00713_p_0.jpg,1,plasma
0.39215087890625,0.60784912109375,0.645145094889045,0.49782858390759477,0.5685131995506536,0.06814313112199306,0.39189639027029194,0.4353470147824755,0.3212938495710784,0.5378195369944853,F:\BUET plasma\PCMMD_LOCAL\set1\plasma\IMG00877_p_0.jpg,1,plasma
0.5472412109375,0.4527587890625,1.2086815853329738,0.7923957697896982,0.6138770009957109,0.05887649236619472,0.14511572190832506,0.3792430204503677,0.25557406556372547,0.5235519109987745,F:\BUET plasma\PCMMD_LOCAL\set1\plasma\IMG00877_p_1.jpg,1,plasma
0.90582275390625,0.09417724609375,9.618276085547635,2.3625766754760735,0.7293938929738562,0.03494264804944396,0.6295731712871547,0.23736165364583334,0.13605358647365196,0.4384030809589461,F:\BUET plasma\PCMMD_LOCAL\set1\plasma\IMG00878_p_0.jpg,1,plasma
0.9632568359375,0.0367431640625,25.0,3.258096538021482,0.7389266269658905,0.018667016446590422,0.4981919372140766,0.22342385684742647,0.12352941176470589,0.4362668504901961,F:\BUET plasma\PCMMD_LOCAL\set1\plasma\IMG00878_p_1.jpg,1,plasma
0.96209716796875,0.03790283203125,25.0,3.258096538021482,0.7179427402471406,0.03160340188443661,0.45097479921119576,0.2487548828125,0.130172669653799,0.4672442267922794,F:\BUET plasma\PCMMD_LOCAL\set1\plasma\IMG00878_p_2.jpg,1,plasma
0.95196533203125,0.04803466796875,19.818297331639137,3.035832279421831,0.7259862962111928,0.03363116478547454,0.5609712097177821,0.23795022403492647,0.12093098958333333,0.46315989774816174,F:\BUET plasma\PCMMD_LOCAL\set1\plasma\IMG00878_p_3.jpg,1,plasma
0.98333740234375,0.01666259765625,25.0,3.258096538021482,0.7177706450418708,0.03217900716885924,0.6723104000752226,0.24499918619791666,0.13091418696384804,0.47077469171262254,F:\BUET plasma\PCMMD_LOCAL\set1\plasma\IMG00878_p_4.jpg,1,plasma
0.89093017578125,0.10906982421875,8.168438724118635,2.2157670126798066,0.7071375229779412,0.025009582981467247,0.7602384679233704,0.26628370098039217,0.1446944891237745,0.4676092409620098,F:\BUET plasma\PCMMD_LOCAL\set1\plasma\IMG00878_p_5.jpg,1,plasma
0.9798583984375,0.0201416015625,25.0,3.258096538021482,0.7257806915083742,0.02816088289022446,0.7791771807066314,0.23184575099571078,0.1281613817401961,0.4626507927389706,F:\BUET plasma\PCMMD_LOCAL\set1\plasma\IMG00878_p_6.jpg,1,plasma
0.83306884765625,0.16693115234375,4.990493601462523,1.7901738129831528,0.6904416551776961,0.04218497334420681,0.6926225603777483,0.27859796262254904,0.18034332873774508,0.46973374310661764,F:\BUET plasma\PCMMD_LOCAL\set1\plasma\IMG00878_p_7.jpg,1,plasma
0.7601318359375,0.2398681640625,3.1689567430025445,1.4276658229759274,0.6750380572150736,0.03693862086161971,0.6375129530092885,0.2980291628370098,0.19803562538296568,0.4788210401348039,F:\BUET plasma\PCMMD_LOCAL\set1\plasma\IMG00879_p_0.jpg,1,plasma
0.85406494140625,0.14593505859375,5.852363028021748,1.9245935603809097,0.6850230098549837,0.03131814597547054,0.4626805524549431,0.28533313227634804,0.18002427045036765,0.4795735677083333,F:\BUET plasma\PCMMD_LOCAL\set1\plasma\IMG00879_p_1.jpg,1,plasma
0.7132568359375,0.2867431640625,2.4874414644529588,1.2491683626203762,0.652072243285335,0.07783703182637691,0.3369208886882155,0.32594520718443626,0.22141591988357842,0.49642214307598037,F:\BUET plasma\PCMMD_LOCAL\set1\plasma\IMG00879_p_2.jpg,1,plasma
0.92071533203125,0.07928466796875,11.612779060816012,2.5347105111686346,0.6878360523897059,0.0881783111654222,0.5710894147399428,0.2833871878829657,0.16758339077818626,0.4855212641697304,F:\BUET plasma\PCMMD_LOCAL\set1\plasma\IMG00879_p_3.jpg,1,plasma
0.859130859375,0.140869140625,6.098786828422877,1.959923900211244,0.6906268350439134,0.058664576947689055,0.2673234487686625,0.2743532666973039,0.17525826248468138,0.4785079656862745,F:\BUET plasma\PCMMD_LOCAL\set1\plasma\IMG00879_p_4.jpg,1,plasma
0.78076171875,0.21923828125,3.5612472160356345,1.5175960984171442,0.6678662268944036,0.05366608333587646,0.6800862316437726,0.2995741900275735,0.2046219171262255,0.4922052121629902,F:\BUET plasma\PCMMD_LOCAL\set1\plasma\IMG00879_p_5.jpg,1,plasma
0.828369140625,0.171630859375,4.826458036984353,1.7624092749086788,0.6694299236621732,0.04423632126674056,0.4452968855773851,0.30704369638480394,0.19982934091605392,0.4848371917126226,F:\BUET plasma\PCMMD_LOCAL\set1\plasma\IMG00879_p_6.jpg,1,plasma
0.81884765625,0.18115234375,4.520215633423181,1.7084169235519633,0.6822899911917892,0.030398183286190032,0.2663942768515933,0.28812375536151963,0.1861328125,0.47887345856311275,F:\BUET plasma\PCMMD_LOCAL\set1\plasma\IMG00879_p_7.jpg,1,plasma
0.80267333984375,0.19732666015625,4.067738942158986,1.6228947501138014,0.6778944227430556,0.0386292724609375,0.40825589231879605,0.2976586435355392,0.20299000459558825,0.4656680836397059,F:\BUET plasma\PCMMD_LOCAL\set1\plasma\IMG00879_p_8.jpg,1,plasma
0.16973876953125,0.830078125,0.20448529411764707,0.186052333880488,0.5015752655228758,0.161200867947191,0.26199819497907567,0.49972713694852944,0.38086464077818627,0.6146824257046568,F:\BUET plasma\PCMMD_LOCAL\set1\plasma\IMG00907_p_0.jpg,1,plasma
0.0,0.9600830078125,0.0,0.0,0.4168332567401961,0.07213079592213034,0.0,0.5646663890165441,0.4103673598345588,0.7744664809283088,F:\BUET plasma\PCMMD_LOCAL\set1\plasma\IMG01117_p_0.jpg,1,plasma
0.0,0.96148681640625,0.0,0.0,0.4143595377604167,0.101473468542099,0.0,0.5620196174172795,0.4065798291973039,0.7883219401041667,F:\BUET plasma\PCMMD_LOCAL\set1\plasma\IMG01117_p_1.jpg,1,plasma
0.0,0.9261474609375,0.0,0.0,0.4093978981566585,0.09882492521032692,0.0,0.556030034083946,0.41598833869485297,0.7997879327512255,F:\BUET plasma\PCMMD_LOCAL\set1\plasma\IMG01117_p_2.jpg,1,plasma
0.0,0.9237060546875,0.0,0.0,0.39580923840890525,0.13519973731040955,0.0,0.5793907015931372,0.4487668504901961,0.784414732689951,F:\BUET plasma\PCMMD_LOCAL\set1\plasma\IMG01117_p_3.jpg,1,plasma
0.110595703125,0.74908447265625,0.14764116352969933,0.13770867371296472,0.432852232689951,0.06483177247270942,0.19493087091828762,0.5443531709558823,0.4227026845894608,0.7343874463848039,F:\BUET plasma\PCMMD_LOCAL\set1\plasma\IMG01117_p_4.jpg,1,plasma
0.0,0.84271240234375,0.0,0.0,0.40000877629697706,0.1289602625630796,0.0,0.5731524299172794,0.44075927734375,0.7860619638480392,F:\BUET plasma\PCMMD_LOCAL\set1\plasma\IMG01117_p_5.jpg,1,plasma
0.0,0.84051513671875,0.0,0.0,0.3685471079707925,0.17496501078829169,0.0,0.6254076191023284,0.46487630208333336,0.8040747549019608,F:\BUET plasma\PCMMD_LOCAL\set1\plasma\IMG01119_p_0.jpg,1,plasma
0.0,0.897705078125,0.0,0.0,0.3686540990093955,0.17258580106124283,0.0,0.6194233015471814,0.4806497012867647,0.7939647001378677,F:\BUET plasma\PCMMD_LOCAL\set1\plasma\IMG01120_p_0.jpg,1,plasma
0.0,0.9403076171875,0.0,0.0,0.39940448835784315,0.10365405941009521,0.0,0.5751476811427696,0.4413813572303922,0.7852574965533088,F:\BUET plasma\PCMMD_LOCAL\set1\plasma\IMG01122_p_0.jpg,1,plasma
0.0,0.92193603515625,0.0,0.0,0.4231375899969363,0.06111190053448081,0.0,0.5502403109681373,0.4258274452359069,0.7545194738051471,F:\BUET plasma\PCMMD_LOCAL\set1\plasma\IMG01122_p_1.jpg,1,plasma
0.0,0.97735595703125,0.0,0.0,0.42151676751429745,0.10873657643422484,0.0,0.5477732938878677,0.40843864889705883,0.7792377546721814,F:\BUET plasma\PCMMD_LOCAL\set1\plasma\IMG01122_p_2.jpg,1,plasma
6.103515625e-05,0.99835205078125,6.113590511707526e-05,6.11340363937917e-05,0.43843946269914214,0.11180990337952972,0.0,0.5249200559129902,0.3928842581954657,0.7668772977941176,F:\BUET plasma\PCMMD_LOCAL\set1\plasma\IMG01122_p_3.jpg,1,plasma
6.103515625e-05,0.9630126953125,6.337938902268983e-05,6.337738063407322e-05,0.4403259676266339,0.12026077054440976,0.0,0.5235243853400735,0.39012834137561275,0.7653693704044118,F:\BUET plasma\PCMMD_LOCAL\set1\plasma\IMG01122_p_4.jpg,1,plasma
0.0,0.92706298828125,0.0,0.0,0.41738903569240193,0.13992289279401302,0.0,0.5625727634803922,0.41578225528492646,0.7694778741574755,F:\BUET plasma\PCMMD_LOCAL\set1\plasma\IMG01122_p_5.jpg,1,plasma
0.0,0.9302978515625,0.0,0.0,0.4253690831801471,0.0762320982478559,0.0,0.5427281996783089,0.40566717409620096,0.775497376685049,F:\BUET plasma\PCMMD_LOCAL\set1\plasma\IMG01122_p_6.jpg,1,plasma
0.0,0.69677734375,0.0,0.0,0.21494012969771237,0.25360303664207456,0.0,0.8006211224724264,0.6538301355698529,0.9007283528645833,F:\BUET plasma\PCMMD_LOCAL\set1\plasma\IMG01124_p_0.jpg,1,plasma
0.0,0.65704345703125,0.0,0.0,0.26224851919934644,0.21103753942251205,0.0,0.7266659007352941,0.6092538871017157,0.877334654564951,F:\BUET plasma\PCMMD_LOCAL\set1\plasma\IMG01127_p_0.jpg,1,plasma
0.0,0.9716796875,0.0,0.0,0.3997308070363562,0.1700304989218712,0.0,0.5986466950061274,0.4629983340992647,0.7391625497855392,F:\BUET plasma\PCMMD_LOCAL\set1\plasma\IMG01129_p_0.jpg,1,plasma
0.0,0.855712890625,0.0,0.0,0.31360062742544936,0.21154995131492615,0.0,0.6751402611825981,0.5293007046568627,0.8547571518841912,F:\BUET plasma\PCMMD_LOCAL\set1\plasma\IMG01130_p_0.jpg,1,plasma
0.0,0.953369140625,0.0,0.0,0.34402206520629086,0.14218278831243514,0.0,0.6615727443321079,0.5183143765318627,0.7880466835171569,F:\BUET plasma\PCMMD_LOCAL\set1\plasma\IMG01133_p_0.jpg,1,plasma
0.00103759765625,0.99896240234375,0.0010386753833934136,0.0010381363333504291,0.474520973754085,0.06623683985695243,0.6981317007977318,0.5160620595894608,0.39624550015318627,0.6641295189950981,F:\BUET plasma\PCMMD_LOCAL\set1\plasma\IMG01133_p_1.jpg,1,plasma
0.0,0.99029541015625,0.0,0.0,0.41426100388071896,0.08310318897664547,0.0,0.5564307119332108,0.4338132372089461,0.7669730392156863,F:\BUET plasma\PCMMD_LOCAL\set1\plasma\IMG01133_p_10.jpg,1,plasma
0.0,0.98974609375,0.0,0.0,0.398544331469567,0.08020348113775254,0.0,0.5792530732996324,0.4405452952665441,0.7845686370251226,F:\BUET plasma\PCMMD_LOCAL\set1\plasma\IMG01133_p_12.jpg,1,plasma
0.0,0.99847412109375,0.0,0.0,0.42964673011131527,0.05510776686668396,0.0,0.547931027879902,0.42336042815563724,0.7397683536305147,F:\BUET plasma\PCMMD_LOCAL\set1\plasma\IMG01133_p_2.jpg,1,plasma
0.0,0.99798583984375,0.0,0.0,0.44686031964869277,0.055266274955123665,0.0,0.5159138997395833,0.3908961875765931,0.7526089537377451,F:\BUET plasma\PCMMD_LOCAL\set1\plasma\IMG01133_p_3.jpg,1,plasma
0.0,1.0,0.0,0.0,0.47189327065461606,0.04513390600308776,0.0,0.48686212277879903,0.37478841145833336,0.7226696537990196,F:\BUET plasma\PCMMD_LOCAL\set1\plasma\IMG01133_p_4.jpg,1,plasma
0.0,1.0,0.0,0.0,0.4498708288654004,0.062021958317607644,0.0,0.530123841528799,0.4020644244025735,0.7181992474724265,F:\BUET plasma\PCMMD_LOCAL\set1\plasma\IMG01133_p_5.jpg,1,plasma
0.0458984375,0.9541015625,0.048106448311156604,0.04698515355667036,0.496826411228554,0.05099420541524887,0.3917708895026034,0.4955049402573529,0.3580997242647059,0.6559161017922794,F:\BUET plasma\PCMMD_LOCAL\set1\plasma\IMG01133_p_6.jpg,1,plasma
0.0,0.98291015625,0.0,0.0,0.38200444240196074,0.17424633103236556,0.0,0.6007606655943627,0.46455796185661763,0.7886680453431373,F:\BUET plasma\PCMMD_LOCAL\set1\plasma\IMG01133_p_7.jpg,1,plasma
0.0,0.99102783203125,0.0,0.0,0.42339633118872544,0.07693086403235794,0.0,0.5882486979166667,0.43135962392769606,0.7102026845894608,F:\BUET plasma\PCMMD_LOCAL\set1\plasma\IMG01133_p_8.jpg,1,plasma
0.0,0.93359375,0.0,0.0,0.38752098332822704,0.1579089236110449,0.0,0.5774737189797794,0.45446633731617647,0.8054969937193628,F:\BUET plasma\PCMMD_LOCAL\set1\plasma\IMG01133_p_9.jpg,1,plasma
0.29986572265625,0.70013427734375,0.4282974457327173,0.3564831375579666,0.5826925040849673,0.09608621760830283,0.20713616878586202,0.4115710688572304,0.2921987496170343,0.5481526692708333,F:\BUET plasma\PCMMD_LOCAL\set1\plasma\IMG01136_p_0.jpg,1,plasma
0.0635986328125,0.9364013671875,0.06791813322904446,0.06571108331999272,0.4792098300908906,0.12836707204580308,0.08743078741764038,0.5140268363204656,0.41978472541360295,0.6285589479932598,F:\BUET plasma\PCMMD_LOCAL\set1\plasma\IMG01137_p_0.jpg,1,plasma
0.0,0.88287353515625,0.0,0.0,0.367022585401348,0.0895832159370184,0.0,0.6113333907781863,0.4995705997242647,0.7880282532935049,F:\BUET plasma\PCMMD_LOCAL\set1\plasma\IMG01141_p_0.jpg,1,plasma
0.0,0.8189697265625,0.0,0.0,0.32152299070669943,0.17080037158727646,0.0,0.6593709309895833,0.5504294002757353,0.8256306966145833,F:\BUET plasma\PCMMD_LOCAL\set1\plasma\IMG01141_p_1.jpg,1,plasma
0.0,0.90850830078125,0.0,0.0,0.3571285073274102,0.171005695104599,0.0,0.6232608570772059,0.4945147346047794,0.8108388863357843,F:\BUET plasma\PCMMD_LOCAL\set1\plasma\IMG01141_p_2.jpg,1,plasma
0.0,0.98065185546875,0.0,0.0,0.3971702027165033,0.1218752061985433,0.0,0.5812732172947304,0.4375421262254902,0.7896740483302697,F:\BUET plasma\PCMMD_LOCAL\set1\plasma\IMG01141_p_3.jpg,1,plasma
0.18780517578125,0.81219482421875,0.23123168257308183,0.20801503629549187,0.523910382838031,0.045232184410095216,0.30919214118392563,0.4373463350183823,0.30277817670036766,0.6881443397671568,F:\BUET plasma\PCMMD_LOCAL\set1\plasma\IMG01144_p_0.jpg,1,plasma
0.01580810546875,0.98419189453125,0.016062015503875968,0.015934386175261092,0.48305448644301474,0.10628181527554989,0.3285959392102725,0.4723364736519608,0.322146666283701,0.7563534007352941,F:\BUET plasma\PCMMD_LOCAL\set1\plasma\IMG01144_p_1.jpg,1,plasma
0.00738525390625,0.99261474609375,0.007440201684806001,0.007412659910786456,0.47347763161254086,0.07501948283612728,0.140750693184588,0.4810621074601716,0.33224571078431375,0.7662592869178921,F:\BUET plasma\PCMMD_LOCAL\set1\plasma\IMG01144_p_2.jpg,1,plasma
0.0960693359375,0.76690673828125,0.12526860326303224,0.118021765614148,0.39612949346405235,0.10346128254756332,0.23610994164079094,0.5621737611060049,0.43461267807904413,0.8148250804227941,F:\BUET plasma\PCMMD_LOCAL\set1\plasma\IMG01144_p_3.jpg,1,plasma
0.00579833984375,0.98809814453125,0.005868182098956082,0.005851031381363624,0.4667759714562908,0.07677712851390242,0.22369471807718258,0.48089408126531863,0.32992039100796566,0.7888576133578431,F:\BUET plasma\PCMMD_LOCAL\set1\plasma\IMG01144_p_4.jpg,1,plasma
0.0068359375,0.9931640625,0.00688298918387414,0.006859409550893142,0.4441209182240604,0.056805322375148536,0.10147081333796547,0.5290888767616422,0.37507826861213234,0.7634700999540441,F:\BUET plasma\PCMMD_LOCAL\set1\plasma\IMG01144_p_5.jpg,1,plasma
0.0537109375,0.86102294921875,0.06238037853547884,0.060512030570493765,0.44660955690870097,0.049069636549800635,0.07987272753815995,0.4968517827052696,0.36992809819240197,0.7933914483762254,F:\BUET plasma\PCMMD_LOCAL\set1\plasma\IMG01144_p_6.jpg,1,plasma
0.1783447265625,0.8216552734375,0.21705541524290595,0.19643434726857592,0.4814135582618464,0.048733168110251426,0.20042725500375874,0.4755179610906863,0.3420048732383578,0.7382364908854167,F:\BUET plasma\PCMMD_LOCAL\set1\plasma\IMG01144_p_8.jpg,1,plasma
0.4775390625,0.5224609375,0.914018691588785,0.6492050587034466,0.5626152886284723,0.04106614685058594,0.3652515580407529,0.4199053596047794,0.30593955844056375,0.5863092160692402,F:\BUET plasma\PCMMD_LOCAL\set1\plasma\IMG01148_p_0.jpg,1,plasma
0.1580810546875,0.83929443359375,0.1883499381863137,0.17256573832883942,0.4775973849826388,0.06433110581338405,0.07650216540413762,0.4972524605545343,0.3715432559742647,0.6984121285232843,F:\BUET plasma\PCMMD_LOCAL\set1\plasma\IMG01148_p_1.jpg,1,plasma
0.306396484375,0.69091796875,0.44346289752650175,0.36704501665681993,0.5234275269352533,0.04648764395713806,0.15940353825192757,0.43671252680759803,0.32106000114889705,0.6719448912377451,F:\BUET plasma\PCMMD_LOCAL\set1\plasma\IMG01148_p_2.jpg,1,plasma
0.3067626953125,0.6932373046875,0.4425074837119211,0.3663829074018565,0.5389360415390114,0.06569903501495719,0.07733713243898628,0.4110095454197304,0.29316908892463234,0.6790132410386029,F:\BUET plasma\PCMMD_LOCAL\set1\plasma\IMG01148_p_3.jpg,1,plasma
0.3486328125,0.6513671875,0.5352323838080959,0.4286817596838293,0.5473796370761846,0.07663523488864303,0.04847609313449087,0.4041283700980392,0.2778116861979167,0.6759210324754902,F:\BUET plasma\PCMMD_LOCAL\set1\plasma\IMG01148_p_4.jpg,1,plasma
0.090576171875,0.8233642578125,0.11000741289844329,0.10436669358882895,0.47239990234374996,0.1470445428751409,0.19817437211957373,0.4881105909160539,0.36718031939338236,0.7275093826593138,F:\BUET plasma\PCMMD_LOCAL\set1\plasma\IMG01151_p_0.jpg,1,plasma
0.19195556640625,0.71142578125,0.2698181194234729,0.23887367716214797,0.4518766116472631,0.06189039924368262,0.28729288564017064,0.5210607192095589,0.4087409524356618,0.7145684934129902,F:\BUET plasma\PCMMD_LOCAL\set1\plasma\IMG01151_p_1.jpg,1,plasma
0.31036376953125,0.60479736328125,0.5131698455949137,0.41420668600410804,0.4794978522007761,0.048646141912788154,0.4135001539294135,0.478271484375,0.3682605219822304,0.7149744370404412,F:\BUET plasma\PCMMD_LOCAL\set1\plasma\IMG01151_p_2.jpg,1,plasma
0.34344482421875,0.65655517578125,0.5231012364042019,0.4207485434072289,0.5324582567401961,0.06981427538022399,0.16602857157621156,0.4321851543351716,0.3201985677083333,0.6502415077359068,F:\BUET plasma\PCMMD_LOCAL\set1\plasma\IMG01154_p_0.jpg,1,plasma
0.229736328125,0.770263671875,0.298256735340729,0.2610223917440302,0.532958824805964,0.04944134115800262,0.3323187970757676,0.4295156441482843,0.31718917547487746,0.654418705958946,F:\BUET plasma\PCMMD_LOCAL\set1\plasma\IMG01154_p_1.jpg,1,plasma
0.28277587890625,0.71722412109375,0.3942643179303889,0.33236690550529335,0.5465033637152777,0.05534216594323516,0.1503366139896587,0.42036994485294116,0.3053457222732843,0.6347742417279412,F:\BUET plasma\PCMMD_LOCAL\set1\plasma\IMG01154_p_2.jpg,1,plasma
0.32867431640625,0.67132568359375,0.489589962723884,0.3985008892821177,0.5699537888071895,0.05046489181742072,0.28958871299179206,0.3841452205882353,0.2705439548866422,0.6354494581035539,F:\BUET plasma\PCMMD_LOCAL\set1\plasma\IMG01154_p_3.jpg,1,plasma
0.43951416015625,0.55938720703125,0.7857064920894709,0.5798141308135217,0.5636794545292075,0.0517183240018785,0.32086012953750787,0.39621964996936276,0.2851727653952206,0.6275692210477941,F:\BUET plasma\PCMMD_LOCAL\set1\plasma\IMG01154_p_4.jpg,1,plasma
0.25897216796875,0.74102783203125,0.3494769788320567,0.2997170942952591,0.5563076044219771,0.06502348171174527,0.35105566400841814,0.4114437327665441,0.29103094362745097,0.6286025103400735,F:\BUET plasma\PCMMD_LOCAL\set1\plasma\IMG01154_p_5.jpg,1,plasma
0.38568115234375,0.61431884765625,0.627819175360159,0.4872411897653425,0.5606657539317811,0.06297617906332016,0.3673103644886515,0.4086011699601716,0.2929292566636029,0.6164723115808823,F:\BUET plasma\PCMMD_LOCAL\set1\plasma\IMG01154_p_6.jpg,1,plasma
0.585205078125,0.414794921875,1.410829899941142,0.8799710450474117,0.605889852685866,0.02758707856759429,0.6337774319648667,0.35949778837316176,0.26668318206188724,0.5561494715073529,F:\BUET plasma\PCMMD_LOCAL\set1\plasma\IMG01154_p_7.jpg,1,plasma
0.22943115234375,0.77056884765625,0.29774257425742573,0.26062627369567376,0.5170750038296569,0.04910565090179443,0.5039790839868953,0.453060853247549,0.35792068780637254,0.6377934474571079,F:\BUET plasma\PCMMD_LOCAL\set1\plasma\IMG01154_p_8.jpg,1,plasma
0.0330810546875,0.9656982421875,0.03425609910251549,0.033682423467947496,0.4918799306832108,0.05531867145001888,0.10906532085269213,0.49050173291973037,0.37886699601715684,0.6549914790134804,F:\BUET plasma\PCMMD_LOCAL\set1\plasma\IMG01159_p_0.jpg,1,plasma
0.00048828125,0.999267578125,0.0004886391399951136,0.0004885197947667964,0.44283710554534317,0.0864243854880333,0.0,0.5552001953125,0.4305563534007353,0.6857321346507353,F:\BUET plasma\PCMMD_LOCAL\set1\plasma\IMG01159_p_1.jpg,1,plasma
0.13775634765625,0.86224365234375,0.1597649890281022,0.14821738892757005,0.4945520737591912,0.07173298209905625,0.06380380644485101,0.4830499387254902,0.37254447189031864,0.6607493681066177,F:\BUET plasma\PCMMD_LOCAL\set1\plasma\IMG01159_p_2.jpg,1,plasma
0.18780517578125,0.81103515625,0.2315623118603251,0.20828353564215007,0.49342368132148684,0.06359653161466122,0.5182251938631431,0.4793569527420343,0.39072409237132355,0.6496479109221813,F:\BUET plasma\PCMMD_LOCAL\set1\plasma\IMG01159_p_3.jpg,1,plasma
0.46661376953125,0.53338623046875,0.8748140519510241,0.62850948221169,0.5811189140369689,0.007617172241210938,0.6101677858242424,0.42244418275122547,0.33334290747549017,0.5008561676623775,F:\BUET plasma\PCMMD_LOCAL\set1\plasma\IMG01160_p_0.jpg,1,plasma
0.20751953125,0.79248046875,0.2618607516943931,0.23258741864480717,0.5061520246119281,0.01421318744122982,0.7698120570552676,0.49797865923713236,0.39224063648897056,0.5913246304381128,F:\BUET plasma\PCMMD_LOCAL\set1\plasma\IMG01160_p_1.jpg,1,plasma
0.2647705078125,0.7352294921875,0.3601195417565997,0.307572594235568,0.5327426087622549,0.009216493353247642,0.7036891031753518,0.46422813265931373,0.36093989353553924,0.5766041475183824,F:\BUET plasma\PCMMD_LOCAL\set1\plasma\IMG01160_p_2.jpg,1,plasma
0.2164306640625,0.7835693359375,0.2762112478579218,0.24389572596751086,0.5530224768944036,0.00712054443359375,0.706969526434201,0.4420321595435049,0.3258523380055147,0.5730480717677696,F:\BUET plasma\PCMMD_LOCAL\set1\plasma\IMG01160_p_3.jpg,1,plasma
0.30712890625,0.69287109375,0.44326990838618746,0.36691130899935576,0.5774538526348039,0.0089345034211874,0.7883875050578154,0.4102819106158088,0.2985660328584559,0.5587904986213236,F:\BUET plasma\PCMMD_LOCAL\set1\plasma\IMG01160_p_4.jpg,1,plasma
0.52728271484375,0.47271728515625,1.1154293092317624,0.7492577749882653,0.6041662677440768,0.004610295236110687,0.48047476174247283,0.37636814491421566,0.2640979243259804,0.5470351275275736,F:\BUET plasma\PCMMD_LOCAL\set1\plasma\IMG01160_p_5.jpg,1,plasma
0.55108642578125,0.44891357421875,1.2276002719238612,0.8009248948036964,0.5974328533496732,0.005084502842277288,0.24944853931395258,0.3850765452665441,0.27054036458333336,0.5520845301011029,F:\BUET plasma\PCMMD_LOCAL\set1\plasma\IMG01160_p_6.jpg,1,plasma
0.65814208984375,0.34185791015625,1.9251919300124978,1.073360095629402,0.6743028428819444,0.003919406354427338,0.8144831628325839,0.32277137905943626,0.24125306372549019,0.4130670285692402,F:\BUET plasma\PCMMD_LOCAL\set1\plasma\IMG01162_p_0.jpg,1,plasma
0.8349609375,0.1650390625,5.059171597633136,1.8015730906763796,0.6859773124744689,0.034794573053717616,0.30748490329815525,0.3024033490349265,0.21034318512561276,0.4293215284160539,F:\BUET plasma\PCMMD_LOCAL\set1\plasma\IMG01169_p_0.jpg,1,plasma
0.71551513671875,0.28448486328125,2.5151255095473073,1.2570752314664932,0.653805561938317,0.03746495356783271,0.4131531433910434,0.32803045534620096,0.23253078086703433,0.47802207797181373,F:\BUET plasma\PCMMD_LOCAL\set1\plasma\IMG01169_p_1.jpg,1,plasma
0.62762451171875,0.37237548828125,1.6854613997705294,0.9878525566873819,0.6388014450571895,0.044802325304597615,0.2806787579147453,0.34698438457414216,0.24381127450980392,0.4928000057444853,F:\BUET plasma\PCMMD_LOCAL\set1\plasma\IMG01169_p_2.jpg,1,plasma
0.31256103515625,0.68743896484375,0.45467459824203144,0.3747822317915378,0.5912773980034722,0.05181122362241149,0.7290277228320922,0.40312859030330883,0.30440506280637253,0.518634152879902,F:\BUET plasma\PCMMD_LOCAL\set1\plasma\IMG01169_p_3.jpg,1,plasma
0.58184814453125,0.41815185546875,1.3914756969785433,0.8719106218363353,0.6261831246170343,0.06339012813568115,0.22752900942849866,0.3559888652726716,0.25191841873468135,0.5135433421415441,F:\BUET plasma\PCMMD_LOCAL\set1\plasma\IMG01169_p_4.jpg,1,plasma
0.54644775390625,0.45355224609375,1.204817655766384,0.7906448096817651,0.6193558038449756,0.04645043939352036,0.09257283968678472,0.3708871878829657,0.27778511795343136,0.4932602826286765,F:\BUET plasma\PCMMD_LOCAL\set1\plasma\IMG01169_p_5.jpg,1,plasma
0.0167236328125,0.9832763671875,0.017008069522036002,0.016865051668214268,0.48378858379289214,0.08110698747262358,0.4559766390410355,0.5228865081188725,0.40105028339460785,0.6246974571078432,F:\BUET plasma\PCMMD_LOCAL\set1\plasma\IMG01170_p_1.jpg,1,plasma
0.0001220703125,0.9998779296875,0.00012208521548040532,0.00012207776368698225,0.47708700342116017,0.09183384662494064,0.0,0.5288507199754902,0.4019840016084559,0.6379042681525735,F:\BUET plasma\PCMMD_LOCAL\set1\plasma\IMG01170_p_2.jpg,1,plasma
0.01458740234375,0.98541259765625,0.01480334468875813,0.014694844646858742,0.4846844043607026,0.10925778311118484,0.14813561419298385,0.5166073069852941,0.39202593635110294,0.6373135435814951,F:\BUET plasma\PCMMD_LOCAL\set1\plasma\IMG01170_p_3.jpg,1,plasma
0.07275390625,0.92724609375,0.0784623486045287,0.07553627534711252,0.5145301170598449,0.1008446334861219,0.08357308533219439,0.4739004097732843,0.3603783700980392,0.6221308689491422,F:\BUET plasma\PCMMD_LOCAL\set1\plasma\IMG01170_p_4.jpg,1,plasma
0.0615234375,0.9384765625,0.06555671175858481,0.0634973966291606,0.5029714945874183,0.09721401832997799,0.6284538236693576,0.4994683957567402,0.3638463637408088,0.6277707567401961,F:\BUET plasma\PCMMD_LOCAL\set1\plasma\IMG01170_p_5.jpg,1,plasma
0.050537109375,0.949462890625,0.05322705065569555,0.05185883256359643,0.5218658247804331,0.06254272311925888,0.16375350834805974,0.47020862055759804,0.3573201497395833,0.6068737553615197,F:\BUET plasma\PCMMD_LOCAL\set1\plasma\IMG01170_p_6.jpg,1,plasma
0.76983642578125,0.23016357421875,3.3447361442588175,1.4689650305808772,0.680392236647263,0.04611723643168807,0.6314812819679325,0.3043301451439951,0.22659624885110294,0.42789689606311276,F:\BUET plasma\PCMMD_LOCAL\set1\plasma\IMG01182_p_0.jpg,1,plasma
0.8868408203125,0.1131591796875,7.837108953613808,2.178959781713434,0.6918661279616013,0.061677181243896484,0.3115154762945985,0.29112596698835785,0.20706858915441176,0.42620705997242647,F:\BUET plasma\PCMMD_LOCAL\set1\plasma\IMG01182_p_1.jpg,1,plasma
0.92913818359375,0.07086181640625,13.111972437553833,2.6470235461413427,0.7102819904003268,0.04478182578086853,0.42567550432648227,0.2661585190716912,0.1865710688572304,0.41642444087009806,F:\BUET plasma\PCMMD_LOCAL\set1\plasma\IMG01182_p_2.jpg,1,plasma
0.76251220703125,0.23748779296875,3.2107427396556156,1.4376390548546807,0.6862157086141748,0.054655802246183154,0.5805262331768961,0.29830848843443625,0.22666494332107842,0.4163794424019608,F:\BUET plasma\PCMMD_LOCAL\set1\plasma\IMG01182_p_3.jpg,1,plasma
0.2843017578125,0.7156982421875,0.3972369094320314,0.3344966503150739,0.5337672813265931,0.06287786865234375,0.12097941835517019,0.4585092581954657,0.3568304323682598,0.5833584654564951,F:\BUET plasma\PCMMD_LOCAL\set1\plasma\IMG01183_p_3.jpg,1,plasma
0.22698974609375,0.77301025390625,0.2936439005132254,0.25746296540345875,0.5519921396292893,0.06924424835667015,0.6484539875307465,0.4481847426470588,0.3530907724417892,0.5427480660232843,F:\BUET plasma\PCMMD_LOCAL\set1\plasma\IMG01185_p_0.jpg,1,plasma
0.3514404296875,0.6485595703125,0.5418784114436288,0.43300142082834575,0.5551738664215686,0.1352405952066183,0.5964348197492795,0.4449893727022059,0.3525220683976716,0.5369669596354166,F:\BUET plasma\PCMMD_LOCAL\set1\plasma\IMG01185_p_1.jpg,1,plasma
0.99505615234375,0.00494384765625,25.0,3.258096538021482,0.7714767954707925,0.03972913525998592,0.7108151593283348,0.23465001723345588,0.16961933210784313,0.28130026424632354,F:\BUET plasma\PCMMD_LOCAL\set1\plasma\IMG01199_p_1.jpg,1,plasma
0.96759033203125,0.03240966796875,25.0,3.258096538021482,0.7292237923815359,0.04527562755346298,0.5792027463242116,0.2681805778952206,0.20961387484681374,0.33453417011335784,F:\BUET plasma\PCMMD_LOCAL\set1\plasma\IMG01199_p_10.jpg,1,plasma
0.9937744140625,0.0062255859375,25.0,3.258096538021482,0.754660054125817,0.041370506431907414,0.7088825162312854,0.2384468826593137,0.1730822993259804,0.3244906556372549,F:\BUET plasma\PCMMD_LOCAL\set1\plasma\IMG01199_p_11.jpg,1,plasma
0.98291015625,0.01708984375,25.0,3.258096538021482,0.7648296281403186,0.039850183948874476,0.7776247419219514,0.23888848996629902,0.18139145795036765,0.28523116766237744,F:\BUET plasma\PCMMD_LOCAL\set1\plasma\IMG01199_p_12.jpg,1,plasma
0.9722900390625,0.0277099609375,25.0,3.258096538021482,0.7468307195925246,0.052600628599524496,0.48320097232691495,0.24711961933210785,0.17866546032475492,0.33372276156556374,F:\BUET plasma\PCMMD_LOCAL\set1\plasma\IMG01199_p_13.jpg,1,plasma
0.9708251953125,0.0291748046875,25.0,3.258096538021482,0.7583354875153187,0.03956623230874538,0.5822067301707983,0.23667375153186274,0.1717794979319853,0.31654028799019607,F:\BUET plasma\PCMMD_LOCAL\set1\plasma\IMG01199_p_2.jpg,1,plasma
0.896728515625,0.103271484375,8.68321513002364,2.270393987673066,0.7454933715022467,0.04664885326847434,0.6061847319354564,0.2507266773897059,0.189651549096201,0.3231416590073529,F:\BUET plasma\PCMMD_LOCAL\set1\plasma\IMG01199_p_3.jpg,1,plasma
0.9803466796875,0.0196533203125,25.0,3.258096538021482,0.7702809053308823,0.03149710631370545,0.6964532283507269,0.2288885378370098,0.17120624617034313,0.2890625,F:\BUET plasma\PCMMD_LOCAL\set1\plasma\IMG01199_p_4.jpg,1,plasma
0.96722412109375,0.03277587890625,25.0,3.258096538021482,0.7793477775224673,0.025545822616666554,0.7091276871274472,0.21020603553921569,0.15540843290441175,0.2963421989889706,F:\BUET plasma\PCMMD_LOCAL\set1\plasma\IMG01199_p_5.jpg,1,plasma
0.9677734375,0.0322265625,25.0,3.258096538021482,0.7520578820720997,0.05050468587502837,0.5739436742875941,0.24179711435355392,0.17457562614889705,0.32745361328125,F:\BUET plasma\PCMMD_LOCAL\set1\plasma\IMG01199_p_6.jpg,1,plasma
0.9613037109375,0.0386962890625,24.842271293375394,3.2520115734020085,0.7607075610191993,0.04022193210944534,0.517454584255572,0.23389294194240196,0.1741467045802696,0.30983767041973037,F:\BUET plasma\PCMMD_LOCAL\set1\plasma\IMG01199_p_7.jpg,1,plasma
0.99505615234375,0.00494384765625,25.0,3.258096538021482,0.755325536790237,0.045188071593642236,0.6399132680310243,0.23684776156556372,0.1723733340992647,0.3248022939644608,F:\BUET plasma\PCMMD_LOCAL\set1\plasma\IMG01199_p_8.jpg,1,plasma
0.99395751953125,0.00604248046875,25.0,3.258096538021482,0.7660472196691177,0.03556425791606307,0.7612961383727586,0.22286688112745098,0.16533250995710785,0.31365894990808824,F:\BUET plasma\PCMMD_LOCAL\set1\plasma\IMG01199_p_9.jpg,1,plasma
0.93701171875,0.06298828125,14.875968992248062,2.764806581797726,0.7430659275428921,0.051033874329179524,0.4002658852409513,0.25857005399816174,0.201766907935049,0.31046525543811276,F:\BUET plasma\PCMMD_LOCAL\set1\plasma\IMG01200_p_2.jpg,1,plasma
0.90411376953125,0.09588623046875,9.429026098026734,2.344592889583613,0.7587696748621323,0.02995748656988144,0.3195999312382387,0.23786980124080884,0.1874767827052696,0.2983443914675245,F:\BUET plasma\PCMMD_LOCAL\set1\plasma\IMG01200_p_3.jpg,1,plasma
0.55279541015625,0.44720458984375,1.2361130066875938,0.8047390936792704,0.6353250740400327,0.04942911925539374,0.30701407247761886,0.3590786803002451,0.27734542547487745,0.4576006721047794,F:\BUET plasma\PCMMD_LOCAL\set1\plasma\IMG01204_p_0.jpg,1,plasma
0.5494384765625,0.4505615234375,1.219452722839339,0.7972606442492906,0.621542378344567,0.0738356699347496,0.1235508407048189,0.36865760952818627,0.2801877489276961,0.48652750651041665,F:\BUET plasma\PCMMD_LOCAL\set1\plasma\IMG01204_p_1.jpg,1,plasma
0.59808349609375,0.40191650390625,1.4880789673500379,0.9115109136618529,0.6316270616319444,0.07628903632983565,0.2931792043107515,0.3565199908088235,0.2722122491574755,0.47638657513786764,F:\BUET plasma\PCMMD_LOCAL\set1\plasma\IMG01204_p_2.jpg,1,plasma
0.61492919921875,0.38507080078125,1.596925027738152,0.9543280634684249,0.6312005335988562,0.0559215492606163,0.17786585354662454,0.35633544921875,0.27142381855085784,0.47863913143382353,F:\BUET plasma\PCMMD_LOCAL\set1\plasma\IMG01204_p_3.jpg,1,plasma
0.64154052734375,0.35845947265625,1.7897156478801295,1.025939672316715,0.6450453016493056,0.04565735965594649,0.23943996653317398,0.35317789713541664,0.26932492723651963,0.4423612706801471,F:\BUET plasma\PCMMD_LOCAL\set1\plasma\IMG01204_p_4.jpg,1,plasma
0.78009033203125,0.21990966796875,3.5473216763807938,1.514538417091141,0.692663654003268,0.038363261040300134,0.5429100163015408,0.29612055759803924,0.2230078603707108,0.4028806200214461,F:\BUET plasma\PCMMD_LOCAL\set1\plasma\IMG01204_p_5.jpg,1,plasma
0.53338623046875,0.46661376953125,1.1431000654022236,0.7622534094760717,0.650033110574959,0.04241352914273739,0.11248345680938117,0.3516292796415441,0.26823203890931374,0.4300393497242647,F:\BUET plasma\PCMMD_LOCAL\set1\plasma\IMG01204_p_6.jpg,1,plasma
0.5943603515625,0.4056396484375,1.4652422509780318,0.9022900789246947,0.6406733494178922,0.04898022423684597,0.39266562291158674,0.35151438993566175,0.25307712928921566,0.4733884325214461,F:\BUET plasma\PCMMD_LOCAL\set1\plasma\IMG01204_p_7.jpg,1,plasma
0.4874267578125,0.5125732421875,0.9509407001667064,0.6683116665950957,0.619586141748366,0.06593391340598465,0.16860110477955756,0.3791805491727941,0.28341064453125,0.47865038105085783,F:\BUET plasma\PCMMD_LOCAL\set1\plasma\IMG01204_p_8.jpg,1,plasma
0.946044921875,0.053955078125,17.533936651583712,2.919603465201591,0.7950567108353759,0.035598514910787346,0.5149414060582939,0.19647982728247548,0.1462344898897059,0.27211555032169116,F:\BUET plasma\PCMMD_LOCAL\set1\plasma\IMG01205_p_0.jpg,1,plasma
0.84808349609375,0.15191650390625,5.58256327842507,1.8844242254716423,0.737042276220384,0.03907459145411849,0.5138303879135355,0.2588852826286765,0.20399337469362744,0.3259945140165441,F:\BUET plasma\PCMMD_LOCAL\set1\plasma\IMG01205_p_1.jpg,1,plasma
0.86578369140625,0.13421630859375,6.450659390632105,2.008302537284473,0.7474561504289216,0.05518768590688705,0.42621165216710805,0.23830255246629903,0.1848666321997549,0.3344623640471814,F:\BUET plasma\PCMMD_LOCAL\set1\plasma\IMG01206_p_5.jpg,1,plasma
0.8316650390625,0.1683349609375,4.940536620739667,1.7817994694859873,0.730520929074755,0.049580024480819704,0.5187317485015032,0.2648837220435049,0.2114444508272059,0.3321090399050245,F:\BUET plasma\PCMMD_LOCAL\set1\plasma\IMG01206_p_6.jpg,1,plasma
0.73486328125,0.26513671875,2.7716390423572745,1.327509666225463,0.6239697425194036,0.03268045662343502,0.4118367271925944,0.34258985332414216,0.2181650199142157,0.5673358992034314,F:\BUET plasma\PCMMD_LOCAL\set1\plasma\IMG01211_p_0.jpg,1,plasma
0.71820068359375,0.28179931640625,2.5486246480398527,1.2665601053322455,0.6223253038194445,0.025729817893356086,0.4413730192007583,0.3491723154105392,0.2309958065257353,0.5528559666053922,F:\BUET plasma\PCMMD_LOCAL\set1\plasma\IMG01211_p_1.jpg,1,plasma
0.93438720703125,0.06561279296875,14.24093023255814,2.7239845872774713,0.6792067982792076,0.025096795823425055,0.4018504939903899,0.2952318378523284,0.18291853362438726,0.4842292336856618,F:\BUET plasma\PCMMD_LOCAL\set1\plasma\IMG01211_p_10.jpg,1,plasma
0.7972412109375,0.2027587890625,3.9319686935580975,1.595738237665994,0.6385432623570262,0.029573689922690393,0.22536776681897241,0.32695671530330883,0.2100044998468137,0.547408997778799,F:\BUET plasma\PCMMD_LOCAL\set1\plasma\IMG01211_p_11.jpg,1,plasma
0.7249755859375,0.2750244140625,2.636040834442965,1.2908954068470446,0.6314237706801471,0.08719013768061995,0.3942339867202474,0.3483585133272059,0.2375002393535539,0.519869935278799,F:\BUET plasma\PCMMD_LOCAL\set1\plasma\IMG01211_p_12.jpg,1,plasma
0.7366943359375,0.2633056640625,2.7978674084376447,1.3344397008901325,0.6206244574652777,0.03205705939233303,0.4224157035643852,0.33996629901960784,0.2218603994332108,0.5762999291513481,F:\BUET plasma\PCMMD_LOCAL\set1\plasma\IMG01211_p_13.jpg,1,plasma
0.6221923828125,0.3778076171875,1.6468497576736671,0.9733701621605925,0.5978100745506536,0.03545296859741211,0.5960592434949258,0.374264466528799,0.2559929342830882,0.576312375536152,F:\BUET plasma\PCMMD_LOCAL\set1\plasma\IMG01211_p_14.jpg,1,plasma
0.43719482421875,0.56280517578125,0.7768137945992842,0.574821757300093,0.5782100502961601,0.05457474946603179,0.08830064908472723,0.39759808708639705,0.25455106847426473,0.6132206935508578,F:\BUET plasma\PCMMD_LOCAL\set1\plasma\IMG01211_p_15.jpg,1,plasma
0.5631103515625,0.4368896484375,1.2889075160659402,0.8280746365132632,0.5970258725234885,0.039016408767551185,0.2575502354463665,0.3654435700061274,0.24333520029105393,0.6001436121323529,F:\BUET plasma\PCMMD_LOCAL\set1\plasma\IMG01211_p_16.jpg,1,plasma
0.70123291015625,0.29876708984375,2.34708886618999,1.2080909728746236,0.6110964307598039,0.03677203905209899,0.20555394018385498,0.35434737859987747,0.21762432023590686,0.5947390088848039,F:\BUET plasma\PCMMD_LOCAL\set1\plasma\IMG01211_p_17.jpg,1,plasma
0.62237548828125,0.37762451171875,1.6481331824793923,0.9738549323082456,0.5911309136284723,0.03542171597108245,0.25503539488648574,0.38501694623161764,0.25150529450061276,0.5900850183823529,F:\BUET plasma\PCMMD_LOCAL\set1\plasma\IMG01211_p_18.jpg,1,plasma
0.51861572265625,0.48138427734375,1.0773424622797008,0.7310894144412434,0.5854673298355801,0.04766314130648971,0.0855943583074272,0.38214183134191176,0.2550103879442402,0.6064457912071078,F:\BUET plasma\PCMMD_LOCAL\set1\plasma\IMG01211_p_19.jpg,1,plasma
0.80487060546875,0.19512939453125,4.124804504222709,1.6340923787793928,0.620315452027165,0.031244747623801233,0.42214887657160916,0.35088943780637255,0.19870653339460784,0.5894576727175245,F:\BUET plasma\PCMMD_LOCAL\set1\plasma\IMG01211_p_2.jpg,1,plasma
0.77215576171875,0.22784423828125,3.388963300294669,1.4790930489246505,0.6118425755718955,0.03624796019494533,0.30724589571670496,0.35522724226409313,0.20918710746017158,0.6000579235600491,F:\BUET plasma\PCMMD_LOCAL\set1\plasma\IMG01211_p_20.jpg,1,plasma
0.6568603515625,0.3431396484375,1.9142653859836358,1.069617776372757,0.602105672998366,0.06289713030681014,0.3410736766717945,0.37006213618259803,0.21819589652267157,0.6054249482996323,F:\BUET plasma\PCMMD_LOCAL\set1\plasma\IMG01211_p_21.jpg,1,plasma
0.6639404296875,0.3360595703125,1.9756629131856156,1.0904668421366817,0.6161976134854983,0.05037830710411072,0.383308086276389,0.3520550896139706,0.23054294960171567,0.5688091203278186,F:\BUET plasma\PCMMD_LOCAL\set1\plasma\IMG01211_p_22.jpg,1,plasma
0.66864013671875,0.33135986328125,2.017867010499171,1.1045502939337832,0.6216127482894199,0.040976989146322015,0.40550916072956145,0.35495749080882355,0.24215805951286765,0.5380462048100491,F:\BUET plasma\PCMMD_LOCAL\set1\plasma\IMG01211_p_23.jpg,1,plasma
0.63543701171875,0.36456298828125,1.7430102126234723,1.0090559351069284,0.5976269690819036,0.04163229142129421,0.3470016428605834,0.38355760761335783,0.2632166245404412,0.5603448606004902,F:\BUET plasma\PCMMD_LOCAL\set1\plasma\IMG01211_p_24.jpg,1,plasma
0.66644287109375,0.33355712890625,1.9979871912168343,1.0979411272285955,0.6073264527165032,0.032422439988702534,0.19685953646664198,0.36149710860906864,0.21909275428921568,0.5974307789522059,F:\BUET plasma\PCMMD_LOCAL\set1\plasma\IMG01211_p_3.jpg,1,plasma
0.736328125,0.263671875,2.7925925925925927,1.3330498466010783,0.6314277599060458,0.035153684373945,0.2962304073406521,0.34203910079656863,0.22138169232536764,0.5422959271599265,F:\BUET plasma\PCMMD_LOCAL\set1\plasma\IMG01211_p_4.jpg,1,plasma
0.87628173828125,0.12371826171875,7.082881105081401,2.0897483813872344,0.6901025709763071,0.023754744585603477,0.5734947574587642,0.28729104434742647,0.18155278224571078,0.4608484604779412,F:\BUET plasma\PCMMD_LOCAL\set1\plasma\IMG01211_p_5.jpg,1,plasma
0.67120361328125,0.32879638671875,2.0413959532207167,1.1123166051587006,0.6126156077665441,0.03857681822776794,0.6299689965199449,0.36453546262254904,0.24497213924632352,0.5526455748314951,F:\BUET plasma\PCMMD_LOCAL\set1\plasma\IMG01211_p_6.jpg,1,plasma
0.6771240234375,0.3228759765625,2.0971644612476372,1.1304870029868894,0.6164320203993056,0.03718985217809677,0.39625558765863683,0.35567722694546566,0.23614525888480392,0.5588814529718137,F:\BUET plasma\PCMMD_LOCAL\set1\plasma\IMG01211_p_7.jpg,1,plasma
0.71551513671875,0.28448486328125,2.5151255095473073,1.2570752314664932,0.621371719260621,0.040439307078719136,0.2796309353583407,0.3443057789522059,0.22391309551164215,0.5676659677542892,F:\BUET plasma\PCMMD_LOCAL\set1\plasma\IMG01211_p_8.jpg,1,plasma
0.70721435546875,0.29278564453125,2.4154680008338545,1.2283145263371704,0.6158881293402778,0.03812601195275783,0.15325428454710768,0.35607718673406863,0.24256687538296567,0.5536915498621323,F:\BUET plasma\PCMMD_LOCAL\set1\plasma\IMG01211_p_9.jpg,1,plasma
0.0482177734375,0.82501220703125,0.05844492121032774,0.0568007754825063,0.3736439025479984,0.029249571409076452,0.11239501982742901,0.6188103170955882,0.4847488702512255,0.7755091050091911,F:\BUET plasma\PCMMD_LOCAL\set1\plasma\IMG_0050_p_0.jpg,1,plasma
0.034423828125,0.93768310546875,0.03671157976957626,0.036053761121121186,0.41605942670036766,0.025321635510772468,0.17916726035320785,0.5722493489583333,0.4261859968596814,0.7533863740808824,F:\BUET plasma\PCMMD_LOCAL\set1\plasma\IMG_0050_p_1.jpg,1,plasma
0.01141357421875,0.783203125,0.01457294264339152,0.014467777791101354,0.36650741676879084,0.10019913038238883,0.22565084560319176,0.62391357421875,0.5120435527726716,0.7645206227022059,F:\BUET plasma\PCMMD_LOCAL\set1\plasma\IMG_0050_p_2.jpg,1,plasma
0.00079345703125,0.868408203125,0.0009136913129041327,0.0009132741510819116,0.44050205205780235,0.08999133962392807,0.3224580264151723,0.5707591337316177,0.4624418370863971,0.6452928730085784,F:\BUET plasma\PCMMD_LOCAL\set1\plasma\IMG_0343_p_0.jpg,1,plasma
0.001708984375,0.868408203125,0.001967950520101209,0.00196601664224473,0.46073468775531046,0.040552235066890714,0.6430287075658971,0.564504825367647,0.4637893975949755,0.5895017137714461,F:\BUET plasma\PCMMD_LOCAL\set1\plasma\IMG_0343_p_1.jpg,1,plasma
0.0,0.9443359375,0.0,0.0,0.49603718277675646,0.0304852820597589,0.0,0.5312425800398284,0.4154196346507353,0.5652262369791666,F:\BUET plasma\PCMMD_LOCAL\set1\plasma\IMG_0343_p_2.jpg,1,plasma
0.0,0.974365234375,0.0,0.0,0.5113179923662173,0.030522711738944053,0.0,0.511886536841299,0.39420094209558826,0.5599585439644608,F:\BUET plasma\PCMMD_LOCAL\set1\plasma\IMG_0343_p_3.jpg,1,plasma
0.0,0.94085693359375,0.0,0.0,0.5203483232485703,0.02914650436863303,0.0,0.5037135703890931,0.3865320542279412,0.5487094056372549,F:\BUET plasma\PCMMD_LOCAL\set1\plasma\IMG_0343_p_4.jpg,1,plasma
0.0,0.9302978515625,0.0,0.0,0.5115681168300654,0.02956260298192501,0.0,0.509460209865196,0.4049680223651961,0.5508674172794118,F:\BUET plasma\PCMMD_LOCAL\set1\plasma\IMG_0343_p_5.jpg,1,plasma
0.0001220703125,0.94921875,0.0001286008230452675,0.000128592554668296,0.5304556653390522,0.0312690536826849,0.0,0.47800005744485297,0.38658710554534315,0.5440458409926471,F:\BUET plasma\PCMMD_LOCAL\set1\plasma\IMG_0343_p_6.jpg,1,plasma
0.0,0.9864501953125,0.0,0.0,0.5290947808159723,0.026240085270255804,0.0,0.4856689453125,0.3777623793658088,0.5492843328737745,F:\BUET plasma\PCMMD_LOCAL\set1\plasma\IMG_0343_p_7.jpg,1,plasma
6.103515625e-05,0.931640625,6.551362683438155e-05,6.551148091045538e-05,0.4823040332669526,0.03897980159521103,0.0,0.5482991536458334,0.43410596660539214,0.5706827799479167,F:\BUET plasma\PCMMD_LOCAL\set1\plasma\IMG_0343_p_8.jpg,1,plasma
0.0,0.8599853515625,0.0,0.0,0.40194450827205885,0.059446394201368095,0.0,0.650680482153799,0.5158308440563726,0.6276551489736519,F:\BUET plasma\PCMMD_LOCAL\set1\plasma\IMG_0344_p_0.jpg,1,plasma
0.0,0.8665771484375,0.0,0.0,0.4193431978911356,0.07223436522483825,0.0,0.6229133157169118,0.4889150582107843,0.6301420323988971,F:\BUET plasma\PCMMD_LOCAL\set1\plasma\IMG_0344_p_1.jpg,1,plasma
0.02490234375,0.91168212890625,0.02731472183169311,0.026948331743544128,0.4916632359323938,0.14963948782905936,0.8021093687878232,0.5562140969669118,0.4197887944240196,0.5490074008118873,F:\BUET plasma\PCMMD_LOCAL\set1\plasma\IMG_0348_p_0.jpg,1,plasma
0.0,0.91278076171875,0.0,0.0,0.3757250816993465,0.056914590772241355,0.0,0.6837000229779412,0.5715353573069853,0.6175893746170343,F:\BUET plasma\PCMMD_LOCAL\set1\plasma\IMG_0349_p_0.jpg,1,plasma
0.0,0.89154052734375,0.0,0.0,0.40517506318933827,0.07204452109336854,0.0,0.6524524165134804,0.5204474954044118,0.6115748985140932,F:\BUET plasma\PCMMD_LOCAL\set1\plasma\IMG_0349_p_1.jpg,1,plasma
0.0,0.97467041015625,0.0,0.0,0.4570882959303514,0.042416776597499845,0.0,0.5830463484221814,0.4544821346507353,0.5912066291360294,F:\BUET plasma\PCMMD_LOCAL\set1\plasma\IMG_0349_p_2.jpg,1,plasma
0.0,0.92926025390625,0.0,0.0,0.4201092090482026,0.04151610790193081,0.0,0.6383398916207108,0.497598326439951,0.6037341547947304,F:\BUET plasma\PCMMD_LOCAL\set1\plasma\IMG_0349_p_3.jpg,1,plasma
0.0,0.974609375,0.0,0.0,0.414526446972018,0.037967773303389546,0.0,0.6474298215379902,0.5024179496017157,0.6065728879442402,F:\BUET plasma\PCMMD_LOCAL\set1\plasma\IMG_0349_p_4.jpg,1,plasma
0.0,0.94677734375,0.0,0.0,0.44617153990502456,0.05144309827312827,0.0,0.5926374846813726,0.46305865119485295,0.605789244408701,F:\BUET plasma\PCMMD_LOCAL\set1\plasma\IMG_0349_p_5.jpg,1,plasma
0.0,0.94586181640625,0.0,0.0,0.4591450610191994,0.04377774962410331,0.0,0.5720174153645833,0.44612127565870097,0.6044261259191176,F:\BUET plasma\PCMMD_LOCAL\set1\plasma\IMG_0349_p_6.jpg,1,plasma
0.0,0.8499755859375,0.0,0.0,0.41118674683415035,0.04158563481271267,0.0,0.6437636431525735,0.49951171875,0.6231643975949754,F:\BUET plasma\PCMMD_LOCAL\set1\plasma\IMG_0349_p_7.jpg,1,plasma
0.0,0.97613525390625,0.0,0.0,0.4784786049836601,0.018822826888412237,0.0,0.5493987438725491,0.4180199716605392,0.5971454695159314,F:\BUET plasma\PCMMD_LOCAL\set1\plasma\IMG_0349_p_8.jpg,1,plasma
0.132568359375,0.76824951171875,0.17255898943354253,0.15918853089027094,0.4725786196640114,0.03895674954354763,0.09079329838428121,0.5594369925704656,0.402749693627451,0.6200774548100491,F:\BUET plasma\PCMMD_LOCAL\set1\plasma\IMG_0495_p_0.jpg,1,plasma
0.27178955078125,0.7164306640625,0.37936616118589195,0.32162409016847265,0.49930794909109477,0.04168517553433776,0.2373315013604943,0.5490413890165441,0.34378566367953434,0.6092491000306373,F:\BUET plasma\PCMMD_LOCAL\set1\plasma\IMG_0495_p_1.jpg,1,plasma
0.0299072265625,0.76593017578125,0.039046936010837516,0.03830388531316414,0.4128980449601716,0.06383158384263515,0.10583850816592162,0.6176185757506127,0.48466725068933825,0.6590200386795343,F:\BUET plasma\PCMMD_LOCAL\set1\plasma\IMG_0495_p_2.jpg,1,plasma
0.32037353515625,0.57696533203125,0.5552734581614303,0.4416513875086487,0.5073101766748366,0.05999163722991943,0.5773489039379821,0.514501713771446,0.37872505935968137,0.5848426968443627,F:\BUET plasma\PCMMD_LOCAL\set1\plasma\IMG_0495_p_3.jpg,1,plasma
0.2196044921875,0.64215087890625,0.3419827012641384,0.2941481482012373,0.488577090992647,0.07257636462152005,0.20739689486192278,0.5321186140471814,0.39840183632046566,0.6037482766544118,F:\BUET plasma\PCMMD_LOCAL\set1\plasma\IMG_0495_p_4.jpg,1,plasma
0.131103515625,0.68487548828125,0.19142678905623384,0.1751515713182563,0.42492723651960784,0.11881569477543234,0.14713512572076068,0.5982271082261029,0.42934402765012253,0.697647154564951,F:\BUET plasma\PCMMD_LOCAL\set1\plasma\IMG_0499_p_0.jpg,1,plasma
0.0072021484375,0.78485107421875,0.009176452290224745,0.009134604466791568,0.38105388965482023,0.11684678053483367,0.48368704557039216,0.6440996955422794,0.4651431812959559,0.7475954541973039,F:\BUET plasma\PCMMD_LOCAL\set1\plasma\IMG_0499_p_1.jpg,1,plasma
0.05780029296875,0.86968994140625,0.0664608042669661,0.0643455065117274,0.4773758233762255,0.13418064665421844,0.23173725414384858,0.5678502699908088,0.4107584635416667,0.5892637963388481,F:\BUET plasma\PCMMD_LOCAL\set1\plasma\IMG_0514_p_0.jpg,1,plasma
0.1573486328125,0.756591796875,0.2079703130041949,0.18894152388299168,0.4699892929176879,0.13464417051896452,0.15870600435948157,0.5816992666207108,0.4162142884497549,0.5921185661764706,F:\BUET plasma\PCMMD_LOCAL\set1\plasma\IMG_0514_p_1.jpg,1,plasma
0.08123779296875,0.6636962890625,0.12240205995953651,0.11547108512119447,0.4107291826235703,0.27175152450427414,0.26688966071858383,0.6407863242953431,0.4897178500306373,0.6373082778033088,F:\BUET plasma\PCMMD_LOCAL\set1\plasma\IMG_0514_p_2.jpg,1,plasma
0.20941162109375,0.68182373046875,0.3071345448035091,0.26783737104518274,0.4666990591809641,0.04741303610801697,0.36622726146556345,0.5656180587469363,0.3950030158547794,0.6392817478553922,F:\BUET plasma\PCMMD_LOCAL\set1\plasma\IMG_0527_p_1.jpg,1,plasma
0.00872802734375,0.94183349609375,0.009267059814658803,0.00922438406572662,0.4389206431270425,0.06380868445336818,0.32748359407832844,0.6015337775735294,0.42620131548713236,0.6555029775582107,F:\BUET plasma\PCMMD_LOCAL\set1\plasma\IMG_0527_p_2.jpg,1,plasma
0.14520263671875,0.819580078125,0.17716711349419123,0.16311080077746992,0.4636796938827614,0.02842127238214016,0.06582543584059272,0.5818275601256128,0.3743626014859069,0.652770756740196,F:\BUET plasma\PCMMD_LOCAL\set1\plasma\IMG_0527_p_3.jpg,1,plasma
0.28204345703125,0.70867919921875,0.397984669709758,0.3350316778786445,0.5060521343954247,0.03472478377446532,0.43647319442171745,0.5378604664522059,0.3243556602328431,0.6196274701286765,F:\BUET plasma\PCMMD_LOCAL\set1\plasma\IMG_0527_p_4.jpg,1,plasma
0.33673095703125,0.6337890625,0.5312981510015409,0.42611584036852573,0.4945887746374592,0.04875089168548584,0.6303188785218772,0.528188907398897,0.3615045285692402,0.6265402401194853,F:\BUET plasma\PCMMD_LOCAL\set1\plasma\IMG_0527_p_5.jpg,1,plasma
0.36822509765625,0.521728515625,0.705779129620964,0.5340219738772471,0.5436848958333333,0.11203940749168396,0.3424837385182687,0.4867996515012255,0.3347833371629902,0.5473623238357843,F:\BUET plasma\PCMMD_LOCAL\set1\plasma\IMG_0530_p_1.jpg,1,plasma
0.29302978515625,0.607666015625,0.4822217758135798,0.39354216197596686,0.49683494817197704,0.15708065962791443,0.3994365956367457,0.5486148609834559,0.3627194872089461,0.5981608072916667,F:\BUET plasma\PCMMD_LOCAL\set1\plasma\IMG_0530_p_2.jpg,1,plasma
0.456787109375,0.52264404296875,0.8739927595468878,0.6280713201731677,0.5845640095230801,0.058348151788115504,0.3076305154587719,0.458517396216299,0.2595949659160539,0.5281956092984068,F:\BUET plasma\PCMMD_LOCAL\set1\plasma\IMG_0530_p_3.jpg,1,plasma
0.15673828125,0.67138671875,0.23345454545454544,0.2098188062511767,0.39170655892565354,0.10390205567702651,0.28936493860324475,0.6064182655484068,0.43726303998161764,0.7811990176930147,F:\BUET plasma\PCMMD_LOCAL\set1\plasma\IMG_0536_p_0.jpg,1,plasma
0.18084716796875,0.8184814453125,0.2209545115585384,0.19963293936376814,0.4238339492698121,0.09114878084883093,0.573138654812532,0.5827799479166667,0.41644670075061274,0.7292715035232843,F:\BUET plasma\PCMMD_LOCAL\set1\plasma\IMG_0536_p_1.jpg,1,plasma
0.36029052734375,0.47369384765625,0.7605978611003736,0.5656534451742122,0.45702662249795745,0.231560748424381,0.06231735635096113,0.5411185470281863,0.34460042317708334,0.7432011623008579,F:\BUET plasma\PCMMD_LOCAL\set1\plasma\IMG_0536_p_2.jpg,1,plasma
0.38818359375,0.54248046875,0.7155715571557155,0.5397462945745174,0.5715877757352941,0.11722569631040096,0.23534768300285075,0.5321796492034314,0.34475049785539214,0.40830652573529413,F:\BUET plasma\PCMMD_LOCAL\set1\plasma\IMG_0538_p_0.jpg,1,plasma
0.4549560546875,0.42071533203125,1.0813869142608443,0.7330344572127382,0.5827855328329248,0.15343702548742294,0.2566407937539055,0.5180027382046568,0.3313443053002451,0.4022963579963235,F:\BUET plasma\PCMMD_LOCAL\set1\plasma\IMG_0538_p_1.jpg,1,plasma
0.788818359375,0.18658447265625,4.227674190382728,1.6539664736942743,0.68526020922692,0.11184533534944058,0.5452833905879845,0.3987316655177696,0.2098331227022059,0.3356545840992647,F:\BUET plasma\PCMMD_LOCAL\set1\plasma\IMG_0538_p_2.jpg,1,plasma
0.57403564453125,0.40899658203125,1.4035218624085957,0.8769351043823195,0.6396351932700164,0.18260507868230344,0.19574047159616795,0.4508564070159314,0.267169069776348,0.3630689433976716,F:\BUET plasma\PCMMD_LOCAL\set1\plasma\IMG_0538_p_3.jpg,1,plasma
0.51068115234375,0.3822021484375,1.3361545832002555,0.8485062370917351,0.5885125453176062,0.09674350784718991,0.3775068566535595,0.5220734240962009,0.32193507774203434,0.39045386220894607,F:\BUET plasma\PCMMD_LOCAL\set1\plasma\IMG_0538_p_4.jpg,1,plasma
0.095458984375,0.80816650390625,0.11811796692092742,0.11164688519593481,0.4759606055964053,0.0531218346953392,0.452977315135268,0.5500361423866421,0.4121962603400735,0.6098857804840686,F:\BUET plasma\PCMMD_LOCAL\set1\plasma\IMG_0546_p_0.jpg,1,plasma
0.04449462890625,0.79864501953125,0.05571264807030951,0.05421603468467198,0.43732551125919117,0.08310062881931662,0.0973070720286492,0.6062251072303921,0.45997290517769607,0.6218254538143382,F:\BUET plasma\PCMMD_LOCAL\set1\plasma\IMG_0546_p_1.jpg,1,plasma
0.4222412109375,0.38775634765625,1.088934361718873,0.736654061170716,0.5042482064440359,0.0656873540878296,0.21400540226615666,0.5141316731770833,0.3750938265931373,0.5980298808976716,F:\BUET plasma\PCMMD_LOCAL\set1\plasma\IMG_0546_p_2.jpg,1,plasma
0.07275390625,0.75079345703125,0.09690269083814324,0.0924904725620023,0.4484579248366013,0.050706225361675024,0.4163844611185949,0.58111572265625,0.44738266888786765,0.6261278339460784,F:\BUET plasma\PCMMD_LOCAL\set1\plasma\IMG_0546_p_3.jpg,1,plasma
0.0008544921875,0.8204345703125,0.0010415116798095521,0.0010409696828181157,0.3640028211805555,0.09579779851064087,0.34290273015491973,0.6848745308670343,0.5249016256893382,0.6982153799019608,F:\BUET plasma\PCMMD_LOCAL\set1\plasma\IMG_0546_p_4.jpg,1,plasma
0.4786376953125,0.44598388671875,1.0732174627069933,0.7291017303671058,0.540536838107639,0.1283389441333711,0.30231495864926106,0.4619305778952206,0.3506479300704657,0.5658109777113971,F:\BUET plasma\PCMMD_LOCAL\set1\plasma\IMG_0563_p_0.jpg,1,plasma
0.3868408203125,0.53045654296875,0.7292601541824877,0.5476936604966343,0.5341698740042893,0.12245165620744228,0.31048050233289826,0.4651486864276961,0.3593429266237745,0.5729987649356618,F:\BUET plasma\PCMMD_LOCAL\set1\plasma\IMG_0563_p_1.jpg,1,plasma
0.0133056640625,0.80657958984375,0.016496405599697315,0.016361818024623644,0.40754881216809646,0.11271307959780097,0.33012637956025653,0.5905948414522059,0.43068608302696076,0.7560726390165441,F:\BUET plasma\PCMMD_LOCAL\set1\plasma\IMG_0574_p_1.jpg,1,plasma
0.10931396484375,0.6885986328125,0.1587484488565857,0.14734049926193862,0.4355203067555147,0.07840251469239592,0.09846837229501766,0.5631474513633579,0.42037880093443625,0.7099128274356618,F:\BUET plasma\PCMMD_LOCAL\set1\plasma\IMG_0574_p_2.jpg,1,plasma
0.2152099609375,0.63702392578125,0.33783654306793137,0.29105378912214297,0.45946882659313726,0.13456410145387054,0.07086461519345258,0.5292487649356618,0.3836114621629902,0.7087332931219362,F:\BUET plasma\PCMMD_LOCAL\set1\plasma\IMG_0574_p_3.jpg,1,plasma
0.33642578125,0.557373046875,0.6035917652212002,0.47224596659044066,0.4643636067708333,0.06391378795728088,0.2356961961485859,0.5385510014552696,0.3673624674479167,0.7009957107843138,F:\BUET plasma\PCMMD_LOCAL\set1\plasma\IMG_0574_p_4.jpg,1,plasma
0.0,0.87353515625,0.0,0.0,0.394619890599469,0.02058086222037673,0.0,0.6593125287224265,0.4226205863204657,0.734207213158701,F:\BUET plasma\PCMMD_LOCAL\set1\plasma\IMG_0633_p_0.jpg,1,plasma
0.0,0.85980224609375,0.0,0.0,0.36394968469158495,0.0240452122092247,0.0,0.6955695657169118,0.4888217103247549,0.7237596698835784,F:\BUET plasma\PCMMD_LOCAL\set1\plasma\IMG_0633_p_1.jpg,1,plasma
0.01336669921875,0.88983154296875,0.015021606420193429,0.014909899380674331,0.34962788500817,0.044616928100585936,0.3673537746197952,0.72308349609375,0.4879483092064951,0.7400845396752451,F:\BUET plasma\PCMMD_LOCAL\set1\plasma\IMG_0633_p_2.jpg,1,plasma
0.02001953125,0.96881103515625,0.020664020664020663,0.020453416138176774,0.45660783356311274,0.03314066499471664,0.7429627881613051,0.5865681966145834,0.36477026845894606,0.6788380342371324,F:\BUET plasma\PCMMD_LOCAL\set1\plasma\IMG_0633_p_3.jpg,1,plasma
0.02728271484375,0.859619140625,0.031738142573132636,0.031244897045752736,0.43947769863153596,0.02700250481069088,0.17167211456374512,0.5979690850949755,0.38211717792585786,0.7014806410845589,F:\BUET plasma\PCMMD_LOCAL\set1\plasma\IMG_0633_p_4.jpg,1,plasma
0.00299072265625,0.85137939453125,0.0035127966162448922,0.003506641157249762,0.3709223728553922,0.04395457920059562,0.3560592495908673,0.6767721737132353,0.4769332586550245,0.7335274490655638,F:\BUET plasma\PCMMD_LOCAL\set1\plasma\IMG_0633_p_5.jpg,1,plasma
0.0,0.8460693359375,0.0,0.0,0.33206691367953434,0.041351589914411305,0.0,0.7200860715379902,0.531918275122549,0.7517949123008578,F:\BUET plasma\PCMMD_LOCAL\set1\plasma\IMG_0633_p_6.jpg,1,plasma
0.0089111328125,0.82000732421875,0.01086713807219948,0.010808515054476681,0.39699467677696076,0.03775295996665955,0.19735039217998934,0.6337620155484068,0.4400194355085784,0.7352345186121324,F:\BUET plasma\PCMMD_LOCAL\set1\plasma\IMG_0633_p_7.jpg,1,plasma
0.0,0.890869140625,0.0,0.0,0.38475932202308005,0.05307825255393982,0.0,0.6897240732230392,0.5308012120863971,0.6251967486213236,F:\BUET plasma\PCMMD_LOCAL\set1\plasma\IMG_0649_p_0.jpg,1,plasma
0.0,0.7974853515625,0.0,0.0,0.3859110913245506,0.09706003832444549,0.0,0.6768674364276961,0.538455260033701,0.626944029564951,F:\BUET plasma\PCMMD_LOCAL\set1\plasma\IMG_0649_p_1.jpg,1,plasma
0.0,0.792236328125,0.0,0.0,0.3657488255718955,0.07166955178976059,0.0,0.6933057598039216,0.5608372108609069,0.6486105526194853,F:\BUET plasma\PCMMD_LOCAL\set1\plasma\IMG_0649_p_2.jpg,1,plasma
0.5238037109375,0.262451171875,1.995813953488372,1.097215965425182,0.5250323127297793,0.11540134727582335,0.2531377909779875,0.5016706878063726,0.38825085209865196,0.5349815219056373,F:\BUET plasma\PCMMD_LOCAL\set1\plasma\IMG_0762_p_0.jpg,1,plasma
0.02984619140625,0.8909912109375,0.033497739416358405,0.03294891282849684,0.4568489423764298,0.04280235169827938,0.592268980703848,0.6102943570006127,0.40022499234068626,0.6189338235294117,F:\BUET plasma\PCMMD_LOCAL\set1\plasma\IMG_0863_p_3.jpg,1,plasma
0.03997802734375,0.95721435546875,0.04176496843716126,0.04091635976738995,0.4965526705473856,0.03004196419939399,0.22828968205696276,0.5578014897365197,0.36420395795036764,0.5883365406709559,F:\BUET plasma\PCMMD_LOCAL\set1\plasma\IMG_0863_p_4.jpg,1,plasma
0.0611572265625,0.93878173828125,0.0651453091476497,0.06311123036845312,0.5135044870812908,0.03958278785645962,0.1932429675557516,0.5476804247089461,0.33404732498468137,0.5777587890625,F:\BUET plasma\PCMMD_LOCAL\set1\plasma\IMG_0863_p_5.jpg,1,plasma
0.0423583984375,0.84637451171875,0.0500468738732242,0.04883480495704026,0.4688288271037582,0.03910991567373276,0.09540791193184253,0.6044713637408088,0.4110765644148284,0.5779655905330883,F:\BUET plasma\PCMMD_LOCAL\set1\plasma\IMG_0863_p_6.jpg,1,plasma
0.00091552734375,0.99053955078125,0.000924271366073079,0.0009238444903064568,0.4588925430198121,0.032456655606627464,0.2143429025219657,0.6153523763020833,0.3894090839460784,0.6185609106924019,F:\BUET plasma\PCMMD_LOCAL\set1\plasma\IMG_0863_p_7.jpg,1,plasma
0.03839111328125,0.73370361328125,0.052325097745611844,0.05100209485141205,0.30858904271343957,0.08677813625335694,0.42776781460819563,0.7170680625765932,0.5184524835324755,0.8387123257506127,F:\BUET plasma\PCMMD_LOCAL\set1\plasma\IMG_0952_p_0.jpg,1,plasma
0.16510009765625,0.61712646484375,0.2675304124221145,0.23707045021674136,0.34701358570772056,0.058285164460539815,0.3465510604693617,0.6556690889246324,0.48349609375,0.8197940602022059,F:\BUET plasma\PCMMD_LOCAL\set1\plasma\IMG_0952_p_1.jpg,1,plasma
0.12274169921875,0.70318603515625,0.1745508202412985,0.16088579386254553,0.36285184972426465,0.2925354926250875,0.088922266839926,0.6429467294730392,0.4653284409466912,0.8031692804074755,F:\BUET plasma\PCMMD_LOCAL\set1\plasma\IMG_0952_p_2.jpg,1,plasma
0.00640869140625,0.87750244140625,0.007303331710370731,0.007276791526173575,0.42096162683823535,0.1537107017301023,0.265419237650752,0.621392702588848,0.43790426815257355,0.6778181487438726,F:\BUET plasma\PCMMD_LOCAL\set1\plasma\IMG_1231_p_0.jpg,1,plasma
0.0357666015625,0.8275146484375,0.04322171411712642,0.04231372688651375,0.4607336505565768,0.08082517391070723,0.0649973694613391,0.5751656326593138,0.40184350107230393,0.640789914598652,F:\BUET plasma\PCMMD_LOCAL\set1\plasma\IMG_1231_p_1.jpg,1,plasma
0.01422119140625,0.85107421875,0.016709695926563396,0.016571624917774683,0.42923480264501634,0.21287468098104,0.26612153628388296,0.616458189721201,0.41527051738664217,0.6805668849571078,F:\BUET plasma\PCMMD_LOCAL\set1\plasma\IMG_1231_p_2.jpg,1,plasma
0.16497802734375,0.66326904296875,0.24873470138952794,0.22213079976606326,0.45807435278799025,0.07227512022480369,0.0772256777296424,0.5852821499693628,0.39867110906862746,0.6418236825980392,F:\BUET plasma\PCMMD_LOCAL\set1\plasma\IMG_1231_p_3.jpg,1,plasma
0.10467529296875,0.73309326171875,0.1427857797019399,0.1334689479140897,0.43285837609783495,0.09824795852601528,0.13884716497486022,0.6228695140165441,0.42302413641237746,0.6555312212775736,F:\BUET plasma\PCMMD_LOCAL\set1\plasma\IMG_1231_p_4.jpg,1,plasma
0.0137939453125,0.8858642578125,0.015571172660879151,0.015451185905245341,0.4311221852022059,0.10542933630943298,0.41249970752064574,0.6119032915900735,0.3995404411764706,0.6951897116268382,F:\BUET plasma\PCMMD_LOCAL\set1\plasma\IMG_1231_p_5.jpg,1,plasma
0.0439453125,0.72265625,0.060810810810810814,0.05903353158419299,0.37817526424632353,0.10899855273962021,0.27679160423094845,0.6940834195006127,0.4931650199142157,0.678225767846201,F:\BUET plasma\PCMMD_LOCAL\set1\plasma\IMG_1231_p_6.jpg,1,plasma
0.00018310546875,0.798583984375,0.00022928767960868235,0.00022926139720608283,0.3441574595332926,0.03814352169260383,0.0,0.7444264131433823,0.5078148935355392,0.715286314721201,F:\BUET plasma\PCMMD_LOCAL\set1\plasma\IMG_1231_p_7.jpg,1,plasma
0.00152587890625,0.82867431640625,0.001841349340796936,0.0018396561353027621,0.3598580952563317,0.10420378499850631,0.6430287075658971,0.7109678979013481,0.49131577435661766,0.7181420419730392,F:\BUET plasma\PCMMD_LOCAL\set1\plasma\IMG_1231_p_8.jpg,1,plasma
0.0,0.79254150390625,0.0,0.0,0.35180041743259804,0.08227381550893187,0.0,0.7057198318780638,0.4849551930147059,0.7539237228094363,F:\BUET plasma\PCMMD_LOCAL\set1\plasma\IMG_1231_p_9.jpg,1,plasma
0.0,0.77703857421875,0.0,0.0,0.32828265420751634,0.04019271755218506,0.0,0.6615306181066176,0.5742240157781863,0.7793974034926471,F:\BUET plasma\PCMMD_LOCAL\set1\plasma\IMG_1850_p_0.jpg,1,plasma
0.00811767578125,0.657958984375,0.012337662337662338,0.012262173650101679,0.3110187206392975,0.05270472902059555,0.18152785000531804,0.7010660807291667,0.5737410003063725,0.7921367570465686,F:\BUET plasma\PCMMD_LOCAL\set1\plasma\IMG_1919_p_0.jpg,1,plasma
0.03692626953125,0.87255859375,0.04231952993844432,0.04144854693619623,0.3950589448018791,0.048626078113913535,0.1709214908679539,0.6368412990196078,0.45133631089154413,0.7266455556832108,F:\BUET plasma\PCMMD_LOCAL\set1\plasma\IMG_1924_p_0.jpg,1,plasma
0.53167724609375,0.3387451171875,1.5695495495495495,0.9437306109962867,0.5109244153390522,0.059883735593408344,0.5714924850077677,0.49200607000612745,0.3220746208639706,0.6531460631127451,F:\BUET plasma\PCMMD_LOCAL\set1\plasma\IMG_1924_p_1.jpg,1,plasma
0.32025146484375,0.60546875,0.5289314516129032,0.4245690937724784,0.5025830237694036,0.06004955267906189,0.3353158448349254,0.49411980124080884,0.34894421147365196,0.6491869159773285,F:\BUET plasma\PCMMD_LOCAL\set1\plasma\IMG_1924_p_2.jpg,1,plasma
0.5042724609375,0.46929931640625,1.074522044479126,0.7297307871402673,0.5459273194955065,0.05543005591258407,0.3030393526753059,0.44530053232230393,0.2904574525122549,0.6264600566789216,F:\BUET plasma\PCMMD_LOCAL\set1\plasma\IMG_1924_p_3.jpg,1,plasma
0.30535888671875,0.63934326171875,0.47761336515513125,0.39042819504006593,0.49488844528696896,0.060593774542212486,0.652155366860868,0.5101318359375,0.34895426432291665,0.6562485638786765,F:\BUET plasma\PCMMD_LOCAL\set1\plasma\IMG_1924_p_4.jpg,1,plasma
0.15179443359375,0.58160400390625,0.26099275894637425,0.23189931465572777,0.3779781964869281,0.07294989381730556,0.18906994713630165,0.6478597005208333,0.5172186159620098,0.7009870940563725,F:\BUET plasma\PCMMD_LOCAL\set1\plasma\IMG_1924_p_5.jpg,1,plasma
0.1123046875,0.8460693359375,0.13273697879093926,0.12463680928027086,0.43437659569035947,0.0499638757109642,0.08889799839520776,0.5701937806372549,0.40719424977022056,0.719482182521446,F:\BUET plasma\PCMMD_LOCAL\set1\plasma\IMG_1924_p_6.jpg,1,plasma
0.1988525390625,0.70794677734375,0.28088628330028453,0.24755224715547672,0.4344038819955065,0.03408916068077088,0.11684882698020628,0.5515007467830882,0.39981689453125,0.7454707126991421,F:\BUET plasma\PCMMD_LOCAL\set1\plasma\IMG_1924_p_7.jpg,1,plasma
0.00323486328125,0.7841796875,0.004125155666251557,0.004116670538593676,0.3390810100081699,0.032231549978256224,0.7773961166527094,0.6773095224417892,0.5243386661305147,0.7811087814031863,F:\BUET plasma\PCMMD_LOCAL\set1\plasma\IMG_1924_p_8.jpg,1,plasma
0.15411376953125,0.7518310546875,0.20498457541808734,0.18646676637777637,0.42220897799223855,0.09498107528686524,0.7054231173675651,0.6057870902267157,0.4263817880667892,0.7012041877297794,F:\BUET plasma\PCMMD_LOCAL\set1\plasma\IMG_1929_p_0.jpg,1,plasma
0.48052978515625,0.44671630859375,1.0756934007378056,0.7302952668908946,0.5539390414368872,0.10509579776227475,0.2579270043420353,0.4648686427696078,0.27439084520526963,0.5989233877144607,F:\BUET plasma\PCMMD_LOCAL\set1\plasma\IMG_1929_p_1.jpg,1,plasma
0.4862060546875,0.3995361328125,1.216926367247174,0.7961217172937921,0.5384811900020425,0.0838416365981102,0.2645343222412389,0.4885062423406863,0.2915137197457108,0.6045364679074755,F:\BUET plasma\PCMMD_LOCAL\set1\plasma\IMG_1929_p_2.jpg,1,plasma
0.6561279296875,0.28704833984375,2.2857750372102914,1.189602556288647,0.5952870487387664,0.11810104535520077,0.30689434930779325,0.4342749502144608,0.20888815487132353,0.5709757486979167,F:\BUET plasma\PCMMD_LOCAL\set1\plasma\IMG_1929_p_3.jpg,1,plasma
0.318603515625,0.56756591796875,0.5613506828691257,0.4455512690054904,0.49641863255718954,0.07128593230247497,0.7520323639544388,0.525329350490196,0.3261694814644608,0.6592452703737746,F:\BUET plasma\PCMMD_LOCAL\set1\plasma\IMG_1929_p_4.jpg,1,plasma
0.27886962890625,0.661376953125,0.4216500553709856,0.35181820782578255,0.5107007793351716,0.0960976095199585,0.4940830436062064,0.5457165287990197,0.32896345549938727,0.5932176776960785,F:\BUET plasma\PCMMD_LOCAL\set1\plasma\IMG_1931_p_0.jpg,1,plasma
0.3287353515625,0.59527587890625,0.5522403363067774,0.4396992656398637,0.5298713235294117,0.05220410548150539,0.38790073279365805,0.518667662377451,0.3084482230392157,0.583270143995098,F:\BUET plasma\PCMMD_LOCAL\set1\plasma\IMG_1931_p_1.jpg,1,plasma
0.402587890625,0.55889892578125,0.7203232499726985,0.5425122091982368,0.537606751685049,0.045656487882137296,0.2725366758248118,0.5062511967677696,0.29762585209865194,0.5833026960784313,F:\BUET plasma\PCMMD_LOCAL\set1\plasma\IMG_1931_p_2.jpg,1,plasma
0.398193359375,0.601806640625,0.6616632860040568,0.5078190802425532,0.5652962877859478,0.041543748244643214,0.16146285989653278,0.45859614353553924,0.267730593213848,0.5777843998927696,F:\BUET plasma\PCMMD_LOCAL\set1\plasma\IMG_1931_p_3.jpg,1,plasma
0.323486328125,0.62408447265625,0.5183374083129584,0.417615925890677,0.522433252272263,0.056692976947873834,0.21429422307633644,0.526260435814951,0.3075994753370098,0.59884033203125,F:\BUET plasma\PCMMD_LOCAL\set1\plasma\IMG_1931_p_4.jpg,1,plasma
0.29119873046875,0.69512939453125,0.41891298621476863,0.34989107580073525,0.5302100885927288,0.06246865036711097,0.41494014354029335,0.5163748946844363,0.2829513250612745,0.6100435144761029,F:\BUET plasma\PCMMD_LOCAL\set1\plasma\IMG_1931_p_5.jpg,1,plasma
0.2484130859375,0.56927490234375,0.4363675351131125,0.36211738155012235,0.46053498710682195,0.051636699493974446,0.3309136973741545,0.5927518956801471,0.3877247529871323,0.6379183900122549,F:\BUET plasma\PCMMD_LOCAL\set1\plasma\IMG_1931_p_6.jpg,1,plasma
0.10791015625,0.715576171875,0.15080177413851928,0.1404588943507578,0.398751771216299,0.12587088331207633,0.10735880321009883,0.6401218788296569,0.39801192938112745,0.7656108781403186,F:\BUET plasma\PCMMD_LOCAL\set1\plasma\IMG_1935_p_0.jpg,1,plasma
0.1424560546875,0.703125,0.20260416666666667,0.18448934433266811,0.3897802415236927,0.10116195665299893,0.21512757653398962,0.6449139763327206,0.44812634037990196,0.737618958716299,F:\BUET plasma\PCMMD_LOCAL\set1\plasma\IMG_1935_p_1.jpg,1,plasma
0.2574462890625,0.57904052734375,0.444608411510488,0.3678382893440093,0.4532272039675245,0.06988657754659652,0.7319068961632477,0.5750040690104167,0.37487960516237745,0.6904347139246324,F:\BUET plasma\PCMMD_LOCAL\set1\plasma\IMG_1935_p_2.jpg,1,plasma
0.4886474609375,0.50054931640625,0.9762224119009877,0.6811871496217083,0.5357739417381536,0.07096501752361656,0.38895511682942385,0.4838108436734069,0.2726330327052696,0.6362342984068627,F:\BUET plasma\PCMMD_LOCAL\set1\plasma\IMG_1935_p_3.jpg,1,plasma
0.08038330078125,0.81256103515625,0.09892586193945767,0.09433321358225281,0.37370358136744275,0.11511755847558379,0.1455322700742398,0.6659660788143382,0.42585760378370097,0.7870655732996323,F:\BUET plasma\PCMMD_LOCAL\set1\plasma\IMG_1935_p_4.jpg,1,plasma
0.3157958984375,0.6650390625,0.4748531571218796,0.38855843034226467,0.4870569565716911,0.06569428390264512,0.26980751666441377,0.530044615502451,0.30677011527267156,0.7020143995098039,F:\BUET plasma\PCMMD_LOCAL\set1\plasma\IMG_1935_p_5.jpg,1,plasma
0.192138671875,0.80572509765625,0.23846678281948339,0.2138741490946529,0.42953503178615193,0.09310647052526475,0.09658841973291572,0.6059122721354167,0.33343697342218137,0.7720456590839461,F:\BUET plasma\PCMMD_LOCAL\set1\plasma\IMG_1935_p_6.jpg,1,plasma
0.52593994140625,0.461669921875,1.1392120571126387,0.7604375636214599,0.5560249278747957,0.04647558723390102,0.33728512209677164,0.494830202588848,0.2410345339307598,0.5960604798560049,F:\BUET plasma\PCMMD_LOCAL\set1\plasma\IMG_1937_p_0.jpg,1,plasma
0.5850830078125,0.39434814453125,1.4836712583191456,0.9097378116411943,0.5682810266033497,0.03776258921250701,0.4642711401825286,0.47933876187193625,0.24452837775735295,0.5712897805606618,F:\BUET plasma\PCMMD_LOCAL\set1\plasma\IMG_1937_p_1.jpg,1,plasma
0.53594970703125,0.4005126953125,1.3381590978360256,0.8493639094241587,0.5345999125561683,0.03125542253255844,0.3593349800976726,0.5031123142616422,0.25900328393075983,0.6340846641390931,F:\BUET plasma\PCMMD_LOCAL\set1\plasma\IMG_1937_p_10.jpg,1,plasma
0.51019287109375,0.453857421875,1.1241258741258742,0.753360364394851,0.5456073835784314,0.038547884549945594,0.3506781896739131,0.5057277305453431,0.2634375478707108,0.594012570848652,F:\BUET plasma\PCMMD_LOCAL\set1\plasma\IMG_1937_p_2.jpg,1,plasma
0.502685546875,0.497314453125,1.0108001963672066,0.6985327504925378,0.5782143586601307,0.032483417019248007,0.3601144428018409,0.4758197859221814,0.22131180108762255,0.5682253370098039,F:\BUET plasma\PCMMD_LOCAL\set1\plasma\IMG_1937_p_3.jpg,1,plasma
0.20709228515625,0.7376708984375,0.2807380440178719,0.24743650865237363,0.43399865642871727,0.06938577723130583,0.3381512991114194,0.6572064568014706,0.36740435431985297,0.6733932195925245,F:\BUET plasma\PCMMD_LOCAL\set1\plasma\IMG_1937_p_4.jpg,1,plasma
0.29107666015625,0.66546630859375,0.43740254975694765,0.36283769991799497,0.4861324135774102,0.043886437471956016,0.7542504186908799,0.5732996323529411,0.333270143995098,0.6350329829197304,F:\BUET plasma\PCMMD_LOCAL\set1\plasma\IMG_1937_p_5.jpg,1,plasma
0.33282470703125,0.59759521484375,0.5569400469819221,0.44272238663967944,0.4844612470639298,0.03401910715922713,0.7410890976518537,0.5775493547028187,0.32129839728860293,0.6477685068167892,F:\BUET plasma\PCMMD_LOCAL\set1\plasma\IMG_1937_p_6.jpg,1,plasma
0.26220703125,0.73779296875,0.3553937789543349,0.30409202388665885,0.5203648386437909,0.032010590896010396,0.7471445103624037,0.532436954273897,0.2948043524050245,0.6116641773897059,F:\BUET plasma\PCMMD_LOCAL\set1\plasma\IMG_1937_p_7.jpg,1,plasma
0.5672607421875,0.4285888671875,1.3235545428652806,0.8430981437090715,0.5581073835784314,0.03191368117555976,0.5348794962357346,0.48850552428002453,0.24763470818014705,0.5895376168045343,F:\BUET plasma\PCMMD_LOCAL\set1\plasma\IMG_1937_p_8.jpg,1,plasma
0.47216796875,0.5186767578125,0.910331842786538,0.647276966646364,0.5390044168709149,0.0351532306522131,0.19304642911582484,0.5034950405943628,0.2621991325827206,0.6172925762101715,F:\BUET plasma\PCMMD_LOCAL\set1\plasma\IMG_1937_p_9.jpg,1,plasma
0.0001220703125,0.9998779296875,0.00012208521548040532,0.00012207776368698225,0.42049600439133983,0.07886655261740089,0.0,0.6022010952818627,0.5576734355851716,0.5786374559589461,F:\BUET plasma\PCMMD_LOCAL\set1\plasma\IMG_20230628_182604_p_1.jpg,1,plasma
0.02276611328125,0.97723388671875,0.023296483667478607,0.023029262837179803,0.4430232428257761,0.07970208051428199,0.7313133264535326,0.5716789694393383,0.5610538258272059,0.5381974762561275,F:\BUET plasma\PCMMD_LOCAL\set1\plasma\IMG_20230628_182604_p_2.jpg,1,plasma
0.1058349609375,0.8929443359375,0.11852358168147642,0.11200958503511918,0.5750805823631536,0.0560874549113214,0.4454734163378801,0.3777805702359069,0.4485296511182598,0.44844803155637253,F:\BUET plasma\PCMMD_LOCAL\set1\plasma\IMG_20230628_182604_p_3.jpg,1,plasma
0.02587890625,0.92510986328125,0.027973873457808274,0.027589751785697687,0.4566016103707108,0.022323973044753073,0.16154231833469254,0.5323419309129902,0.4416491938572304,0.6562040441176471,F:\BUET plasma\PCMMD_LOCAL\set1\plasma\IMG_20230628_182644_p_6.jpg,1,plasma
0.01898193359375,0.95184326171875,0.01994228919525489,0.019746046475176908,0.44840638403799016,0.018191285118460656,0.5390120949900943,0.5371309168198529,0.46106794768688725,0.6565819833792892,F:\BUET plasma\PCMMD_LOCAL\set1\plasma\IMG_20230628_182644_p_7.jpg,1,plasma
0.02716064453125,0.97283935546875,0.027918940962419224,0.02753631272018141,0.45336786407271235,0.024157635152339936,0.20916024966172547,0.5199379116881128,0.47258228975183825,0.6473762063419117,F:\BUET plasma\PCMMD_LOCAL\set1\plasma\IMG_20230628_182644_p_8.jpg,1,plasma
0.0068359375,0.9931640625,0.00688298918387414,0.006859409550893142,0.4661599551930147,0.02071728239953518,0.30529220217097663,0.5075236002604167,0.44127340877757354,0.6527231253829657,F:\BUET plasma\PCMMD_LOCAL\set1\plasma\IMG_20230628_182644_p_9.jpg,1,plasma
0.19970703125,0.80023193359375,0.24956143696133018,0.22279263932086157,0.5014591790492238,0.04478085988387465,0.17345339387650188,0.46069718903186274,0.44767444087009806,0.5872508329503676,F:\BUET plasma\PCMMD_LOCAL\set1\plasma\IMG_20230628_182716_p_1.jpg,1,plasma
0.21148681640625,0.7880859375,0.2683550185873606,0.23772079994013726,0.5364527484170751,0.025209941890090706,0.1449861346394739,0.39924364276960783,0.3508516199448529,0.6405464920343137,F:\BUET plasma\PCMMD_LOCAL\set1\plasma\IMG_20230628_182734_p_0.jpg,1,plasma
0.25677490234375,0.74322509765625,0.34548739426788205,0.29675632233222693,0.5256650837418301,0.010729393627494574,0.3818160758500896,0.4634023628982843,0.3987991632199755,0.56080322265625,F:\BUET plasma\PCMMD_LOCAL\set1\plasma\IMG_20230628_182816_p_10.jpg,1,plasma
0.324462890625,0.675537109375,0.48030357788218286,0.3922471869324178,0.5609974181729984,0.04541338333114982,0.11916341374227603,0.3893963982077206,0.3547147863051471,0.5728965609681372,F:\BUET plasma\PCMMD_LOCAL\set1\plasma\IMG_20230628_182816_p_4.jpg,1,plasma
0.2578125,0.7421875,0.3473684210526316,0.29815337231907635,0.534646666283701,0.00919144606590271,0.2827423299479227,0.4442995557598039,0.3784146178002451,0.573345827588848,F:\BUET plasma\PCMMD_LOCAL\set1\plasma\IMG_20230628_182816_p_5.jpg,1,plasma
0.258056640625,0.741943359375,0.34781178019085224,0.2984823738025506,0.5406109579248366,0.03132193788513541,0.18053290916306167,0.3980305989583333,0.3917370366115196,0.5883994906556372,F:\BUET plasma\PCMMD_LOCAL\set1\plasma\IMG_20230628_182816_p_6.jpg,1,plasma
0.5394287109375,0.4605712890625,1.1712165385634774,0.7752876273149786,0.6086841458588643,0.014023733612149954,0.2650181959587302,0.3402899050245098,0.2786676145067402,0.5549900428921568,F:\BUET plasma\PCMMD_LOCAL\set1\plasma\IMG_20230628_182816_p_7.jpg,1,plasma
0.5382080078125,0.4617919921875,1.1654771345492996,0.7726407226462598,0.5792765299479167,0.03522388635575771,0.1584698993316029,0.3626819087009804,0.3364293715533088,0.5630591299019608,F:\BUET plasma\PCMMD_LOCAL\set1\plasma\IMG_20230628_182816_p_8.jpg,1,plasma
0.51568603515625,0.48431396484375,1.0647763074984247,0.7250218948787248,0.5889577429279003,0.0170731982588768,0.36223055258748776,0.3592464671415441,0.31982350068933824,0.5540568033854166,F:\BUET plasma\PCMMD_LOCAL\set1\plasma\IMG_20230628_182816_p_9.jpg,1,plasma
0.04119873046875,0.95880126953125,0.04296899866318671,0.04207145233929458,0.5180150250204247,0.045607396360486746,0.5648665817639553,0.45949204388786763,0.46298756318933826,0.5234753178615196,F:\BUET plasma\PCMMD_LOCAL\set1\plasma\IMG_20230628_182840_p_0.jpg,1,plasma
0.41949462890625,0.58050537109375,0.7226369466933025,0.5438562253568489,0.5928028779871324,0.026477420568466185,0.10059475930702753,0.4142774394914216,0.2816561829810049,0.5256577435661764,F:\BUET plasma\PCMMD_LOCAL\set1\plasma\IMG_20230628_182857_p_8.jpg,1,plasma
0.19073486328125,0.80926513671875,0.23568896598536843,0.21162868172451554,0.5180339339511846,0.03335296651348472,0.5669299279963819,0.49257692823223037,0.4097730449601716,0.5435482249540441,F:\BUET plasma\PCMMD_LOCAL\set1\plasma\IMG_20230628_182857_p_9.jpg,1,plasma
0.32794189453125,0.67205810546875,0.4879665788756698,0.39741047572564325,0.5703622855392156,0.02917852118238807,0.06817599782789205,0.3907128427542892,0.3589104147518382,0.5392898858762255,F:\BUET plasma\PCMMD_LOCAL\set1\plasma\IMG_20230628_182915_p_5.jpg,1,plasma
0.419189453125,0.580810546875,0.7217318200924758,0.543330656416386,0.6068491019454657,0.030185747131705284,0.06814055244848115,0.35784385531556373,0.29875847311580883,0.5228503657322304,F:\BUET plasma\PCMMD_LOCAL\set1\plasma\IMG_20230628_182915_p_6.jpg,1,plasma
0.6458740234375,0.3541259765625,1.8238538435022407,1.038102563157885,0.6171759312448938,0.017308946665376426,0.36314147925474966,0.32717979281556375,0.30585793887867646,0.5154344745710784,F:\BUET plasma\PCMMD_LOCAL\set1\plasma\IMG_20230628_182915_p_7.jpg,1,plasma
0.77496337890625,0.22503662109375,3.443721182533225,1.4914921296050898,0.6618612451491013,0.01700578152760863,0.6776230138026084,0.26879834941789216,0.2507326612285539,0.49488525390625,F:\BUET plasma\PCMMD_LOCAL\set1\plasma\IMG_20230628_182924_p_8.jpg,1,plasma
0.486083984375,0.513916015625,0.9458432304038005,0.6656954206028619,0.6519964479932598,0.019002871092408894,0.0914547198512249,0.3280819163602941,0.2598321652879902,0.4560965743719363,F:\BUET plasma\PCMMD_LOCAL\set1\plasma\IMG_20230628_183000_p_0.jpg,1,plasma
0.55303955078125,0.44696044921875,1.2373344257817833,0.8052851687781645,0.6290827333537581,0.02479530405625701,0.5464884854651644,0.3374305874693627,0.2647628484987745,0.5105583639705882,F:\BUET plasma\PCMMD_LOCAL\set1\plasma\IMG_20230628_183008_p_2.jpg,1,plasma
0.39715576171875,0.60284423828125,0.6588032803482838,0.5060964269311069,0.589083882250817,0.023439807519316673,0.745087692983396,0.3755471622242647,0.35063309015012256,0.5065681008731617,F:\BUET plasma\PCMMD_LOCAL\set1\plasma\IMG_20230628_183008_p_3.jpg,1,plasma
0.20928955078125,0.79071044921875,0.2646854496333462,0.234823434843024,0.49777975643382355,0.02657696507871151,0.7389635779840584,0.528155637254902,0.4389849494485294,0.5395201439950981,F:\BUET plasma\PCMMD_LOCAL\set1\plasma\IMG_20230628_183027_p_7.jpg,1,plasma
0.01806640625,0.98193359375,0.018398806563898557,0.018231596386746356,0.49883155573427285,0.03492465279996395,0.5271144741361422,0.5195535098805147,0.46163641237745096,0.5223154105392157,F:\BUET plasma\PCMMD_LOCAL\set1\plasma\IMG_20230628_183044_p_1.jpg,1,plasma
0.0875244140625,0.9124755859375,0.09591973244147158,0.09159394902040185,0.49000978158190356,0.03499247646331787,0.14449578847543515,0.5190535003063725,0.4946841969209559,0.5162329580269608,F:\BUET plasma\PCMMD_LOCAL\set1\plasma\IMG_20230628_183044_p_3.jpg,1,plasma
0.31719970703125,0.68280029296875,0.4645570751765442,0.38155285899230384,0.5495248831954657,0.027933094438165426,0.24562851204375036,0.46270153569240197,0.388894713158701,0.4998291015625,F:\BUET plasma\PCMMD_LOCAL\set1\plasma\IMG_20230628_183114_p_0.jpg,1,plasma
0.2841796875,0.7158203125,0.3969986357435198,0.3343261037128016,0.5497734917534722,0.017711948182433844,0.365505992800438,0.45953967524509803,0.37246309168198527,0.5186767578125,F:\BUET plasma\PCMMD_LOCAL\set1\plasma\IMG_20230628_183114_p_1.jpg,1,plasma
0.18243408203125,0.81756591796875,0.22314296379245988,0.20142374586052522,0.5697935017105801,0.05980358563363552,0.12161504117045724,0.39343668619791666,0.3866723154105392,0.5105104932598039,F:\BUET plasma\PCMMD_LOCAL\set1\plasma\IMG_20230628_183120_p_6.jpg,1,plasma
0.06060791015625,0.93939208984375,0.06451822493665128,0.06252232585928028,0.5247776405484068,0.022125010427087546,0.07373405974930197,0.4884598077512255,0.4335882448682598,0.5036190257352942,F:\BUET plasma\PCMMD_LOCAL\set1\plasma\IMG_20230628_183120_p_7.jpg,1,plasma
0.0,1.0,0.0,0.0,0.488323854932598,0.020330973848700522,0.0,0.5191198012408088,0.4631812002144608,0.5527274337469362,F:\BUET plasma\PCMMD_LOCAL\set1\plasma\IMG_20230628_183145_p_2.jpg,1,plasma
0.12396240234375,0.87603759765625,0.14150351842820316,0.132346269267854,0.5475999221303105,0.028980322923511267,0.15448987480046666,0.4349073223039216,0.3991943359375,0.523098575367647,F:\BUET plasma\PCMMD_LOCAL\set1\plasma\IMG_20230628_183145_p_3.jpg,1,plasma
0.25079345703125,0.74920654296875,0.3347454175152749,0.288740575176513,0.5918496923508987,0.019266459450125693,0.1262532534358611,0.37527070886948527,0.3366799747242647,0.5125002393535539,F:\BUET plasma\PCMMD_LOCAL\set1\plasma\IMG_20230628_183145_p_4.jpg,1,plasma
0.040283203125,0.959716796875,0.041974052403968454,0.041117041297483385,0.5195381912530637,0.036948616921901704,0.23673330804277284,0.4884033203125,0.4172001857383578,0.535781920189951,F:\BUET plasma\PCMMD_LOCAL\set1\plasma\IMG_20230628_183212_p_0.jpg,1,plasma
0.06744384765625,0.93255615234375,0.07232148700831206,0.06982591228652003,0.4897178500306373,0.03079345904290676,0.23896620543606378,0.5259114583333333,0.4559362074908088,0.5489987840839461,F:\BUET plasma\PCMMD_LOCAL\set1\plasma\IMG_20230628_183212_p_1.jpg,1,plasma
0.0543212890625,0.9456787109375,0.05744159029301665,0.055852396647386504,0.49742774714052296,0.028834941502660513,0.35415858791868055,0.5104391659007353,0.4787947112438726,0.5184828814338235,F:\BUET plasma\PCMMD_LOCAL\set1\plasma\IMG_20230628_183303_p_1.jpg,1,plasma
0.03436279296875,0.96563720703125,0.03558561405726566,0.03496707739017042,0.5463879953022875,0.029459911908954382,0.3111379345068275,0.4123489679074755,0.4322009516697304,0.5162860945159313,F:\BUET plasma\PCMMD_LOCAL\set1\plasma\IMG_20230628_183303_p_2.jpg,1,plasma
0.49761962890625,0.50238037109375,0.9905236301785931,0.6883977348665904,0.6097926719515931,0.028363704681396484,0.294975209297146,0.3393884995404412,0.33012982536764707,0.5011036592371324,F:\BUET plasma\PCMMD_LOCAL\set1\plasma\IMG_20230628_183313_p_3.jpg,1,plasma
0.49310302734375,0.50689697265625,0.972787477423239,0.6794475057918391,0.5857211243872549,0.01693726858124137,0.6635266926523791,0.3762477500765931,0.35775337967218135,0.5088354970894607,F:\BUET plasma\PCMMD_LOCAL\set1\plasma\IMG_20230628_183313_p_4.jpg,1,plasma
0.1119384765625,0.8880615234375,0.12604810996563573,0.11871425523959575,0.5708677204605801,0.03696794068440795,0.1549068154867391,0.3887195063572304,0.37438581878063726,0.5242915134803922,F:\BUET plasma\PCMMD_LOCAL\set1\plasma\IMG_20230628_183509_p_0.jpg,1,plasma
0.08599853515625,0.91400146484375,0.09409015025041736,0.08992310485558425,0.5618483998417075,0.040984830018132926,0.2676709673657702,0.40054979511335786,0.39608441521139703,0.5178205901501225,F:\BUET plasma\PCMMD_LOCAL\set1\plasma\IMG_20230628_183509_p_1.jpg,1,plasma
0.15972900390625,0.84027099609375,0.19009224958233456,0.17403082477629114,0.5190596437142565,0.04041074639186263,0.4477661418272092,0.4944747625612745,0.4370050168504902,0.5113412894454656,F:\BUET plasma\PCMMD_LOCAL\set1\plasma\IMG_20230628_183524_p_0.jpg,1,plasma
0.2081298828125,0.7918701171875,0.2628333590257438,0.2333578940662336,0.5539893056832108,0.02518383765220642,0.14519063841387186,0.4370792164522059,0.35413890165441175,0.54681396484375,F:\BUET plasma\PCMMD_LOCAL\set1\plasma\IMG_20230628_183532_p_2.jpg,1,plasma
0.09661865234375,0.90338134765625,0.10695223295723262,0.10161050280204562,0.523385320925245,0.02373136469349265,0.1646466595741357,0.4587256338082108,0.4226031135110294,0.5485152899050245,F:\BUET plasma\PCMMD_LOCAL\set1\plasma\IMG_20230628_183532_p_3.jpg,1,plasma
0.47308349609375,0.52691650390625,0.8978338932005097,0.6407131796037117,0.631143168530433,0.01739018001779914,0.39161430867097397,0.27580590341605393,0.33080097273284315,0.4999636182598039,F:\BUET plasma\PCMMD_LOCAL\set1\plasma\IMG_20230628_183532_p_4.jpg,1,plasma
0.31304931640625,0.68695068359375,0.4557085739671257,0.37549277449840174,0.5792376748876634,0.020979339942336084,0.4152369560206921,0.3707624846813726,0.3652805702359069,0.5262439204197303,F:\BUET plasma\PCMMD_LOCAL\set1\plasma\IMG_20230628_183532_p_5.jpg,1,plasma
0.82843017578125,0.17156982421875,4.828530771967271,1.7627649569327024,0.684475927415237,0.015970860566943884,0.21129242805498813,0.20497855392156863,0.2501500746783088,0.4914435891544118,F:\BUET plasma\PCMMD_LOCAL\set1\plasma\IMG_20230628_183532_p_6.jpg,1,plasma
0.71014404296875,0.28985595703125,2.4499894714676773,1.2383711792901124,0.6486186108558007,0.03175423800572753,0.434788614566406,0.2769016639859069,0.2804010129442402,0.49684149050245097,F:\BUET plasma\PCMMD_LOCAL\set1\plasma\IMG_20230628_183532_p_7.jpg,1,plasma
0.4649658203125,0.5350341796875,0.8690394706821811,0.6254246468604798,0.5438220454197304,0.026544640004634856,0.34476129585307697,0.4229350968903186,0.38173564836090684,0.5638631184895834,F:\BUET plasma\PCMMD_LOCAL\set1\plasma\IMG_20230628_183615_p_0.jpg,1,plasma
0.30029296875,0.69970703125,0.4291695743196092,0.3570935583312265,0.5348952748417075,0.05590308545529842,0.1772056615715503,0.44670098996629903,0.3857737821691177,0.5628394033394608,F:\BUET plasma\PCMMD_LOCAL\set1\plasma\IMG_20230628_183624_p_0.jpg,1,plasma
0.36669921875,0.63330078125,0.5790285273708559,0.45680980184295455,0.5382539636948529,0.055734906580299136,0.42878707345131073,0.4403219784007353,0.3842514935661765,0.5606646369485294,F:\BUET plasma\PCMMD_LOCAL\set1\plasma\IMG_20230628_183624_p_1.jpg,1,plasma
0.38128662109375,0.61871337890625,0.6162572753280063,0.48011315245683467,0.5435421613306781,0.03467283919081092,0.17913625733311406,0.42088670917585785,0.3877304974724265,0.5607563093596813,F:\BUET plasma\PCMMD_LOCAL\set1\plasma\IMG_20230628_183624_p_2.jpg,1,plasma
0.18780517578125,0.81219482421875,0.23123168257308183,0.20801503629549187,0.5151803608813317,0.038764237821102145,0.08346555652685902,0.45173507391237744,0.4121500651041667,0.5905737783394608,F:\BUET plasma\PCMMD_LOCAL\set1\plasma\IMG_20230628_183624_p_3.jpg,1,plasma
0.26239013671875,0.7373046875,0.3558774834437086,0.3044488339935736,0.5296137791053921,0.03976091681420803,0.2971777068476049,0.4252010569852941,0.4018344056372549,0.5841232000612745,F:\BUET plasma\PCMMD_LOCAL\set1\plasma\IMG_20230628_183624_p_4.jpg,1,plasma
0.353759765625,0.64605712890625,0.5475673122342938,0.4366842220356658,0.5597969803155638,0.04414069920405746,0.04792599783474569,0.38619791666666664,0.353362917432598,0.5810482249540441,F:\BUET plasma\PCMMD_LOCAL\set1\plasma\IMG_20230628_183624_p_5.jpg,1,plasma
0.16546630859375,0.83453369140625,0.1982739705989907,0.18088216353015268,0.5219655554279004,0.03747682857513428,0.8659137254181591,0.48644636565563726,0.41031613817401963,0.5373408298866421,F:\BUET plasma\PCMMD_LOCAL\set1\plasma\IMG_20230628_183629_p_1.jpg,1,plasma
0.42315673828125,0.57684326171875,0.7335731668606497,0.5501846928441783,0.5807521446078432,0.02829179012402892,0.42526258770728315,0.4198938706341912,0.311981320848652,0.5258683746936275,F:\BUET plasma\PCMMD_LOCAL\set1\plasma\IMG_20230628_183635_p_4.jpg,1,plasma
0.18109130859375,0.81890869140625,0.22113736304688084,0.1997826892487627,0.5282484266493055,0.019938423659652472,0.45982051677823405,0.4655249502144608,0.40146077473958336,0.5482689950980392,F:\BUET plasma\PCMMD_LOCAL\set1\plasma\IMG_20230628_183639_p_0.jpg,1,plasma
0.71441650390625,0.28558349609375,2.501602906603975,1.253220836973018,0.6911025901245915,0.02226254354417324,0.6845533225516851,0.2611198874080882,0.2769885493259804,0.3885837928921569,F:\BUET plasma\PCMMD_LOCAL\set1\plasma\IMG_20230628_183723_p_0.jpg,1,plasma
0.7779541015625,0.2220458984375,3.503573391973612,1.5048711687611669,0.697515829248366,0.022680658545345067,0.6564017591442238,0.2574374329810049,0.24128800934436276,0.40872706992953434,F:\BUET plasma\PCMMD_LOCAL\set1\plasma\IMG_20230628_183723_p_1.jpg,1,plasma
0.5234375,0.4765625,1.098360655737705,0.741156399746306,0.6613478317759396,0.04276908248662949,0.2158300213165261,0.30217979281556373,0.3075480143229167,0.406228697533701,F:\BUET plasma\PCMMD_LOCAL\set1\plasma\IMG_20230628_183723_p_12.jpg,1,plasma
0.47003173828125,0.52996826171875,0.8869054474260049,0.6349381577785892,0.6367846520118463,0.02639811136946082,0.18518771037070392,0.34413942823223037,0.3217783011642157,0.4237283145680147,F:\BUET plasma\PCMMD_LOCAL\set1\plasma\IMG_20230628_183723_p_13.jpg,1,plasma
0.6822509765625,0.3177490234375,2.147137917787169,1.1464934422847237,0.6469583748212826,0.03342446845769882,0.720784459666194,0.3246728036917892,0.2859485102634804,0.44850356158088234,F:\BUET plasma\PCMMD_LOCAL\set1\plasma\IMG_20230628_183723_p_2.jpg,1,plasma
0.64111328125,0.35888671875,1.7863945578231293,1.0247484869465617,0.6510197259242239,0.05989592909812927,0.5967613304575651,0.3108472637101716,0.29330647786458336,0.44278708065257355,F:\BUET plasma\PCMMD_LOCAL\set1\plasma\IMG_20230628_183723_p_3.jpg,1,plasma
0.72802734375,0.27197265625,2.6768402154398565,1.3020537462321145,0.6531746259701797,0.03278399553522467,0.4794673882026324,0.2955154718137255,0.2891577627144608,0.4558028875612745,F:\BUET plasma\PCMMD_LOCAL\set1\plasma\IMG_20230628_183723_p_4.jpg,1,plasma
0.6575927734375,0.3424072265625,1.9204991087344028,1.0717545293224924,0.6499940161611519,0.015141469419002533,0.8298159834100466,0.3111914541207108,0.2633520986519608,0.47547439874387254,F:\BUET plasma\PCMMD_LOCAL\set1\plasma\IMG_20230628_183729_p_0.jpg,1,plasma
0.13311767578125,0.86688232421875,0.15355910723086671,0.1428520389581063,0.4963177849264706,0.03232658761367202,0.24614610526317898,0.5258420458026961,0.4081140854779412,0.577090513939951,F:\BUET plasma\PCMMD_LOCAL\set1\plasma\IMG_20230628_183738_p_0.jpg,1,plasma
0.1593017578125,0.8406982421875,0.1894874401045448,0.17352249173459078,0.5201838873570261,0.034042791780084375,0.708651973060091,0.49825176164215684,0.3838115617340686,0.5573850145526961,F:\BUET plasma\PCMMD_LOCAL\set1\plasma\IMG_20230628_183738_p_1.jpg,1,plasma
0.324951171875,0.675048828125,0.481374321880651,0.39297025276290853,0.5779188368055556,0.06181548791751266,0.2719614678362436,0.40392779181985294,0.33031723920036765,0.5319984585631128,F:\BUET plasma\PCMMD_LOCAL\set1\plasma\IMG_20230628_183742_p_0.jpg,1,plasma
0.45404052734375,0.54595947265625,0.8316377864728899,0.6052105318964148,0.5826976102941177,0.031169479712843895,0.21371607012270702,0.39465930415134803,0.33445661956188727,0.5227912454044118,F:\BUET plasma\PCMMD_LOCAL\set1\plasma\IMG_20230628_183742_p_1.jpg,1,plasma
0.2532958984375,0.7467041015625,0.33921857119503024,0.29208628803672415,0.5388250612745098,0.03864598679170012,0.3610881405966345,0.4599499272365196,0.3866701612285539,0.5369047277113971,F:\BUET plasma\PCMMD_LOCAL\set1\plasma\IMG_20230628_183742_p_2.jpg,1,plasma
0.197021484375,0.802978515625,0.24536333231985405,0.21942732053028674,0.5508918313419118,0.050072289373725654,0.04401134543481407,0.42153080958946076,0.36944388595281863,0.5563498104319853,F:\BUET plasma\PCMMD_LOCAL\set1\plasma\IMG_20230628_183802_p_6.jpg,1,plasma
0.36297607421875,0.63702392578125,0.56979975088627,0.4509480640191826,0.5760170930351307,0.03545919416844845,0.19665399374221268,0.3939307119332108,0.33585444431678924,0.5421635646446078,F:\BUET plasma\PCMMD_LOCAL\set1\plasma\IMG_20230628_183802_p_7.jpg,1,plasma
0.09857177734375,0.90142822265625,0.10935066693750423,0.10377485941292405,0.5408317216860703,0.08095036479458213,0.09576267750139972,0.44867446001838235,0.3937545477175245,0.5350758272058823,F:\BUET plasma\PCMMD_LOCAL\set1\plasma\IMG_20230628_183802_p_8.jpg,1,plasma
0.21929931640625,0.77679443359375,0.282313192425552,0.24866562852605087,0.5101485109017565,0.056504150152206424,0.24136023211559418,0.4597744810814951,0.42847852519914215,0.5813014610140932,F:\BUET plasma\PCMMD_LOCAL\set1\plasma\IMG_20230628_183809_p_0.jpg,1,plasma
0.290771484375,0.70831298828125,0.4105127100387764,0.34395326243581714,0.5152615017361111,0.05796208153665066,0.21810241463288216,0.46608862783394606,0.4127242742800245,0.5754025926776961,F:\BUET plasma\PCMMD_LOCAL\set1\plasma\IMG_20230628_183809_p_1.jpg,1,plasma
0.28125,0.71697998046875,0.3922703669021878,0.3309357721485983,0.5104994829963235,0.05055539458990097,0.34869921048471436,0.4725566789215686,0.4170644722732843,0.5788803998161764,F:\BUET plasma\PCMMD_LOCAL\set1\plasma\IMG_20230628_183809_p_2.jpg,1,plasma
0.042236328125,0.95709228515625,0.044129838658248835,0.0431838482584608,0.497433332056781,0.03667778144776821,0.07530712759089025,0.5020376168045343,0.4107666015625,0.5948957854626226,F:\BUET plasma\PCMMD_LOCAL\set1\plasma\IMG_20230628_183809_p_3.jpg,1,plasma
0.24029541015625,0.75689697265625,0.31747439722603016,0.27571656839904224,0.502163756127451,0.03947244783863425,0.25933860182268664,0.47260694316789215,0.43945144952512255,0.5814503389246324,F:\BUET plasma\PCMMD_LOCAL\set1\plasma\IMG_20230628_183809_p_5.jpg,1,plasma
0.09246826171875,0.90753173828125,0.10188983791781558,0.09702674014201107,0.519140465430964,0.021460020061582326,0.07559086856201797,0.45716839958639705,0.4164052925857843,0.5690049115349265,F:\BUET plasma\PCMMD_LOCAL\set1\plasma\IMG_20230628_183823_p_1.jpg,1,plasma
0.376708984375,0.623291015625,0.6043869956913435,0.47274174947785985,0.6026955199397468,0.019165716584771873,0.3250409907430294,0.3566578584558823,0.3531257180606618,0.4821298636642157,F:\BUET plasma\PCMMD_LOCAL\set1\plasma\IMG_20230628_183832_p_0.jpg,1,plasma
0.201416015625,0.798583984375,0.2522164475695506,0.22491513918095982,0.5651835522620507,0.033821072682738304,0.09057191583909392,0.4158911611519608,0.35220995136335786,0.5363482306985294,F:\BUET plasma\PCMMD_LOCAL\set1\plasma\IMG_20230628_183832_p_1.jpg,1,plasma
0.22344970703125,0.77655029296875,0.2877466006445021,0.25289386969653393,0.5620587118310866,0.024721008505672215,0.10699369800775038,0.4268286611519608,0.3514665192248774,0.535528684129902,F:\BUET plasma\PCMMD_LOCAL\set1\plasma\IMG_20230628_183832_p_2.jpg,1,plasma
0.36614990234375,0.63385009765625,0.5776600866634569,0.4559427915290217,0.5818435968137254,0.02479749646410346,0.44872497347037454,0.3881567861519608,0.3350571576286765,0.5312552657781863,F:\BUET plasma\PCMMD_LOCAL\set1\plasma\IMG_20230628_183832_p_3.jpg,1,plasma
0.46405029296875,0.53594970703125,0.8658467144972098,0.6237149524792388,0.5781888276143792,0.017631576523184776,0.19660791002897923,0.3811025582107843,0.3535881491268382,0.5307428098192402,F:\BUET plasma\PCMMD_LOCAL\set1\plasma\IMG_20230628_183832_p_4.jpg,1,plasma
0.1392822265625,0.8607177734375,0.16182101829527726,0.14998861756024842,0.5210811440461601,0.036604348983615635,0.06889050921599518,0.48834826899509803,0.4076968922334559,0.5407114066329657,F:\BUET plasma\PCMMD_LOCAL\set1\plasma\IMG_20230628_183832_p_5.jpg,1,plasma
0.09442138671875,0.90557861328125,0.10426636112421649,0.0991811878884407,0.5190533407373366,0.024943516816943883,0.2930064482786087,0.5178876091452206,0.3963917451746323,0.5285606234681373,F:\BUET plasma\PCMMD_LOCAL\set1\plasma\IMG_20230628_183832_p_6.jpg,1,plasma
0.3050537109375,0.6949462890625,0.4389601264711049,0.36392071832820716,0.5743723351970997,0.05605548157915473,0.13680375218230764,0.3981976677389706,0.3501010071997549,0.5285843194699755,F:\BUET plasma\PCMMD_LOCAL\set1\plasma\IMG_20230628_183832_p_7.jpg,1,plasma
0.6260986328125,0.3739013671875,1.6745021221025138,0.9837632404465138,0.6129053053513072,0.029951157033443452,0.41538264018668347,0.33888250612745097,0.3099685968137255,0.512432981004902,F:\BUET plasma\PCMMD_LOCAL\set1\plasma\IMG_20230628_183832_p_8.jpg,1,plasma
0.445068359375,0.554931640625,0.8020237571491421,0.5889103428668004,0.5804653192657272,0.024207986142486333,0.2710432782760088,0.39767874923406865,0.33580489813112746,0.5251203948376225,F:\BUET plasma\PCMMD_LOCAL\set1\plasma\IMG_20230628_183832_p_9.jpg,1,plasma
0.70025634765625,0.29974365234375,2.336184076562818,1.2048276617999898,0.6606576159109477,0.020004048570990564,0.647984816969988,0.30363458371629903,0.2592412013633578,0.4551513671875,F:\BUET plasma\PCMMD_LOCAL\set1\plasma\IMG_20230628_183841_p_8.jpg,1,plasma
0.5845947265625,0.4154052734375,1.4072876873347047,0.8785006727783833,0.655380348754085,0.0625026388168335,0.16759699847116813,0.2842952952665441,0.3065386603860294,0.4430249980851716,F:\BUET plasma\PCMMD_LOCAL\set1\plasma\IMG_20230628_183846_p_0.jpg,1,plasma
0.48291015625,0.51708984375,0.9338999055712937,0.6595386405579918,0.6463453903696895,0.03501292079687118,0.19325801583594837,0.29331294041053924,0.3052538105085784,0.46239707797181373,F:\BUET plasma\PCMMD_LOCAL\set1\plasma\IMG_20230628_183846_p_1.jpg,1,plasma
0.3245849609375,0.6754150390625,0.4805711187420929,0.3924279043811793,0.6225205365349264,0.037984910484403375,0.25665409603061745,0.32952473958333334,0.32520919500612744,0.4777044558057598,F:\BUET plasma\PCMMD_LOCAL\set1\plasma\IMG_20230628_183846_p_2.jpg,1,plasma
0.37286376953125,0.62713623046875,0.5945498783454988,0.466591488474799,0.6258583218443627,0.03524043856561184,0.2638008522887628,0.3312588560814951,0.31895895565257354,0.47220722273284316,F:\BUET plasma\PCMMD_LOCAL\set1\plasma\IMG_20230628_183846_p_3.jpg,1,plasma
0.6986083984375,0.3013916015625,2.317942486836776,1.1993448579341095,0.6614627214818218,0.02394131702184677,0.6849389400569103,0.29110203163296566,0.26349259918811274,0.46101720473345587,F:\BUET plasma\PCMMD_LOCAL\set1\plasma\IMG_20230628_183846_p_4.jpg,1,plasma
0.7166748046875,0.2833251953125,2.5295131408875484,1.261159941004852,0.6430226045496323,0.027955778624862433,0.45048660237937105,0.33587909773284313,0.273974609375,0.4610784792432598,F:\BUET plasma\PCMMD_LOCAL\set1\plasma\IMG_20230628_183846_p_5.jpg,1,plasma
0.66485595703125,0.33514404296875,1.983791659078492,1.0931948605603619,0.6454394371680964,0.02942140446603298,0.6151752102030273,0.3108953737745098,0.27315434474571076,0.4796319699754902,F:\BUET plasma\PCMMD_LOCAL\set1\plasma\IMG_20230628_183846_p_6.jpg,1,plasma
0.32818603515625,0.67181396484375,0.48850731352775506,0.39777381481584256,0.6080207375919118,0.02650186675786972,0.4575205719157348,0.39104147518382354,0.333779967064951,0.4511163449754902,F:\BUET plasma\PCMMD_LOCAL\set1\plasma\IMG_20230628_183855_p_0.jpg,1,plasma
0.30938720703125,0.69061279296875,0.44798939460892623,0.3701759697715966,0.5796276616115197,0.0299084934592247,0.11699469016969405,0.40012254901960786,0.3439022288602941,0.5170922372855392,F:\BUET plasma\PCMMD_LOCAL\set1\plasma\IMG_20230628_183901_p_0.jpg,1,plasma
0.4156494140625,0.5843505859375,0.7113014414038019,0.53725415788678,0.5788073171977124,0.04562745710834861,0.18707013827469252,0.3842275582107843,0.3587902592677696,0.5205602309283088,F:\BUET plasma\PCMMD_LOCAL\set1\plasma\IMG_20230628_183901_p_1.jpg,1,plasma
0.1990966796875,0.8009033203125,0.24859015393994818,0.2220150379344115,0.574069473166871,0.038087111473083496,0.07806573877268183,0.4154564950980392,0.34447380514705883,0.5178612802542892,F:\BUET plasma\PCMMD_LOCAL\set1\plasma\IMG_20230628_183901_p_2.jpg,1,plasma
0.17645263671875,0.82354736328125,0.2142592455347217,0.19413421640844702,0.5743376289317811,0.03696066382154822,0.08393711544879796,0.4146273743872549,0.35803174785539216,0.5043279909620098,F:\BUET plasma\PCMMD_LOCAL\set1\plasma\IMG_20230628_183901_p_3.jpg,1,plasma
0.23382568359375,0.76617431640625,0.305186011312037,0.26634556802102594,0.5548453137765523,0.016630199398845434,0.45933271691999916,0.44049694584865196,0.40867393344056374,0.4862931793811274,F:\BUET plasma\PCMMD_LOCAL\set1\plasma\IMG_20230628_183901_p_4.jpg,1,plasma
0.2901611328125,0.7098388671875,0.40877042132416164,0.3427172823265242,0.5721394058925654,0.02929201429709792,0.2761886844977042,0.3972787894454657,0.3720104741115196,0.5142925187653187,F:\BUET plasma\PCMMD_LOCAL\set1\plasma\IMG_20230628_183912_p_2.jpg,1,plasma
0.22088623046875,0.77911376953125,0.28350959655307484,0.24959819816365014,0.5634939555249183,0.025693009242415427,0.1396408951439079,0.43658710554534313,0.36649289598651963,0.5064381318933824,F:\BUET plasma\PCMMD_LOCAL\set1\plasma\IMG_20230628_183912_p_3.jpg,1,plasma
0.02056884765625,0.97943115234375,0.0210008101202717,0.02078333263987454,0.517504962597018,0.013843230247497559,0.24501174694384675,0.48040173100490197,0.41958295036764703,0.5475004308363971,F:\BUET plasma\PCMMD_LOCAL\set1\plasma\IMG_20230628_183912_p_4.jpg,1,plasma
0.0914306640625,0.9085693359375,0.10063146580679834,0.09588407491937832,0.5699636023029003,0.06746232145652174,0.3801702621879752,0.41649864047181373,0.36880888097426473,0.5048016716452206,F:\BUET plasma\PCMMD_LOCAL\set1\plasma\IMG_20230628_183912_p_5.jpg,1,plasma
0.28875732421875,0.71124267578125,0.4059898738522269,0.340741591265971,0.5734724456188726,0.01546230697631836,0.4680929449239376,0.4350076114430147,0.3443194221047794,0.5002556295955882,F:\BUET plasma\PCMMD_LOCAL\set1\plasma\IMG_20230628_183912_p_6.jpg,1,plasma
0.6160888671875,0.3839111328125,1.6047694753577106,0.9573441781447481,0.6217979281556373,0.020489816781133412,0.500490140999951,0.3508312748927696,0.3058924057904412,0.47788253484987747,F:\BUET plasma\PCMMD_LOCAL\set1\plasma\IMG_20230628_183912_p_7.jpg,1,plasma
0.71966552734375,0.28033447265625,2.5671674286958415,1.2717718435134409,0.6461176055708742,0.009970693822950124,0.5445691158194176,0.32556319891237745,0.2618089862898284,0.4742749980851716,F:\BUET plasma\PCMMD_LOCAL\set1\plasma\IMG_20230628_183912_p_8.jpg,1,plasma
0.7462158203125,0.2537841796875,2.9403559403559405,1.371271059421276,0.6481826682495915,0.0165742649435997,0.7785072085759647,0.3169014725030637,0.2532992493872549,0.48525127336090684,F:\BUET plasma\PCMMD_LOCAL\set1\plasma\IMG_20230628_183922_p_0.jpg,1,plasma
0.128173828125,0.871826171875,0.14701764211705404,0.13716521912489527,0.517227073120915,0.05672830432280898,0.2823850334376505,0.4855224609375,0.4259243834252451,0.5368719362745098,F:\BUET plasma\PCMMD_LOCAL\set1\plasma\IMG_20230628_183922_p_10.jpg,1,plasma
0.5477294921875,0.4522705078125,1.2110661268556004,0.7934748095491018,0.6169621885212418,0.02539091869816184,0.20287218253423248,0.3536872414981618,0.30145550896139706,0.4939706839767157,F:\BUET plasma\PCMMD_LOCAL\set1\plasma\IMG_20230628_183922_p_2.jpg,1,plasma
0.68988037109375,0.31011962890625,2.2245620940759694,1.1707971562455024,0.6590889725030638,0.016751855596899987,0.844558135092132,0.31059187346813727,0.2387841318167892,0.4733570772058823,F:\BUET plasma\PCMMD_LOCAL\set1\plasma\IMG_20230628_183922_p_8.jpg,1,plasma
0.17950439453125,0.82049560546875,0.2187755709291081,0.1978467243849816,0.571838538475286,0.03255919858440757,0.06996401840957657,0.40056990081188726,0.3550235523897059,0.5288909313725491,F:\BUET plasma\PCMMD_LOCAL\set1\plasma\IMG_20230628_183922_p_9.jpg,1,plasma
0.30633544921875,0.69366455078125,0.4416190057193137,0.36576679155259073,0.550695561427696,0.03003488253057003,0.41201620922897864,0.435015749463848,0.36926556755514706,0.5436319986979167,F:\BUET plasma\PCMMD_LOCAL\set1\plasma\IMG_20230628_183932_p_0.jpg,1,plasma
0.18780517578125,0.81219482421875,0.23123168257308183,0.20801503629549187,0.5309840782015931,0.027437254533171654,0.44606800146294445,0.46931439568014705,0.3983455882352941,0.5393877814797794,F:\BUET plasma\PCMMD_LOCAL\set1\plasma\IMG_20230628_183938_p_0.jpg,1,plasma
0.49835205078125,0.50164794921875,0.9934298576469157,0.6898567016907344,0.613165163526348,0.020294258579611778,0.2934943398385486,0.3507951325061274,0.31143248314950983,0.49827689376531864,F:\BUET plasma\PCMMD_LOCAL\set1\plasma\IMG_20230628_184106_p_0.jpg,1,plasma
0.56048583984375,0.43951416015625,1.2752395500624913,0.8220853435903676,0.6427244498059641,0.034346817910671235,0.08587088255796063,0.33803136488970587,0.25832591337316174,0.4754693723192402,F:\BUET plasma\PCMMD_LOCAL\set1\plasma\IMG_20230628_184106_p_1.jpg,1,plasma
0.5799560546875,0.4200439453125,1.3807032839290905,0.8673959414818087,0.6536229351766748,0.019155254002660514,0.6229905658315343,0.33071384803921566,0.25104597503063725,0.4573713714001226,F:\BUET plasma\PCMMD_LOCAL\set1\plasma\IMG_20230628_184106_p_2.jpg,1,plasma
0.2691650390625,0.7308349609375,0.3682979789544012,0.313567616353937,0.6477807138480391,0.07353971908986569,0.48854553299858183,0.33767520680147056,0.30695322074142156,0.4120294309129902,F:\BUET plasma\PCMMD_LOCAL\set1\plasma\IMG_20230628_184121_p_0.jpg,1,plasma
0.47308349609375,0.52691650390625,0.8978338932005097,0.6407131796037117,0.6223747702205882,0.025001952752470972,0.4364778846831941,0.35686418121936275,0.3118716969209559,0.46413981119791664,F:\BUET plasma\PCMMD_LOCAL\set1\plasma\IMG_20230628_184121_p_1.jpg,1,plasma
0.7506103515625,0.2493896484375,3.0097895252080273,1.388738752461667,0.6720889820772059,0.03080116556584835,0.7453479863102139,0.2912497127757353,0.2540213790594363,0.4384619619332108,F:\BUET plasma\PCMMD_LOCAL\set1\plasma\IMG_20230628_184121_p_2.jpg,1,plasma
0.4010009765625,0.5989990234375,0.6694518035459548,0.5124953111893857,0.6212446225234886,0.016961685474961997,0.25922886949636964,0.3605765548406863,0.3361749387254902,0.43951463886335784,F:\BUET plasma\PCMMD_LOCAL\set1\plasma\IMG_20230628_184121_p_3.jpg,1,plasma
0.7093505859375,0.2906494140625,2.4405711885762287,1.2356375007924263,0.6486743004493464,0.020765833225101234,0.7925233079901202,0.33543629365808825,0.2566518746170343,0.46188893037683826,F:\BUET plasma\PCMMD_LOCAL\set1\plasma\IMG_20230628_184121_p_4.jpg,1,plasma
0.29327392578125,0.70672607421875,0.414975386475516,0.3471121362269613,0.613705464282067,0.057117391347885134,0.09594813445871195,0.37644210516237747,0.3402858360140931,0.4421556659773284,F:\BUET plasma\PCMMD_LOCAL\set1\plasma\IMG_20230628_184121_p_5.jpg,1,plasma
0.65045166015625,0.34954833984375,1.8608346429195042,1.051113415445377,0.6443968928717321,0.01852109408006072,0.7594246003476656,0.32353132659313727,0.2788638844209559,0.4644141103707108,F:\BUET plasma\PCMMD_LOCAL\set1\plasma\IMG_20230628_184121_p_6.jpg,1,plasma
0.640625,0.359375,1.7826086956521738,1.023388867430522,0.6225357753778595,0.02879797214269638,0.7677653322832202,0.34581921147365197,0.30318364162071076,0.48338982077205883,F:\BUET plasma\PCMMD_LOCAL\set1\plasma\IMG_20230628_184121_p_7.jpg,1,plasma
0.16961669921875,0.83038330078125,0.20426313855200293,0.18586787662188764,0.5426343730851716,0.026980241384357215,0.11295729395817823,0.45467026654411763,0.3955578373927696,0.521868776807598,F:\BUET plasma\PCMMD_LOCAL\set1\plasma\IMG_20230628_184148_p_10.jpg,1,plasma
0.29571533203125,0.70428466796875,0.41988040558107287,0.35057264664456655,0.6196519639756944,0.04609382796287537,0.16797304543825511,0.3285965265012255,0.33723862591911763,0.47520895565257354,F:\BUET plasma\PCMMD_LOCAL\set1\plasma\IMG_20230628_184148_p_11.jpg,1,plasma
0.2149658203125,0.7850341796875,0.27382988648732703,0.2420280211444259,0.5414970447814542,0.021993074283003806,0.6934528492121308,0.4384449678308823,0.41960951861213236,0.5174543792126225,F:\BUET plasma\PCMMD_LOCAL\set1\plasma\IMG_20230628_184148_p_7.jpg,1,plasma
0.23638916015625,0.76361083984375,0.30956758052913436,0.2696969915218343,0.5638816284977533,0.02991241830587387,0.056409652933929876,0.4268286611519608,0.37023853975183824,0.5112879136029411,F:\BUET plasma\PCMMD_LOCAL\set1\plasma\IMG_20230628_184148_p_8.jpg,1,plasma
0.09375,0.90625,0.10344827586206896,0.09844007281325252,0.5572652579912174,0.026358572959899903,0.13485707620305531,0.4291436887254902,0.3798272824754902,0.5192332548253676,F:\BUET plasma\PCMMD_LOCAL\set1\plasma\IMG_20230628_184148_p_9.jpg,1,plasma
0.2958984375,0.7041015625,0.420249653259362,0.350832668314504,0.5833084405637254,0.03474900756776333,0.43429047096949436,0.3818457509957108,0.38334913066789217,0.4848797966452206,F:\BUET plasma\PCMMD_LOCAL\set1\plasma\IMG_20230628_184155_p_0.jpg,1,plasma
0.0303955078125,0.9696044921875,0.03134835704393806,0.03086703064615697,0.4978915345435049,0.0641015698760748,0.5068443356430777,0.5057267731311275,0.4811312806372549,0.5194673426011029,F:\BUET plasma\PCMMD_LOCAL\set1\plasma\IMG_20230628_184155_p_1.jpg,1,plasma
0.33233642578125,0.66766357421875,0.4977603071578755,0.4039708637194435,0.5900740879033906,0.024749952301383018,0.12218353831924463,0.3802222158394608,0.32684709137561274,0.5227084290747549,F:\BUET plasma\PCMMD_LOCAL\set1\plasma\IMG_20230628_184155_p_2.jpg,1,plasma
0.38848876953125,0.61151123046875,0.6352929434075257,0.49182195857997135,0.5998178519454657,0.028091769635677336,0.36053358141209374,0.3717175053615196,0.33764792049632353,0.49118101830575983,F:\BUET plasma\PCMMD_LOCAL\set1\plasma\IMG_20230628_184155_p_3.jpg,1,plasma
0.27490234375,0.72509765625,0.37912457912457914,0.3214489349225984,0.5816728579452615,0.015232100125402211,0.6616025313782578,0.3964688170189951,0.36050618489583336,0.49800642424938724,F:\BUET plasma\PCMMD_LOCAL\set1\plasma\IMG_20230628_184155_p_4.jpg,1,plasma
0.322509765625,0.677490234375,0.47603603603603606,0.38936014053880885,0.5872548221762663,0.018298546731472014,0.22262131848580824,0.38365502450980393,0.33924632352941175,0.5153341854319853,F:\BUET plasma\PCMMD_LOCAL\set1\plasma\IMG_20230628_184155_p_5.jpg,1,plasma
0.235107421875,0.764892578125,0.3073731248005107,0.26801987576715197,0.5653466318167892,0.022529037475585937,0.7078391075939658,0.404336607689951,0.37995007084865196,0.5196734260110294,F:\BUET plasma\PCMMD_LOCAL\set1\plasma\IMG_20230628_184155_p_6.jpg,1,plasma
0.42596435546875,0.57403564453125,0.7420520999468367,0.5550637861041036,0.5626388250612745,0.0568980078548193,0.11503661051482382,0.39438931334252453,0.37039914598651963,0.5472950654871324,F:\BUET plasma\PCMMD_LOCAL\set1\plasma\IMG_20230628_184209_p_0.jpg,1,plasma
0.0560302734375,0.9439697265625,0.05935600672442778,0.05766118267025357,0.5536605934691585,0.07447783362492919,0.18140291534386335,0.4261699601715686,0.3695855832567402,0.5432626761642156,F:\BUET plasma\PCMMD_LOCAL\set1\plasma\IMG_20230628_184209_p_1.jpg,1,plasma
0.32330322265625,0.67669677734375,0.47776675385586725,0.3905319980668827,0.5835210663041258,0.023806650813668968,0.2459608827467207,0.3953165690104167,0.33526898552389706,0.5188512465533088,F:\BUET plasma\PCMMD_LOCAL\set1\plasma\IMG_20230628_184209_p_2.jpg,1,plasma
0.05108642578125,0.94891357421875,0.05383675307133209,0.05243755488949359,0.48189625459558827,0.019605549450963735,0.1069820940389296,0.4944414924172794,0.48671875,0.5731509937959559,F:\BUET plasma\PCMMD_LOCAL\set1\plasma\IMG_20230628_184209_p_3.jpg,1,plasma
0.504150390625,0.495849609375,1.0167405219103889,0.701482605138959,0.6298874400020424,0.02652698177099228,0.4462207319684547,0.3499413583792892,0.29113961014093137,0.46925671147365194,F:\BUET plasma\PCMMD_LOCAL\set1\plasma\IMG_20230628_184215_p_5.jpg,1,plasma
0.6343994140625,0.3656005859375,1.7352253756260434,1.0062138367297393,0.6373681959763071,0.021646112259477376,0.7865954310470357,0.3478652056525735,0.28370433134191175,0.4563258750765931,F:\BUET plasma\PCMMD_LOCAL\set1\plasma\IMG_20230628_184215_p_6.jpg,1,plasma
0.1495361328125,0.8504638671875,0.1758289077077652,0.16197335224917012,0.5513095032935049,0.04849137423932552,0.0639350220255444,0.4553955078125,0.3869595396752451,0.5037164426317402,F:\BUET plasma\PCMMD_LOCAL\set1\plasma\IMG_20230628_184215_p_7.jpg,1,plasma
0.58807373046875,0.41192626953125,1.4276189065046674,0.8869109030958279,0.6040267246221405,0.07535599079355597,0.6299622307914147,0.3307813457414216,0.3442380418964461,0.5129004384957108,F:\BUET plasma\PCMMD_LOCAL\set1\plasma\IMG_20230628_184215_p_8.jpg,1,plasma
0.32318115234375,0.67681884765625,0.4775002254486428,0.3903516228860185,0.6090259427338645,0.14370606511831283,0.05376784263976885,0.3336890127144608,0.3309771369485294,0.5082560221354167,F:\BUET plasma\PCMMD_LOCAL\set1\plasma\IMG_20230628_184215_p_9.jpg,1,plasma
0.68988037109375,0.31011962890625,2.2245620940759694,1.1707971562455024,0.6332049600439134,0.04790985292196274,0.6252348472122269,0.3206978592218137,0.2747692631740196,0.5049179974724265,F:\BUET plasma\PCMMD_LOCAL\set1\plasma\IMG_20230628_184239_p_0.jpg,1,plasma
0.57000732421875,0.42999267578125,1.3256210078069552,0.8439871035064538,0.6050867417279412,0.04009917365014553,0.2965254120373328,0.36849221622242645,0.30370926202512255,0.5125382965686275,F:\BUET plasma\PCMMD_LOCAL\set1\plasma\IMG_20230628_184239_p_1.jpg,1,plasma
0.7481689453125,0.2518310546875,2.9709161415414447,1.3789968342080372,0.6596489800347223,0.03072184097394347,0.4717460414958871,0.26923133999693627,0.24541590073529412,0.5064058191636029,F:\BUET plasma\PCMMD_LOCAL\set1\plasma\IMG_20230628_184239_p_2.jpg,1,plasma
0.6112060546875,0.3887939453125,1.5720565149136578,0.9447057792730253,0.634042138991013,0.03318432530388236,0.19918103754392688,0.32244274662990197,0.26339398552389703,0.5120368508731618,F:\BUET plasma\PCMMD_LOCAL\set1\plasma\IMG_20230628_184239_p_3.jpg,1,plasma
0.73419189453125,0.26580810546875,2.7621125143513203,1.3249806385526313,0.6715349583843955,0.01743359375,0.616753845744981,0.2964479932598039,0.23415335860906863,0.45479377297794116,F:\BUET plasma\PCMMD_LOCAL\set1\plasma\IMG_20230628_184239_p_4.jpg,1,plasma
0.55517578125,0.44482421875,1.2480790340285401,0.8100760888994402,0.6141181895935457,0.07148702710866928,0.2589554534136825,0.3389239142922794,0.31974235983455884,0.4989791570925245,F:\BUET plasma\PCMMD_LOCAL\set1\plasma\IMG_20230628_184358_p_5.jpg,1,plasma
0.2208251953125,0.7791748046875,0.28340905530314897,0.2495198620232317,0.5514500836141748,0.03529325853288174,0.7410531902263378,0.43863692938112747,0.37979520909926473,0.5272176106770833,F:\BUET plasma\PCMMD_LOCAL\set1\plasma\IMG_20230628_184358_p_6.jpg,1,plasma
0.36907958984375,0.63092041015625,0.5849859727193576,0.46057555727074956,0.5774041468801062,0.03361512130498886,0.18199279543739494,0.4154395009957108,0.3366378484987745,0.5157102098651961,F:\BUET plasma\PCMMD_LOCAL\set1\plasma\IMG_20230628_184358_p_7.jpg,1,plasma
0.56439208984375,0.43560791015625,1.2956424267899678,0.831012728868167,0.600906511693219,0.027319972932338715,0.7461326105547457,0.3725054572610294,0.2921728994332108,0.532602108226103,F:\BUET plasma\PCMMD_LOCAL\set1\plasma\IMG_20230628_184431_p_0.jpg,1,plasma
0.48565673828125,0.51434326171875,0.9442268897591076,0.664864412066881,0.5910541609221813,0.02448683725297451,0.20617284767703797,0.3792190850949755,0.3173871208639706,0.5302313112745098,F:\BUET plasma\PCMMD_LOCAL\set1\plasma\IMG_20230628_184431_p_1.jpg,1,plasma
0.521728515625,0.478271484375,1.0908626850433896,0.737576748774803,0.6094090679891748,0.04423760102689266,0.18921237015335013,0.3542561848958333,0.3109173943014706,0.5065992168351716,F:\BUET plasma\PCMMD_LOCAL\set1\plasma\IMG_20230628_184439_p_0.jpg,1,plasma
0.5797119140625,0.4202880859375,1.379320360151031,0.8668148839407652,0.6322127597783905,0.03841717123612762,0.7364849934597714,0.33309637331495096,0.29629839728860297,0.4739669500612745,F:\BUET plasma\PCMMD_LOCAL\set1\plasma\IMG_20230628_184439_p_1.jpg,1,plasma
0.662353515625,0.337646484375,1.9616775126536514,1.0857558350545855,0.6413063597834967,0.031167816147208215,0.2554171767539853,0.3210094975490196,0.28059728285845587,0.4744741402420343,F:\BUET plasma\PCMMD_LOCAL\set1\plasma\IMG_20230628_184439_p_2.jpg,1,plasma
0.7222900390625,0.2777099609375,2.600879120879121,1.2811780158942383,0.6665179483251634,0.023139605011790992,0.820316189861172,0.30582275390625,0.2470602596507353,0.4475631414675245,F:\BUET plasma\PCMMD_LOCAL\set1\plasma\IMG_20230628_184439_p_3.jpg,1,plasma
0.45538330078125,0.54461669921875,0.8361537599462064,0.607673035939083,0.6197261635774101,0.0333826088309288,0.6581634604175256,0.3445257448682598,0.33296185661764705,0.46333390778186273,F:\BUET plasma\PCMMD_LOCAL\set1\plasma\IMG_20230628_184444_p_10.jpg,1,plasma
0.50811767578125,0.49188232421875,1.033006576498325,0.7095157695147231,0.6284651214001226,0.0483436283133924,0.8198354521831182,0.3472570082720588,0.28786453546262253,0.479483092064951,F:\BUET plasma\PCMMD_LOCAL\set1\plasma\IMG_20230628_184444_p_11.jpg,1,plasma
0.5223388671875,0.4776611328125,1.09353437260414,0.7388537250688765,0.6164232441023284,0.06642560707032681,0.2109240576599113,0.3195044424019608,0.3277736289828431,0.5034521963082108,F:\BUET plasma\PCMMD_LOCAL\set1\plasma\IMG_20230628_184444_p_6.jpg,1,plasma
0.59710693359375,0.40289306640625,1.4820481745190122,0.9090840961504635,0.6383310355392157,0.037405510172247886,0.17445821726791236,0.33288286994485294,0.2954451018688726,0.45667892156862744,F:\BUET plasma\PCMMD_LOCAL\set1\plasma\IMG_20230628_184444_p_7.jpg,1,plasma
0.6156005859375,0.3843994140625,1.6014607812003812,0.9560731261782645,0.6424969043607026,0.025599714040756224,0.817943650844132,0.3485425762101716,0.28196399165134806,0.44200271905637256,F:\BUET plasma\PCMMD_LOCAL\set1\plasma\IMG_20230628_184444_p_8.jpg,1,plasma
0.72930908203125,0.27069091796875,2.694250281848929,1.3067776330955545,0.6729871961805556,0.028813239440321922,0.6004127635666131,0.27798641429227944,0.2652372472426471,0.43781474992340685,F:\BUET plasma\PCMMD_LOCAL\set1\plasma\IMG_20230628_184444_p_9.jpg,1,plasma
0.353271484375,0.646728515625,0.546243865609664,0.435828677447274,0.5944769167432598,0.0344659993648529,0.44028865004786266,0.3962933708639706,0.31696274701286764,0.5033131318933823,F:\BUET plasma\PCMMD_LOCAL\set1\plasma\IMG_20230628_184450_p_4.jpg,1,plasma
0.3233642578125,0.6766357421875,0.47790005412231645,0.3906221978594844,0.5938247580933416,0.02093728743493557,0.28423055240194844,0.4161278818167892,0.3361703910079657,0.4662274528952206,F:\BUET plasma\PCMMD_LOCAL\set1\plasma\IMG_20230628_184450_p_5.jpg,1,plasma
0.60302734375,0.39697265625,1.5190651906519066,0.9238878766115879,0.6247342377706291,0.03139285742864013,0.7423798964546787,0.3663021312040441,0.2988496668198529,0.4606454886642157,F:\BUET plasma\PCMMD_LOCAL\set1\plasma\IMG_20230628_184450_p_6.jpg,1,plasma
0.408447265625,0.591552734375,0.6904663640115559,0.525004445902818,0.5997091056474673,0.04116643660888076,0.1439587620719098,0.38859695733762256,0.322000181908701,0.49027554381127453,F:\BUET plasma\PCMMD_LOCAL\set1\plasma\IMG_20230628_184450_p_7.jpg,1,plasma
0.3587646484375,0.6412353515625,0.5594898153436132,0.44435872632532747,0.5740134644352533,0.06542439463362097,0.458665158483253,0.42699453316482844,0.34721512140012256,0.5037499521292892,F:\BUET plasma\PCMMD_LOCAL\set1\plasma\IMG_20230628_184450_p_8.jpg,1,plasma
0.69775390625,0.30224609375,2.308562197092084,1.1965137134748023,0.6601402930964052,0.031536972045898434,0.7665014132386168,0.2887108896292892,0.2594738530177696,0.47139437806372547,F:\BUET plasma\PCMMD_LOCAL\set1\plasma\IMG_20230628_184507_p_0.jpg,1,plasma
0.60491943359375,0.39508056640625,1.5311293063494515,0.9286655692937241,0.6482503255208334,0.029552964624017478,0.7659094765693591,0.31311992570465685,0.27407513786764703,0.4680539598651961,F:\BUET plasma\PCMMD_LOCAL\set1\plasma\IMG_20230628_184507_p_1.jpg,1,plasma
0.7198486328125,0.2801513671875,2.569498910675381,1.2724252247846435,0.6679802389705882,0.026394386198371648,0.33315816074756593,0.2879617130055147,0.2409146178002451,0.46718295228247547,F:\BUET plasma\PCMMD_LOCAL\set1\plasma\IMG_20230628_184507_p_2.jpg,1,plasma
0.76953125,0.23046875,3.3389830508474576,1.467640000573843,0.6812354792177288,0.03913573783636093,0.4031528762144693,0.29377608953737744,0.24164751838235293,0.42086995442708336,F:\BUET plasma\PCMMD_LOCAL\set1\plasma\IMG_20230628_184535_p_0.jpg,1,plasma
0.71759033203125,0.28240966796875,2.5409552625891507,1.2643965389322347,0.6603863485498366,0.03926238733157515,0.5156762117079232,0.3228360045189951,0.2777970856311274,0.41820786420036765,F:\BUET plasma\PCMMD_LOCAL\set1\plasma\IMG_20230628_184535_p_1.jpg,1,plasma
0.55548095703125,0.44451904296875,1.2496224083482081,0.8107623836213191,0.6231608072916667,0.04425648210942745,0.862640276286359,0.32942397173713234,0.29529861749387254,0.5057949888939951,F:\BUET plasma\PCMMD_LOCAL\set1\plasma\IMG_20230628_184543_p_0.jpg,1,plasma
0.46148681640625,0.53851318359375,0.8569647512184064,0.6189433006171297,0.5873579037734886,0.03982479470968246,0.6696648312008648,0.385305845971201,0.31932636335784315,0.5332940793504902,F:\BUET plasma\PCMMD_LOCAL\set1\plasma\IMG_20230628_184543_p_1.jpg,1,plasma
0.098876953125,0.901123046875,0.10972636141966946,0.10411346368934513,0.5074836282169117,0.03942141216620803,0.06292402953868768,0.49818737553615194,0.38830733953737745,0.5910544002757353,F:\BUET plasma\PCMMD_LOCAL\set1\plasma\IMG_20230628_184615_p_0.jpg,1,plasma
0.402587890625,0.597412109375,0.6738863914997957,0.515148103276672,0.5868046779258578,0.020026080962270498,0.36902861959388195,0.3847756778492647,0.34014150582107844,0.5146687825520834,F:\BUET plasma\PCMMD_LOCAL\set1\plasma\IMG_20230628_184623_p_0.jpg,1,plasma
0.6624755859375,0.3375244140625,1.962748643761302,1.0861174333228538,0.6342570784824346,0.029979937970638276,0.7014309891640377,0.3016591988357843,0.2905306946997549,0.5050388710171568,F:\BUET plasma\PCMMD_LOCAL\set1\plasma\IMG_20230628_184623_p_1.jpg,1,plasma
0.60028076171875,0.39971923828125,1.501755993281417,0.9169928826211807,0.638177530126634,0.015842386092990636,0.8093670436253679,0.3295233034620098,0.2883310355392157,0.46761307061887253,F:\BUET plasma\PCMMD_LOCAL\set1\plasma\IMG_20230628_184623_p_2.jpg,1,plasma
0.562255859375,0.437744140625,1.2844394868934745,0.8261206931142108,0.6241338592728758,0.03944576927646994,0.5878369883344577,0.3579068053002451,0.270538210401348,0.4991534064797794,F:\BUET plasma\PCMMD_LOCAL\set1\plasma\IMG_20230628_184637_p_0.jpg,1,plasma
0.43768310546875,0.56231689453125,0.778356669922935,0.5756897187303023,0.6105232587826797,0.03401966800913215,0.3485402533057164,0.3570228726256127,0.3292961569393382,0.4821111940870098,F:\BUET plasma\PCMMD_LOCAL\set1\plasma\IMG_20230628_184637_p_1.jpg,1,plasma
0.645263671875,0.354736328125,1.8189951823812802,1.0363805031490607,0.6333075629340277,0.05687810900434852,0.7601572057406316,0.32879016352634804,0.28916925168504903,0.4821178959865196,F:\BUET plasma\PCMMD_LOCAL\set1\plasma\IMG_20230628_184643_p_0.jpg,1,plasma
0.74688720703125,0.25311279296875,2.9508078128767785,1.3739200675928531,0.6558498008578431,0.03561062979698181,0.6387938525561541,0.3136295094209559,0.24103764552696078,0.4777834424785539,F:\BUET plasma\PCMMD_LOCAL\set1\plasma\IMG_20230628_184643_p_1.jpg,1,plasma
0.6796875,0.3203125,2.1219512195121952,1.1384581972153094,0.6340859406913807,0.0277731242030859,0.8454471548435376,0.33870945350796566,0.28795860140931373,0.4710741230085784,F:\BUET plasma\PCMMD_LOCAL\set1\plasma\IMG_20230628_184643_p_2.jpg,1,plasma
0.54541015625,0.45458984375,1.1997851772287862,0.7883597088823313,0.6136219298917484,0.03164011719450355,0.7757268831805199,0.35097273284313724,0.332028138403799,0.47613333907781863,F:\BUET plasma\PCMMD_LOCAL\set1\plasma\IMG_20230628_184643_p_3.jpg,1,plasma
0.6513671875,0.3486328125,1.8683473389355743,1.0537360238198141,0.6400962679993872,0.033119635727256534,0.3420849800227181,0.3189979702818627,0.2981249042585784,0.46258832146139706,F:\BUET plasma\PCMMD_LOCAL\set1\plasma\IMG_20230628_184643_p_4.jpg,1,plasma
0.5687255859375,0.4312744140625,1.3187093121992641,0.8410106999201439,0.6013511508118873,0.025235468860715628,0.29650404561385807,0.37159399892769607,0.3318416819852941,0.492510866651348,F:\BUET plasma\PCMMD_LOCAL\set1\plasma\IMG_20230628_184643_p_5.jpg,1,plasma
0.69873046875,0.30126953125,2.319286871961102,1.1997499622540106,0.6482934889450571,0.03164273446798325,0.7375628656156529,0.3118417777267157,0.26104592715992647,0.4822318282781863,F:\BUET plasma\PCMMD_LOCAL\set1\plasma\IMG_20230628_184643_p_6.jpg,1,plasma
0.52764892578125,0.47235107421875,1.1170693888099237,0.7500327685687752,0.6329431072559233,0.02911820414289832,0.19398311232685367,0.32946250765931373,0.28720415900735297,0.4845040115655637,F:\BUET plasma\PCMMD_LOCAL\set1\plasma\IMG_20230628_184643_p_7.jpg,1,plasma
0.5418701171875,0.4581298828125,1.182787103650413,0.7806025481442682,0.6222226211448121,0.03110290513932705,0.1609441011169,0.33210305606617646,0.31412808287377453,0.48710099762561276,F:\BUET plasma\PCMMD_LOCAL\set1\plasma\IMG_20230628_184658_p_4.jpg,1,plasma
0.5191650390625,0.4808349609375,1.0797156638740797,0.7322311843083832,0.6218264112285539,0.017212088640779256,0.29040198477854423,0.3300149356617647,0.3196459003523284,0.4848599303002451,F:\BUET plasma\PCMMD_LOCAL\set1\plasma\IMG_20230628_184658_p_5.jpg,1,plasma
0.68939208984375,0.31060791015625,2.219493024169778,1.1692239012504018,0.6335165185866013,0.024115224108099936,0.675812155720634,0.32766927083333336,0.28058028875612745,0.4912008846507353,F:\BUET plasma\PCMMD_LOCAL\set1\plasma\IMG_20230628_184710_p_0.jpg,1,plasma
0.191162109375,0.808837890625,0.23634168427407184,0.21215676441944784,0.569482661228554,0.03168222397193313,0.23194132343255516,0.41603309780943626,0.35529856962316175,0.5202203488817402,F:\BUET plasma\PCMMD_LOCAL\set1\plasma\IMG_20230628_184710_p_1.jpg,1,plasma
0.59552001953125,0.40447998046875,1.4723102459634827,0.9051530357510075,0.62515869140625,0.01765007096156478,0.22643538210774547,0.3372127757352941,0.29069201899509806,0.49661913105085786,F:\BUET plasma\PCMMD_LOCAL\set1\plasma\IMG_20230628_184710_p_2.jpg,1,plasma
0.47528076171875,0.52471923828125,0.9057810864254973,0.6448919436647903,0.5953332439746732,0.026143907900899648,0.1484440016647655,0.3677423215379902,0.33841911764705884,0.5078388288909313,F:\BUET plasma\PCMMD_LOCAL\set1\plasma\IMG_20230628_184710_p_3.jpg,1,plasma
0.55303955078125,0.44696044921875,1.2373344257817833,0.8052851687781645,0.6422052121629902,0.024499350871890785,0.38011653829649533,0.3192705939797794,0.2802511776194853,0.4738625919117647,F:\BUET plasma\PCMMD_LOCAL\set1\plasma\IMG_20230628_184710_p_4.jpg,1,plasma
0.64251708984375,0.35748291015625,1.7973365204029366,1.028667721749452,0.6378628599877452,0.03910875796899199,0.6386005919410939,0.3155881395526961,0.27678725298713236,0.49403602749693626,F:\BUET plasma\PCMMD_LOCAL\set1\plasma\IMG_20230628_184710_p_5.jpg,1,plasma
0.49560546875,0.50439453125,0.9825750242013552,0.6843965170397598,0.6131871042687909,0.03208520126342773,0.28603557963425985,0.3443412032781863,0.3115495270373774,0.5045479568780638,F:\BUET plasma\PCMMD_LOCAL\set1\plasma\IMG_20230628_184710_p_7.jpg,1,plasma
0.31170654296875,0.68829345703125,0.4528686707457657,0.3735399956069467,0.5811961454503676,0.042131528344005346,0.15868231221855658,0.4093390969669118,0.34932047526041665,0.4977519914215686,F:\BUET plasma\PCMMD_LOCAL\set1\plasma\IMG_20230628_184718_p_5.jpg,1,plasma
0.27203369140625,0.72796630859375,0.37368994717867027,0.31750051126056533,0.5679476868872548,0.049401462182402614,0.2180467812637615,0.4155551087622549,0.3513616823682598,0.5292401482077206,F:\BUET plasma\PCMMD_LOCAL\set1\plasma\IMG_20230628_184718_p_6.jpg,1,plasma
0.23828125,0.76171875,0.3128205128205128,0.27217788591581565,0.5826834884344363,0.024209911551326513,0.4926793173403116,0.39991287530637254,0.36132980047487745,0.4907068589154412,F:\BUET plasma\PCMMD_LOCAL\set1\plasma\IMG_20230628_184718_p_7.jpg,1,plasma
0.48870849609375,0.51129150390625,0.9558314432374359,0.6708153936854248,0.6204576280381944,0.020210135206580163,0.3498326901898863,0.37797013825061276,0.27867264093137256,0.4819843367034314,F:\BUET plasma\PCMMD_LOCAL\set1\plasma\IMG_20230628_184718_p_8.jpg,1,plasma
0.13543701171875,0.86456298828125,0.15665372396752558,0.1455311155746174,0.5047650505514706,0.0658225001692772,0.251905565665636,0.5026831533394608,0.4448072246476716,0.5382144703584559,F:\BUET plasma\PCMMD_LOCAL\set1\plasma\IMG_20230628_184718_p_9.jpg,1,plasma
0.19305419921875,0.80694580078125,0.23924060207246048,0.21449877432913764,0.5563765382455066,0.03293977146968245,0.13840738511083178,0.4194836186427696,0.38254633884803924,0.5288404277726716,F:\BUET plasma\PCMMD_LOCAL\set1\plasma\IMG_20230628_184724_p_0.jpg,1,plasma
0.69793701171875,0.30206298828125,2.3105677914730247,1.1971197128873483,0.6370633393331291,0.019769458532333375,0.6195298342775243,0.3274899950214461,0.26340595320159316,0.49791403377757354,F:\BUET plasma\PCMMD_LOCAL\set1\plasma\IMG_20230628_184724_p_1.jpg,1,plasma
0.113037109375,0.886962890625,0.12744288466831818,0.11995213449814175,0.5199454912173203,0.01837541316449642,0.06005396191465,0.46671381931678924,0.41252489276960785,0.5609248142616422,F:\BUET plasma\PCMMD_LOCAL\set1\plasma\IMG_20230628_184724_p_2.jpg,1,plasma
0.33221435546875,0.66778564453125,0.49748651859976234,0.4037880483624444,0.5735857396343954,0.04874896240234375,0.2730061034631047,0.4017843807444853,0.3657111672794118,0.5117472330729167,F:\BUET plasma\PCMMD_LOCAL\set1\plasma\IMG_20230628_184732_p_0.jpg,1,plasma
0.2286376953125,0.7713623046875,0.29640765943978475,0.25959710050583373,0.5835610383476306,0.03573488005623222,0.06426484860844099,0.3743542241115196,0.34695638020833336,0.5280062806372549,F:\BUET plasma\PCMMD_LOCAL\set1\plasma\IMG_20230628_184732_p_1.jpg,1,plasma
0.7022705078125,0.2977294921875,2.358753587535875,1.2115699490633687,0.6468679789624183,0.03848306106030941,0.7294311069209949,0.30797406364889707,0.25259459252450983,0.49882740693933825,F:\BUET plasma\PCMMD_LOCAL\set1\plasma\IMG_20230628_184732_p_2.jpg,1,plasma
0.29022216796875,0.70977783203125,0.40889156419296585,0.34280327054619114,0.5488547730290032,0.022394458532333374,0.44932417197031793,0.4406027401194853,0.37051212086397056,0.5423208199295343,F:\BUET plasma\PCMMD_LOCAL\set1\plasma\IMG_20230628_184732_p_3.jpg,1,plasma
0.21221923828125,0.78778076171875,0.26938870380413726,0.2385354490040466,0.5499518899356617,0.02416158443316817,0.09040147186145354,0.4240413890165441,0.3715738932291667,0.554529047947304,F:\BUET plasma\PCMMD_LOCAL\set1\plasma\IMG_20230628_184739_p_0.jpg,1,plasma
0.61334228515625,0.38665771484375,1.586266771902131,0.950215435083995,0.6240348466860703,0.039896561563014986,0.4072252854408375,0.33574051202512256,0.2939405254289216,0.4982144224877451,F:\BUET plasma\PCMMD_LOCAL\set1\plasma\IMG_20230628_184900_p_4.jpg,1,plasma
0.53912353515625,0.46087646484375,1.1697788372401006,0.7746252440358088,0.624413982715482,0.039107594396919014,0.23374158774030565,0.34977716184129903,0.2900936351102941,0.4868872549019608,F:\BUET plasma\PCMMD_LOCAL\set1\plasma\IMG_20230628_184900_p_5.jpg,1,plasma
0.68634033203125,0.31365966796875,2.18816890445612,1.1594467408470048,0.6414171006944445,0.025460909392684698,0.8049936577772832,0.3342984068627451,0.25612529679840684,0.48532499425551473,F:\BUET plasma\PCMMD_LOCAL\set1\plasma\IMG_20230628_184900_p_6.jpg,1,plasma
0.26727294921875,0.73272705078125,0.3647646813827572,0.31098201918388074,0.5630329605800654,0.0321992317289114,0.3527000482454805,0.4200554342830882,0.3660852768841912,0.5247604070925245,F:\BUET plasma\PCMMD_LOCAL\set1\plasma\IMG_20230628_184909_p_0.jpg,1,plasma
0.30352783203125,0.69647216796875,0.435807554114451,0.3617274464045547,0.5770818174274919,0.053927112683653834,0.23862009654269034,0.4077914368872549,0.3536704867493873,0.5072926240808824,F:\BUET plasma\PCMMD_LOCAL\set1\plasma\IMG_20230628_184923_p_0.jpg,1,plasma
0.5001220703125,0.4998779296875,1.0004884004884005,0.6933913509921192,0.5841375612745099,0.023636484291404487,0.6300948223939368,0.40635986328125,0.33816348805147056,0.50306396484375,F:\BUET plasma\PCMMD_LOCAL\set1\plasma\IMG_20230628_184923_p_1.jpg,1,plasma
0.1668701171875,0.8331298828125,0.2002930402930403,0.18256572722612854,0.5354565589256537,0.05615871976315975,0.21586111820752532,0.4563091203278186,0.40497999004289215,0.5323412128523284,F:\BUET plasma\PCMMD_LOCAL\set1\plasma\IMG_20230628_184923_p_2.jpg,1,plasma
0.33721923828125,0.66278076171875,0.5087945483009485,0.4113110196223339,0.5739599290236927,0.014565634191036224,0.6471264330068591,0.4162755629595588,0.3580477845435049,0.5037968654258579,F:\BUET plasma\PCMMD_LOCAL\set1\plasma\IMG_20230628_184923_p_3.jpg,1,plasma
0.2088623046875,0.7911376953125,0.2640024687548218,0.23428324885157303,0.5389604556015115,0.015166516721248626,0.6414853460373128,0.4858285941329657,0.3888693416819853,0.5084206973805147,F:\BUET plasma\PCMMD_LOCAL\set1\plasma\IMG_20230628_184923_p_4.jpg,1,plasma
0.479248046875,0.520751953125,0.9203000468823254,0.6524814482479931,0.6325801674836602,0.019857794012874366,0.302189086008686,0.3183129404105392,0.31471713196997547,0.4692294251685049,F:\BUET plasma\PCMMD_LOCAL\set1\plasma\IMG_20230628_184923_p_5.jpg,1,plasma
0.53155517578125,0.46844482421875,1.1347231270358307,0.7583369553838365,0.6242269678053514,0.033823556050658225,0.38738434087553664,0.36385809206495096,0.2928758808210784,0.47058512369791666,F:\BUET plasma\PCMMD_LOCAL\set1\plasma\IMG_20230628_184934_p_0.jpg,1,plasma
0.24169921875,0.75830078125,0.31873792659368966,0.2766751630107114,0.5558604919832517,0.032225341901183126,0.27984036932263406,0.41254523782169117,0.3946645699295343,0.5252087162990197,F:\BUET plasma\PCMMD_LOCAL\set1\plasma\IMG_20230628_184934_p_1.jpg,1,plasma
0.3848876953125,0.6151123046875,0.6257193887676126,0.48595041859869087,0.6028724820006127,0.060372509207576516,0.472044259286964,0.36960233800551473,0.34013815487132354,0.4816420611213235,F:\BUET plasma\PCMMD_LOCAL\set1\plasma\IMG_20230628_184934_p_2.jpg,1,plasma
0.35400390625,0.64599609375,0.5479969765684052,0.4369618220444427,0.5957540275224673,0.024910301771014928,0.20488197888762558,0.3613597196691177,0.34102998621323527,0.5103482115502451,F:\BUET plasma\PCMMD_LOCAL\set1\plasma\IMG_20230628_184940_p_0.jpg,1,plasma
0.7191162109375,0.2808837890625,2.5601912212081706,1.2698142572439233,0.6690219056372548,0.03608949905261397,0.6854760665287009,0.25581557329963234,0.2834597120098039,0.45365899777879903,F:\BUET plasma\PCMMD_LOCAL\set1\plasma\IMG_20230628_184948_p_0.jpg,1,plasma
0.67620849609375,0.32379150390625,2.088407163053723,1.1276554767911509,0.6504016352634804,0.03315516185387969,0.6032812730573196,0.29318153530943625,0.2923729990042892,0.46324055989583335,F:\BUET plasma\PCMMD_LOCAL\set1\plasma\IMG_20230628_184948_p_1.jpg,1,plasma
0.56292724609375,0.43707275390625,1.2879486105292557,0.8276556128322945,0.6138801923764297,0.013299587666988372,0.44151671557792216,0.3767575731464461,0.3030055625765931,0.47859628714767155,F:\BUET plasma\PCMMD_LOCAL\set1\plasma\IMG_20230628_184948_p_10.jpg,1,plasma
0.70111083984375,0.29888916015625,2.345721870532979,1.207682476136917,0.6596183427798203,0.03313664626702666,0.6500897767631836,0.2998022939644608,0.2726090973498774,0.448733580346201,F:\BUET plasma\PCMMD_LOCAL\set1\plasma\IMG_20230628_184948_p_2.jpg,1,plasma
0.70062255859375,0.29937744140625,2.34026503567788,1.206050155839771,0.6544816559436275,0.022880046751350164,0.8807900035726748,0.3219042011335784,0.25161348230698527,0.4630373487285539,F:\BUET plasma\PCMMD_LOCAL\set1\plasma\IMG_20230628_184948_p_3.jpg,1,plasma
0.63629150390625,0.36370849609375,1.7494546064775969,1.0114025670922555,0.6316581775939543,0.029581405639648437,0.5185742287959141,0.32908313227634806,0.29426341337316175,0.48167892156862746,F:\BUET plasma\PCMMD_LOCAL\set1\plasma\IMG_20230628_184948_p_4.jpg,1,plasma
0.45361328125,0.54638671875,0.8302055406613047,0.6044282778474731,0.6073874080882353,0.024246681436896324,0.5455797637812189,0.38396139705882354,0.3133987725949755,0.4804776060814951,F:\BUET plasma\PCMMD_LOCAL\set1\plasma\IMG_20230628_184948_p_5.jpg,1,plasma
0.47161865234375,0.52838134765625,0.8925724846944669,0.6379370066234605,0.5909581003625408,0.022622501000761987,0.3236653350045048,0.39654038373161765,0.293887388939951,0.5366979262408088,F:\BUET plasma\PCMMD_LOCAL\set1\plasma\IMG_20230628_185009_p_0.jpg,1,plasma
0.435791015625,0.564208984375,0.7723929035049762,0.5723305564449631,0.6097770341860702,0.03949832510948181,0.18684905957339593,0.376434445848652,0.3343857709099265,0.4598486806832108,F:\BUET plasma\PCMMD_LOCAL\set1\plasma\IMG_20230628_185015_p_0.jpg,1,plasma
0.720458984375,0.279541015625,2.577292576419214,1.2746062507310036,0.6477393854677287,0.03641827720031142,0.6415238331938347,0.32995868757659313,0.2725040211397059,0.45431913488051473,F:\BUET plasma\PCMMD_LOCAL\set1\plasma\IMG_20230628_185015_p_1.jpg,1,plasma
0.675048828125,0.324951171875,2.0773854244928627,1.124080348324232,0.6315179961958741,0.030129643663764,0.5364612224115651,0.3326224532781863,0.29546616498161765,0.47735739315257353,F:\BUET plasma\PCMMD_LOCAL\set1\plasma\IMG_20230628_185015_p_2.jpg,1,plasma
0.70684814453125,0.29315185546875,2.4112013325005206,1.22706452617441,0.6495447495404412,0.0353292733989656,0.7710038308743207,0.30581724877450983,0.26907528147977944,0.4764732211243873,F:\BUET plasma\PCMMD_LOCAL\set1\plasma\IMG_20230628_185015_p_3.jpg,1,plasma
0.170654296875,0.829345703125,0.20576979687959965,0.1871181985587598,0.5397270252502042,0.032545460190624,0.22518985903023564,0.46166130514705883,0.3993542241115196,0.5198033949908089,F:\BUET plasma\PCMMD_LOCAL\set1\plasma\IMG_20230628_185123_p_0.jpg,1,plasma
0.30108642578125,0.69891357421875,0.430792070561523,0.35822818642589493,0.6085461186427696,0.034376561105251315,0.0873318423126167,0.3591263116574755,0.3054141773897059,0.5098211550245098,F:\BUET plasma\PCMMD_LOCAL\set1\plasma\IMG_20230628_185131_p_0.jpg,1,plasma
0.56878662109375,0.43121337890625,1.3190375088464261,0.8411522327206066,0.6240359636693219,0.039247651126235725,0.7827883272471982,0.33928844975490197,0.29199386297487745,0.4966097962622549,F:\BUET plasma\PCMMD_LOCAL\set1\plasma\IMG_20230628_185131_p_1.jpg,1,plasma
0.44219970703125,0.55780029296875,0.7927563190721085,0.5837542785670327,0.6128423553666258,0.027890656229108572,0.1479431977338458,0.35906575520833334,0.2964989755667892,0.505908203125,F:\BUET plasma\PCMMD_LOCAL\set1\plasma\IMG_20230628_185131_p_2.jpg,1,plasma
0.41534423828125,0.58465576171875,0.7104081845704144,0.5367320464563426,0.5949300928053514,0.021690637350082396,0.6740449038563344,0.3913318110447304,0.3158207912071078,0.5080571193321078,F:\BUET plasma\PCMMD_LOCAL\set1\plasma\IMG_20230628_185131_p_3.jpg,1,plasma
0.49114990234375,0.50885009765625,0.9652153052656831,0.6756018094286209,0.5911240521599265,0.03199520659446716,0.27690117240542367,0.3864712584252451,0.3347510244332108,0.5054055606617647,F:\BUET plasma\PCMMD_LOCAL\set1\plasma\IMG_20230628_185131_p_4.jpg,1,plasma
0.371826171875,0.628173828125,0.5919160513019821,0.4649383544375995,0.5935203801572713,0.036436279296875,0.3613265141613394,0.397796511182598,0.3344616459865196,0.48718070235906863,F:\BUET plasma\PCMMD_LOCAL\set1\plasma\IMG_20230628_185138_p_0.jpg,1,plasma
0.5274658203125,0.4725341796875,1.1162490312580728,0.7496451967016409,0.6201654571333741,0.03440620216354728,0.19530134690248413,0.37687342026654413,0.28144244025735293,0.4811877680759804,F:\BUET plasma\PCMMD_LOCAL\set1\plasma\IMG_20230628_185138_p_1.jpg,1,plasma
0.36212158203125,0.63787841796875,0.5676968711128122,0.44960758124473066,0.5965591330933415,0.05609907840192318,0.601549077646419,0.3794309129901961,0.33180673636642155,0.49908495136335784,F:\BUET plasma\PCMMD_LOCAL\set1\plasma\IMG_20230628_185138_p_2.jpg,1,plasma
0.47039794921875,0.52960205078125,0.8882102109023856,0.6356294020457446,0.6075539183772467,0.03619429298862815,0.13597812225904185,0.3793902228860294,0.3258020737591912,0.47214594822303924,F:\BUET plasma\PCMMD_LOCAL\set1\plasma\IMG_20230628_185138_p_3.jpg,1,plasma
0.5550537109375,0.4449462890625,1.2474622770919068,0.8098017028365305,0.6249239653543709,0.03517138576507568,0.13963824603282954,0.34332275390625,0.28229023054534313,0.49961511948529413,F:\BUET plasma\PCMMD_LOCAL\set1\plasma\IMG_20230628_185138_p_4.jpg,1,plasma
0.5313720703125,0.4686279296875,1.1338890336025007,0.7579461522784914,0.5852811127706291,0.027299769267439843,0.5925784212400693,0.38912880093443625,0.32299517463235294,0.5320326861213235,F:\BUET plasma\PCMMD_LOCAL\set1\plasma\IMG_20230628_185151_p_0.jpg,1,plasma
0.61541748046875,0.38458251953125,1.6002221869544517,0.9555968978971788,0.6251764833537581,0.040175780281424524,0.7707637044523702,0.3329266716452206,0.29218917547487744,0.4993547028186274,F:\BUET plasma\PCMMD_LOCAL\set1\plasma\IMG_20230628_185151_p_1.jpg,1,plasma
0.5870361328125,0.4129638671875,1.4215193615134496,0.8843951784985805,0.6127762140012255,0.04633217614889145,0.5406802818918649,0.3518774892769608,0.3012841318167892,0.5085097369025735,F:\BUET plasma\PCMMD_LOCAL\set1\plasma\IMG_20230628_185151_p_2.jpg,1,plasma
0.3828125,0.6171875,0.620253164556962,0.48258241145259567,0.5802363376991422,0.019488005742430686,0.44057221218704934,0.4140988817401961,0.3349101945465686,0.5102819106158089,F:\BUET plasma\PCMMD_LOCAL\set1\plasma\IMG_20230628_185201_p_0.jpg,1,plasma
0.56927490234375,0.43072509765625,1.3216664304945445,0.8422852168384041,0.6223691055198121,0.01656686305999756,0.4351865372960721,0.3579226026348039,0.2994655235140931,0.4755045572916667,F:\BUET plasma\PCMMD_LOCAL\set1\plasma\IMG_20230628_185201_p_1.jpg,1,plasma
0.62542724609375,0.37457275390625,1.6697083265439139,0.9819692254501373,0.6383405298968545,0.020078719079494475,0.7557298925742416,0.32314860026041664,0.28448438457414216,0.47734542547487746,F:\BUET plasma\PCMMD_LOCAL\set1\plasma\IMG_20230628_185201_p_2.jpg,1,plasma
0.3265380859375,0.6734619140625,0.4848649628421243,0.3953238340068582,0.5965286554074756,0.02643898616731167,0.15429066432316121,0.3905874214920343,0.3429189644607843,0.4769076478247549,F:\BUET plasma\PCMMD_LOCAL\set1\plasma\IMG_20230628_185201_p_3.jpg,1,plasma
0.435546875,0.564453125,0.7716262975778547,0.5718979369270757,0.6158035577512255,0.05849615097045899,0.29048795960378954,0.3548799402573529,0.34227797564338236,0.45543141084558825,F:\BUET plasma\PCMMD_LOCAL\set1\plasma\IMG_20230628_185209_p_0.jpg,1,plasma
0.48681640625,0.51318359375,0.9486203615604186,0.6671216152824473,0.6030296575010212,0.0488975236415863,0.15957815471800268,0.36884933172487744,0.34959094477634806,0.4724707509957108,F:\BUET plasma\PCMMD_LOCAL\set1\plasma\IMG_20230628_185209_p_1.jpg,1,plasma
0.5098876953125,0.4901123046875,1.0403486924034868,0.7131207208984269,0.6059468188316993,0.032418912794440986,0.1325938170130444,0.3650833429074755,0.32039292279411763,0.49668327780330884,F:\BUET plasma\PCMMD_LOCAL\set1\plasma\IMG_20230628_185209_p_2.jpg,1,plasma
0.44195556640625,0.55804443359375,0.7919720004374932,0.5833166896748078,0.6135905745761846,0.03271928273141384,0.24785276330832862,0.36346698835784313,0.3231033624387255,0.47265792547487745,F:\BUET plasma\PCMMD_LOCAL\set1\plasma\IMG_20230628_185209_p_3.jpg,1,plasma
0.31207275390625,0.68792724609375,0.453642090320291,0.37407219359715577,0.5815219854217728,0.025338908419013022,0.41717633526037445,0.40077191521139705,0.35859375,0.49606837852328434,F:\BUET plasma\PCMMD_LOCAL\set1\plasma\IMG_20230628_185209_p_4.jpg,1,plasma
0.40509033203125,0.59490966796875,0.6809274648609829,0.5193457035020244,0.6024052638633579,0.02653276389837265,0.2844460240778443,0.3686173981311274,0.3284572227328431,0.4957095875459559,F:\BUET plasma\PCMMD_LOCAL\set1\plasma\IMG_20230628_185209_p_5.jpg,1,plasma
0.70721435546875,0.29278564453125,2.4154680008338545,1.2283145263371704,0.657373046875,0.0347003722153604,0.8322249637359824,0.30370351753982844,0.2549653894761029,0.46921195235906865,F:\BUET plasma\PCMMD_LOCAL\set1\plasma\IMG_20230628_185209_p_6.jpg,1,plasma
0.81524658203125,0.18475341796875,4.412619755533531,1.6887332188175157,0.684395903543709,0.02780300897359848,0.4582696729697334,0.2695537492340686,0.23536855660232844,0.4418899835324755,F:\BUET plasma\PCMMD_LOCAL\set1\plasma\IMG_20230628_185209_p_7.jpg,1,plasma
0.431640625,0.568359375,0.7594501718213058,0.5650013578680152,0.6549617991727941,0.08909393310174346,0.2967379900327171,0.32810776654411766,0.312264954810049,0.39474188112745096,F:\BUET plasma\PCMMD_LOCAL\set1\plasma\IMG_20230628_185209_p_8.jpg,1,plasma
0.0653076171875,0.9346923828125,0.06987070654303251,0.06753780616616557,0.5092130374285131,0.05272401848062873,0.611057963357171,0.49898322610294116,0.42629681755514703,0.5470808440563726,F:\BUET plasma\PCMMD_LOCAL\set1\plasma\IMG_20230628_185218_p_0.jpg,1,plasma
0.26287841796875,0.73712158203125,0.3566283017305622,0.30500243156385903,0.5603040109272875,0.037232555743306875,0.29089880140632957,0.4228369619332108,0.3587782915900735,0.5374727136948529,F:\BUET plasma\PCMMD_LOCAL\set1\plasma\IMG_20230628_185218_p_1.jpg,1,plasma
0.1064453125,0.8935546875,0.11912568306010929,0.11254774032393178,0.5458858315461601,0.045022231101989746,0.12873573076126787,0.40299120136335786,0.4236007391237745,0.5357505648743872,F:\BUET plasma\PCMMD_LOCAL\set1\plasma\IMG_20230628_185218_p_2.jpg,1,plasma
0.15167236328125,0.84832763671875,0.1787898409957551,0.16448835375447626,0.5461214352277369,0.049015398290008304,0.3444940332116493,0.46533921185661764,0.39280287798713237,0.5034936044730393,F:\BUET plasma\PCMMD_LOCAL\set1\plasma\IMG_20230628_185237_p_0.jpg,1,plasma
0.48895263671875,0.51104736328125,0.9567657948166727,0.6712930056348024,0.6225569980596405,0.03723426872119308,0.16154800626119356,0.3626529469209559,0.30267166436887255,0.46700439453125,F:\BUET plasma\PCMMD_LOCAL\set1\plasma\IMG_20230628_185256_p_0.jpg,1,plasma
0.3193359375,0.6806640625,0.46915351506456243,0.3846863948389292,0.5810298745149101,0.026722607251256705,0.5715270054528923,0.3937069163602941,0.35800900926776963,0.5051944508272059,F:\BUET plasma\PCMMD_LOCAL\set1\plasma\IMG_20230628_185256_p_1.jpg,1,plasma
0.32421875,0.67578125,0.4797687861271676,0.39188584998178355,0.5904122944750817,0.0756299858354032,0.27906159312760254,0.3740337297028186,0.36358355353860294,0.49114583333333334,F:\BUET plasma\PCMMD_LOCAL\set1\plasma\IMG_20230628_185256_p_2.jpg,1,plasma
0.57220458984375,0.42779541015625,1.3375659865886718,0.8491102113389096,0.6230264501633986,0.024684200048446656,0.7127349694607225,0.32642128140318627,0.3002230775122549,0.5042762905943627,F:\BUET plasma\PCMMD_LOCAL\set1\plasma\IMG_20230628_185256_p_3.jpg,1,plasma
0.12139892578125,0.87860107421875,0.13817297672803056,0.12942432479295807,0.5277088439542483,0.025794629868119954,0.19944422787976482,0.46535285500919116,0.44144454656862747,0.5100760665594363,F:\BUET plasma\PCMMD_LOCAL\set1\plasma\IMG_20230628_185306_p_0.jpg,1,plasma
0.322265625,0.677734375,0.4755043227665706,0.3889998450926486,0.5847529392616422,0.018124688863754273,0.3747738661279465,0.392587220435049,0.3432461607689951,0.5099078010110294,F:\BUET plasma\PCMMD_LOCAL\set1\plasma\IMG_20230628_185306_p_1.jpg,1,plasma
0.05078125,0.94921875,0.053497942386831275,0.05211600113901402,0.5499299491932189,0.035297641035169365,0.23439006247110133,0.41888954312193627,0.39298933440563727,0.5383312748927697,F:\BUET plasma\PCMMD_LOCAL\set1\plasma\IMG_20230628_185310_p_0.jpg,1,plasma
0.19427490234375,0.80572509765625,0.241118097113855,0.21601266455847476,0.5613355449601716,0.038160410489887,0.43715628614143187,0.43846124387254903,0.3505105411305147,0.5270215801164215,F:\BUET plasma\PCMMD_LOCAL\set1\plasma\IMG_20230628_185310_p_1.jpg,1,plasma
0.27801513671875,0.72198486328125,0.3850705892298588,0.3257511052934975,0.5701647390727125,0.023254583224654197,0.6810586823805852,0.4226229798560049,0.35340097464767156,0.5134818282781862,F:\BUET plasma\PCMMD_LOCAL\set1\plasma\IMG_20230628_185420_p_0.jpg,1,plasma
0.61468505859375,0.38531494140625,1.5952795818153018,0.9536942494716087,0.6315355487898284,0.02005616345629096,0.75497408819006,0.3071707931219363,0.30753221698835786,0.49069034352022056,F:\BUET plasma\PCMMD_LOCAL\set1\plasma\IMG_20230628_185426_p_3.jpg,1,plasma
0.27734375,0.72265625,0.3837837837837838,0.32482161940123766,0.6150917202818628,0.07215540610253811,0.16954798459113307,0.34707126991421566,0.33410907820159313,0.47354449103860297,F:\BUET plasma\PCMMD_LOCAL\set1\plasma\IMG_20230628_185426_p_4.jpg,1,plasma
0.66253662109375,0.33746337890625,1.9632844999095678,1.0862982815013014,0.6406277126736111,0.025751385435461998,0.5152327517390555,0.29682688993566175,0.30584549249387255,0.47544447954963237,F:\BUET plasma\PCMMD_LOCAL\set1\plasma\IMG_20230628_185426_p_5.jpg,1,plasma
0.55523681640625,0.44476318359375,1.248387539453822,0.8102133101689521,0.609368776807598,0.02499809333309531,0.4426833422877065,0.374081361060049,0.3139863855698529,0.4838259229473039,F:\BUET plasma\PCMMD_LOCAL\set1\plasma\IMG_20230628_185431_p_0.jpg,1,plasma
0.65814208984375,0.34185791015625,1.9251919300124978,1.073360095629402,0.6265029009650736,0.03149024697765708,0.860100306736653,0.3343761967677696,0.29428016812193625,0.4918349322150735,F:\BUET plasma\PCMMD_LOCAL\set1\plasma\IMG_20230628_185431_p_1.jpg,1,plasma
0.52642822265625,0.47357177734375,1.1116123211754092,0.7474517889452851,0.5968035928564135,0.03178991025686264,0.2536872285096835,0.36740531173406865,0.32890912224264707,0.5132747874540441,F:\BUET plasma\PCMMD_LOCAL\set1\plasma\IMG_20230628_185431_p_2.jpg,1,plasma
0.27191162109375,0.72808837890625,0.373459636180736,0.3173328385572885,0.5543086033241422,0.0268507604598999,0.5287923473632932,0.42133645450367646,0.38783006855085783,0.5279076669730393,F:\BUET plasma\PCMMD_LOCAL\set1\plasma\IMG_20230628_185441_p_4.jpg,1,plasma
0.39141845703125,0.60858154296875,0.6431651790191556,0.49662436901044144,0.6189606311274509,0.020502061303704976,0.40209313187750506,0.34291058708639705,0.32883205039828434,0.4713754691329657,F:\BUET plasma\PCMMD_LOCAL\set1\plasma\IMG_20230628_185441_p_5.jpg,1,plasma
0.64581298828125,0.35418701171875,1.823367223849733,1.037930223648626,0.6348057566125409,0.018749706234782934,0.6268198952791534,0.35385215609681375,0.2863034715839461,0.45542710248161766,F:\BUET plasma\PCMMD_LOCAL\set1\plasma\IMG_20230628_185441_p_6.jpg,1,plasma
0.70361328125,0.29638671875,2.3739703459637562,1.2160901950999001,0.6579937704248366,0.020596422657370567,0.8650924399207582,0.31763221890318627,0.24602242264093138,0.46236404718137253,F:\BUET plasma\PCMMD_LOCAL\set1\plasma\IMG_20230628_185441_p_7.jpg,1,plasma
0.679931640625,0.320068359375,2.124332570556827,1.139220682955644,0.633767680249183,0.025478671547025444,0.6858344690501955,0.3360763250612745,0.2793435489430147,0.48327708524816176,F:\BUET plasma\PCMMD_LOCAL\set1\plasma\IMG_20230628_185441_p_8.jpg,1,plasma
0.36859130859375,0.63140869140625,0.5837602706621556,0.45980193765959093,0.5976761961294934,0.02088764226064086,0.5817090122208897,0.3706779928768382,0.338925111060049,0.49736830767463236,F:\BUET plasma\PCMMD_LOCAL\set1\plasma\IMG_20230628_185441_p_9.jpg,1,plasma
0.48419189453125,0.51580810546875,0.9387054786415808,0.662020471294752,0.5892420151654412,0.04090603321418166,0.7554651389623326,0.4009985830269608,0.3518518784466912,0.4794234930300245,F:\BUET plasma\PCMMD_LOCAL\set1\plasma\IMG_20230628_185453_p_3.jpg,1,plasma
0.6690673828125,0.3309326171875,2.0217631870158614,1.1058404977806235,0.6401256287020016,0.026774635341018437,0.6110771861630868,0.34644823261335783,0.2625074199601716,0.47066746132046566,F:\BUET plasma\PCMMD_LOCAL\set1\plasma\IMG_20230628_185453_p_4.jpg,1,plasma
0.39788818359375,0.60211181640625,0.6608210846426761,0.5073121093825186,0.6132804521548203,0.034351836767047644,0.44897505175393226,0.35195384306066174,0.3266378963694853,0.48156690410539216,F:\BUET plasma\PCMMD_LOCAL\set1\plasma\IMG_20230628_185453_p_5.jpg,1,plasma
0.20306396484375,0.79693603515625,0.2548058512675193,0.22698086043119572,0.5667173298355801,0.03786815303191542,0.639625845586964,0.4254047468596814,0.3906771790747549,0.48376608455882353,F:\BUET plasma\PCMMD_LOCAL\set1\plasma\IMG_20230628_185501_p_0.jpg,1,plasma
0.55517578125,0.44482421875,1.2480790340285401,0.8100760888994402,0.6111407909517974,0.032117174055427314,0.23079488532233763,0.36741560393688727,0.3278387331495098,0.4713232900582108,F:\BUET plasma\PCMMD_LOCAL\set1\plasma\IMG_20230628_185501_p_1.jpg,1,plasma
0.61737060546875,0.38262939453125,1.6134949752751635,0.9606883965652658,0.6247635186887255,0.021343274798244237,0.4515535842068375,0.36803816253063726,0.2942806468290441,0.46339063457414215,F:\BUET plasma\PCMMD_LOCAL\set1\plasma\IMG_20230628_185501_p_2.jpg,1,plasma
0.57073974609375,0.42926025390625,1.3295890800511874,0.8456918915312162,0.6464704924938726,0.026038966119289398,0.16818003400308423,0.3058541092218137,0.30109599992340685,0.45363841337316174,F:\BUET plasma\PCMMD_LOCAL\set1\plasma\IMG_20230628_185501_p_5.jpg,1,plasma
0.33636474609375,0.66363525390625,0.5068518348201968,0.41002259684148484,0.5458694757199756,0.027504505857825278,0.1961095067073345,0.4480169558057598,0.39246682559742646,0.5219077914368873,F:\BUET plasma\PCMMD_LOCAL\set1\plasma\IMG_20230628_185508_p_0.jpg,1,plasma
0.6673583984375,0.3326416015625,2.0062385321100917,1.1006896401819446,0.6363409703073938,0.0260750234387815,0.5564666244052957,0.3255265778186274,0.26230037913602944,0.5031501321231617,F:\BUET plasma\PCMMD_LOCAL\set1\plasma\IMG_20230628_185508_p_1.jpg,1,plasma
0.546142578125,0.453857421875,1.2033351264120495,0.7899721789978997,0.6029140497344772,0.021952011108398437,0.7986959061589339,0.3729903875612745,0.3112958122702206,0.5069716509650736,F:\BUET plasma\PCMMD_LOCAL\set1\plasma\IMG_20230628_185508_p_2.jpg,1,plasma
0.46826171875,0.53173828125,0.8806244260789715,0.6316038632264379,0.5853049683415033,0.027006793439388273,0.20632539500097993,0.39560451133578434,0.3344113817401961,0.5140692018995098,F:\BUET plasma\PCMMD_LOCAL\set1\plasma\IMG_20230628_185508_p_3.jpg,1,plasma
0.532470703125,0.467529296875,1.1389033942558746,0.7602932651045973,0.6037923974928513,0.016242418851703404,0.6491187967900968,0.37844310087316174,0.30846641390931373,0.5017132927389706,F:\BUET plasma\PCMMD_LOCAL\set1\plasma\IMG_20230628_185508_p_4.jpg,1,plasma
0.4119873046875,0.5880126953125,0.7006435540793025,0.5310067406490683,0.6220639297385621,0.0626471339724958,0.39239033148394964,0.36874593098958336,0.32600408815870097,0.43905819163602944,F:\BUET plasma\PCMMD_LOCAL\set1\plasma\IMG_20230628_185519_p_0.jpg,1,plasma
0.39056396484375,0.60943603515625,0.6408612919379069,0.49522128198931875,0.6079656064899919,0.0994553396962583,0.1427520647197452,0.36502805223651963,0.35143755744485294,0.459637570848652,F:\BUET plasma\PCMMD_LOCAL\set1\plasma\IMG_20230628_185536_p_0.jpg,1,plasma
0.55859375,0.44140625,1.2654867256637168,0.8177896257672219,0.6400058721405228,0.029056259155273437,0.34380195282702464,0.33138379863664214,0.30763657513786763,0.4409620098039216,F:\BUET plasma\PCMMD_LOCAL\set1\plasma\IMG_20230628_185536_p_1.jpg,1,plasma
0.415283203125,0.584716796875,0.7102296450939457,0.536627656874328,0.6096066144556781,0.0352606587074697,0.18633426048234664,0.3627685546875,0.3592340207567402,0.44917758118872547,F:\BUET plasma\PCMMD_LOCAL\set1\plasma\IMG_20230628_185536_p_2.jpg,1,plasma
0.30474853515625,0.69525146484375,0.4383285049600562,0.3634816789393223,0.5639644448274101,0.022295577749609947,0.7905858529038859,0.44976734834558824,0.38166025199142156,0.4766790651807598,F:\BUET plasma\PCMMD_LOCAL\set1\plasma\IMG_20230628_185536_p_6.jpg,1,plasma
0.7518310546875,0.2481689453125,3.029513034923758,1.3936455336509423,0.7017887688929738,0.023175132121890783,0.6164516984190678,0.23436111749387256,0.2422162224264706,0.41805635340073527,F:\BUET plasma\PCMMD_LOCAL\set1\plasma\IMG_20230628_185548_p_0.jpg,1,plasma
0.73681640625,0.26318359375,2.7996289424860854,1.3349034152504013,0.6646884893280229,0.02603480600938201,0.4969995433264556,0.2965090284160539,0.2536226160386029,0.4558028875612745,F:\BUET plasma\PCMMD_LOCAL\set1\plasma\IMG_20230628_185548_p_1.jpg,1,plasma
0.35736083984375,0.64263916015625,0.55608319878431,0.442171893982475,0.5934891046262255,0.028051436364650725,0.4316716332462449,0.4087443033854167,0.3285591873468137,0.48222919538909315,F:\BUET plasma\PCMMD_LOCAL\set1\plasma\IMG_20230628_185548_p_2.jpg,1,plasma
0.6470947265625,0.3529052734375,1.833621584226911,1.041555605262943,0.630474813623366,0.02658297199010849,0.8580918665712031,0.3294237323835784,0.30208046109068626,0.47707136565563724,F:\BUET plasma\PCMMD_LOCAL\set1\plasma\IMG_20230628_185548_p_3.jpg,1,plasma
0.57568359375,0.42431640625,1.3567318757192175,0.8572758608940063,0.6229444316789216,0.03439920949563384,0.7738645536828516,0.35001483992034316,0.2907937442555147,0.49035812078737745,F:\BUET plasma\PCMMD_LOCAL\set1\plasma\IMG_20230628_185548_p_4.jpg,1,plasma
0.1890869140625,0.8109130859375,0.2331777811229866,0.20959439961404785,0.5419752731821895,0.024141024932265283,0.5199627248443492,0.4686470779718137,0.40178581686580883,0.5036412856158088,F:\BUET plasma\PCMMD_LOCAL\set1\plasma\IMG_20230628_185633_p_0.jpg,1,plasma
0.277099609375,0.722900390625,0.38331644714623436,0.32448383861775243,0.5860531077665441,0.03256804608926177,0.6670387238528882,0.3810525333180147,0.37499832452512255,0.4857898188572304,F:\BUET plasma\PCMMD_LOCAL\set1\plasma\IMG_20230628_185633_p_1.jpg,1,plasma
0.521728515625,0.478271484375,1.0908626850433896,0.737576748774803,0.6015154271343954,0.02944819172844291,0.8071287240920304,0.3513939950980392,0.32872458065257354,0.515335142846201,F:\BUET plasma\PCMMD_LOCAL\set1\plasma\IMG_20230628_185638_p_0.jpg,1,plasma
0.498779296875,0.501220703125,0.9951290793960058,0.6907087497004102,0.618203795189951,0.041753353536128995,0.10186657544547371,0.3337854721966912,0.3054098690257353,0.5061932732077206,F:\BUET plasma\PCMMD_LOCAL\set1\plasma\IMG_20230628_185638_p_1.jpg,1,plasma
0.7279052734375,0.2720947265625,2.6751906684611932,1.30160501389342,0.659640283522263,0.03210099387168884,0.22967981076823726,0.306008970971201,0.2649344649969363,0.45013571346507353,F:\BUET plasma\PCMMD_LOCAL\set1\plasma\IMG_20230628_185642_p_0.jpg,1,plasma
0.435791015625,0.564208984375,0.7723929035049762,0.5723305564449631,0.6231355155994689,0.045326649125665426,0.29662813544133637,0.34845688763786764,0.3147989908854167,0.46733757467830883,F:\BUET plasma\PCMMD_LOCAL\set1\plasma\IMG_20230628_185642_p_1.jpg,1,plasma
0.26007080078125,0.73992919921875,0.35148065660315103,0.301200774092651,0.5770709667330474,0.0511585628837347,0.524316645990554,0.4084111232383578,0.3743451286764706,0.4860308478860294,F:\BUET plasma\PCMMD_LOCAL\set1\plasma\IMG_20230628_185642_p_2.jpg,1,plasma
0.3468017578125,0.6531982421875,0.5309287983554476,0.4258746089679844,0.5690155228758169,0.039516809687018394,0.17294542245149352,0.42839283662683825,0.35291819852941175,0.511642396216299,F:\BUET plasma\PCMMD_LOCAL\set1\plasma\IMG_20230628_185656_p_0.jpg,1,plasma
0.23590087890625,0.76409912109375,0.30873072929147694,0.26905775857957204,0.5200406741472631,0.03372480291128158,0.08568029555231219,0.4352945963541667,0.39950741038602944,0.6050759708180147,F:\BUET plasma\PCMMD_LOCAL\set1\plasma\IMG_20230628_185730_p_0.jpg,1,plasma
0.23406982421875,0.76593017578125,0.3056020400031875,0.2666642677289262,0.5264870238459968,0.037527884900569915,0.09085766161037472,0.4240267884497549,0.410308718213848,0.5862034217984069,F:\BUET plasma\PCMMD_LOCAL\set1\plasma\IMG_20230628_185735_p_0.jpg,1,plasma
0.10845947265625,0.89154052734375,0.1216540015061272,0.11480438298842374,0.5337944878472223,0.026174810826778413,0.11192814336012327,0.4265780579810049,0.38701435163909315,0.5850241268382353,F:\BUET plasma\PCMMD_LOCAL\set1\plasma\IMG_20230628_185735_p_1.jpg,1,plasma
0.26776123046875,0.73223876953125,0.36567475202133864,0.3116486303243063,0.5646458046109069,0.031106338050216436,0.142837445722275,0.4107993929993873,0.31958510454963235,0.5756780886182598,F:\BUET plasma\PCMMD_LOCAL\set1\plasma\IMG_20230628_185735_p_2.jpg,1,plasma
0.144775390625,0.855224609375,0.16928347131030544,0.15639114352185687,0.5188210880055146,0.023328263845294715,0.08092535994375874,0.4632886699601716,0.39142803117340685,0.5888200348498774,F:\BUET plasma\PCMMD_LOCAL\set1\plasma\IMG_20230628_185735_p_3.jpg,1,plasma
0.01446533203125,0.98553466796875,0.014677649098903822,0.014570974957613277,0.4735047583486519,0.05462063446268439,0.17107581133408628,0.5075094784007353,0.4625347062653186,0.6094415402879902,F:\BUET plasma\PCMMD_LOCAL\set1\plasma\IMG_20230628_185735_p_5.jpg,1,plasma
0.06365966796875,0.93634033203125,0.06798774525780588,0.06577626599446092,0.501077250561683,0.032725345220416785,0.09306211027750665,0.46082261029411764,0.43563304227941174,0.6003125957414216,F:\BUET plasma\PCMMD_LOCAL\set1\plasma\IMG_20230628_185735_p_6.jpg,1,plasma
0.004150390625,0.995849609375,0.004167688158862467,0.004159027401785261,0.42697554444955066,0.04047425055503845,0.2790304806072008,0.5908487955729167,0.49991383272058826,0.6283107383578431,F:\BUET plasma\PCMMD_LOCAL\set1\plasma\IMG_20230628_185755_p_0.jpg,1,plasma
0.0413818359375,0.9586181640625,0.043168215968419715,0.042262443904414394,0.5030389125051062,0.027313132286071778,0.5782834992385808,0.47859939874387253,0.42393152573529413,0.5883523380055147,F:\BUET plasma\PCMMD_LOCAL\set1\plasma\IMG_20230628_185755_p_1.jpg,1,plasma
0.0281982421875,0.9718017578125,0.02901645521919357,0.028603448190710833,0.49681747536254084,0.02492912970483303,0.29294869274036883,0.4763829848345588,0.39690539790134804,0.6362591911764706,F:\BUET plasma\PCMMD_LOCAL\set1\plasma\IMG_20230628_185805_p_3.jpg,1,plasma
0.11212158203125,0.88787841796875,0.12628033271464906,0.11892046206577235,0.5163656396803513,0.027739932775497435,0.40388808732262366,0.4334209367340686,0.3862453086703431,0.6312368355545344,F:\BUET plasma\PCMMD_LOCAL\set1\plasma\IMG_20230628_185805_p_4.jpg,1,plasma
0.0,1.0,0.0,0.0,0.44761125153186276,0.02183412754163146,0.0,0.5091832778033089,0.4873702703737745,0.6606126972273284,F:\BUET plasma\PCMMD_LOCAL\set1\plasma\IMG_20230628_185805_p_5.jpg,1,plasma
0.10455322265625,0.89544677734375,0.11676095698998024,0.11043249269959031,0.5038322099673203,0.025273177146911623,0.14591714576257842,0.4576246074601716,0.4372568167892157,0.5936219458486519,F:\BUET plasma\PCMMD_LOCAL\set1\plasma\IMG_20230628_185832_p_0.jpg,1,plasma
0.0133056640625,0.9866943359375,0.013485092168749227,0.013394977545444655,0.47675007340175646,0.021774732436984776,0.33884525667334237,0.5206404143688725,0.44319015203737744,0.6059192133884804,F:\BUET plasma\PCMMD_LOCAL\set1\plasma\IMG_20230628_185832_p_1.jpg,1,plasma
0.079833984375,0.920166015625,0.08676041390289202,0.08320117345220829,0.4999262791053921,0.027581617936491967,0.15329252560744036,0.46740196078431373,0.42426614200367646,0.6085530598958333,F:\BUET plasma\PCMMD_LOCAL\set1\plasma\IMG_20230628_185832_p_2.jpg,1,plasma
0.32122802734375,0.67877197265625,0.47324880856038126,0.38747003602039237,0.5128637376174427,0.027596103131771087,0.08035594237610207,0.4431353400735294,0.39389576631433826,0.6243776807598039,F:\BUET plasma\PCMMD_LOCAL\set1\plasma\IMG_20230628_185832_p_3.jpg,1,plasma
0.0029296875,0.9970703125,0.002938295788442703,0.0029339874347875383,0.47979145922692,0.025841499503701924,0.12973697363552417,0.5107397939644608,0.4238283643535539,0.6260574640012255,F:\BUET plasma\PCMMD_LOCAL\set1\plasma\IMG_20230628_185832_p_4.jpg,1,plasma
0.04547119140625,0.95452880859375,0.047637316964000254,0.046537454403018715,0.5098490796058006,0.10583445751294494,0.30825584994010236,0.4531960880055147,0.41224413105085783,0.6050125421262255,F:\BUET plasma\PCMMD_LOCAL\set1\plasma\IMG_20230628_185832_p_5.jpg,1,plasma
0.00390625,0.99609375,0.00392156862745098,0.003913899321136329,0.4586530298968545,0.01877937447652221,0.4518131755533669,0.5408724915747549,0.45718467562806375,0.6259837431066176,F:\BUET plasma\PCMMD_LOCAL\set1\plasma\IMG_20230628_185832_p_9.jpg,1,plasma
0.01177978515625,0.98822021484375,0.01192020258168118,0.011849716552481845,0.46591358060151145,0.024925766613334416,0.24112151202456106,0.5411606732536764,0.4121905158547794,0.6489080690870098,F:\BUET plasma\PCMMD_LOCAL\set1\plasma\IMG_20230628_185842_p_0.jpg,1,plasma
0.00555419921875,0.99444580078125,0.0055852206469035786,0.005569681136279365,0.4791410558363971,0.027455422785133122,0.4240981142610587,0.5028131223192402,0.4208476945465686,0.638916015625,F:\BUET plasma\PCMMD_LOCAL\set1\plasma\IMG_20230628_185842_p_1.jpg,1,plasma
0.0,1.0,0.0,0.0,0.4253532858455882,0.01810498023033142,0.0,0.5778588388480392,0.5032652611825981,0.642816042432598,F:\BUET plasma\PCMMD_LOCAL\set1\plasma\IMG_20230628_185926_p_0.jpg,1,plasma
0.01287841796875,0.98712158203125,0.013046435417053113,0.01296206371945591,0.48374087265114374,0.028156698282808066,0.07660521910233169,0.5071669634650735,0.39939108455882355,0.6422193340226716,F:\BUET plasma\PCMMD_LOCAL\set1\plasma\IMG_20230628_185926_p_1.jpg,1,plasma
0.0008544921875,0.9991455078125,0.000855222968845449,0.0008548574740537445,0.4675031275531045,0.0411167535148561,0.6473589832878452,0.4953239889705882,0.4551243202359069,0.6470423081341912,F:\BUET plasma\PCMMD_LOCAL\set1\plasma\IMG_20230628_185926_p_2.jpg,1,plasma
0.02081298828125,0.97918701171875,0.02125537617652559,0.021032631488158534,0.46074067159415844,0.03461790466308594,0.1085170314835882,0.5075398763020833,0.46204810049019607,0.6481900084252451,F:\BUET plasma\PCMMD_LOCAL\set1\plasma\IMG_20230628_185926_p_3.jpg,1,plasma
0.00103759765625,0.99896240234375,0.0010386753833934136,0.0010381363333504291,0.44126622817095584,0.021352388322353363,0.1794191955378436,0.5469503963694853,0.5000040690104167,0.6292468501072304,F:\BUET plasma\PCMMD_LOCAL\set1\plasma\IMG_20230628_185942_p_0.jpg,1,plasma
0.0,1.0,0.0,0.0,0.4458760180504494,0.022974244322627783,0.0,0.5655541513480392,0.478546022901348,0.6182717715992647,F:\BUET plasma\PCMMD_LOCAL\set1\plasma\IMG_20230628_185942_p_1.jpg,1,plasma
0.000244140625,0.999755859375,0.0002442002442002442,0.0002441704321739145,0.4508474711499183,0.01955538998544216,0.0,0.5577272901348039,0.46577315984987744,0.6239571365655637,F:\BUET plasma\PCMMD_LOCAL\set1\plasma\IMG_20230628_185942_p_2.jpg,1,plasma
0.0,1.0,0.0,0.0,0.4322668536815768,0.0180348742865026,0.0,0.5928198720894607,0.47873918121936276,0.6316403856464461,F:\BUET plasma\PCMMD_LOCAL\set1\plasma\IMG_20230628_185942_p_3.jpg,1,plasma
0.0,1.0,0.0,0.0,0.46268940844566997,0.015207945823669433,0.0,0.5235318053002451,0.4771491555606618,0.6112508138020833,F:\BUET plasma\PCMMD_LOCAL\set1\plasma\IMG_20230628_190007_p_0.jpg,1,plasma
0.0157470703125,0.9842529296875,0.015999007813468934,0.01587237259426699,0.42105010786866826,0.036518721785396335,0.37053405517426224,0.5863396139705882,0.5023942535998774,0.6481158088235294,F:\BUET plasma\PCMMD_LOCAL\set1\plasma\IMG_20230628_190007_p_1.jpg,1,plasma
0.0,1.0,0.0,0.0,0.445645121655433,0.023687667097896336,0.0,0.5676185757506127,0.45964187921262256,0.6358041800704657,F:\BUET plasma\PCMMD_LOCAL\set1\plasma\IMG_20230628_190007_p_2.jpg,1,plasma
0.0,1.0,0.0,0.0,0.43360827078227115,0.017857622131705286,0.0,0.5712129480698529,0.49963881548713235,0.628323424096201,F:\BUET plasma\PCMMD_LOCAL\set1\plasma\IMG_20230628_190007_p_3.jpg,1,plasma
0.0211181640625,0.9788818359375,0.021573762314503055,0.02134434247226033,0.4587611379187092,0.08952047848328948,0.40140984400068996,0.5387980143229166,0.4767166436887255,0.6082019282322304,F:\BUET plasma\PCMMD_LOCAL\set1\plasma\IMG_20230628_190007_p_4.jpg,1,plasma
6.103515625e-05,0.99993896484375,6.103888176768602e-05,6.103701897094392e-05,0.4480830971711601,0.013773661341518164,0.0,0.5691075942095588,0.466134583716299,0.6205085305606618,F:\BUET plasma\PCMMD_LOCAL\set1\plasma\IMG_20230628_190007_p_5.jpg,1,plasma
0.0477294921875,0.9522705078125,0.05012177925906935,0.04890613769097588,0.4447915868821487,0.09330911305174232,0.41092958826696385,0.5541594860600491,0.5064919864430147,0.6049737668504902,F:\BUET plasma\PCMMD_LOCAL\set1\plasma\IMG_20230628_190013_p_0.jpg,1,plasma
0.05340576171875,0.94659423828125,0.05641885356889548,0.05488474827978148,0.5124286726409314,0.030944077398627996,0.1749935576699346,0.4510758942248774,0.40656139897365196,0.6050766888786765,F:\BUET plasma\PCMMD_LOCAL\set1\plasma\IMG_20230628_190013_p_1.jpg,1,plasma
0.0,1.0,0.0,0.0,0.4609097349877451,0.020894040819257498,0.0,0.5203771254595588,0.4579632927389706,0.6389303768382353,F:\BUET plasma\PCMMD_LOCAL\set1\plasma\IMG_20230628_190013_p_2.jpg,1,plasma
0.0,1.0,0.0,0.0,0.45647307751225485,0.02458778592571616,0.0,0.5504198261335784,0.46302131204044117,0.6171396292892157,F:\BUET plasma\PCMMD_LOCAL\set1\plasma\IMG_20230628_190020_p_0.jpg,1,plasma
0.07208251953125,0.92791748046875,0.07768203644017628,0.07481247205839836,0.4799638735702614,0.046182537373155357,0.26441390018905453,0.5036307540594362,0.4253073299632353,0.6311702952665441,F:\BUET plasma\PCMMD_LOCAL\set1\plasma\IMG_20230628_190020_p_1.jpg,1,plasma
0.0,1.0,0.0,0.0,0.46864253025428926,0.0162406135648489,0.0,0.49139404296875,0.48099054074754904,0.6216878255208333,F:\BUET plasma\PCMMD_LOCAL\set1\plasma\IMG_20230628_190028_p_0.jpg,1,plasma
0.012451171875,0.987548828125,0.012608158220024722,0.01252933722675165,0.4794874004289216,0.024607171759009363,0.39956624216505654,0.49175067976409315,0.4525522269454657,0.6172348920036764,F:\BUET plasma\PCMMD_LOCAL\set1\plasma\IMG_20230628_190028_p_1.jpg,1,plasma
0.00909423828125,0.99090576171875,0.00917770249461041,0.009135843302288003,0.3976875255310457,0.0553059519380331,0.4723551798208989,0.6156606636795343,0.5551372453278186,0.6361395143995098,F:\BUET plasma\PCMMD_LOCAL\set1\plasma\IMG_20230628_190028_p_2.jpg,1,plasma
0.00341796875,0.99658203125,0.0034296913277804997,0.00342382334955361,0.4817528818167892,0.02561719870567322,0.4987056293579473,0.5109987745098039,0.4388379863664216,0.6049045936734069,F:\BUET plasma\PCMMD_LOCAL\set1\plasma\IMG_20230628_190048_p_0.jpg,1,plasma
0.00830078125,0.99169921875,0.008370260955194485,0.008335424579013718,0.4288077959048202,0.018221779134124517,0.19320025531360568,0.5846497778799019,0.5056616689644607,0.6232651654411765,F:\BUET plasma\PCMMD_LOCAL\set1\plasma\IMG_20230628_190048_p_1.jpg,1,plasma
0.0703125,0.9296875,0.07563025210084033,0.07290677080808777,0.49503245634191173,0.031047418739646674,0.16945177125127964,0.45240765739889705,0.44786999272365197,0.6146249808517157,F:\BUET plasma\PCMMD_LOCAL\set1\plasma\IMG_20230628_190048_p_2.jpg,1,plasma
0.00653076171875,0.99346923828125,0.0065736929409596365,0.006552180447736115,0.48142073886846404,0.025501767333596943,0.3338320746876471,0.488626158471201,0.4586236691942402,0.6084879557291667,F:\BUET plasma\PCMMD_LOCAL\set1\plasma\IMG_20230628_190055_p_0.jpg,1,plasma
0.03076171875,0.96923828125,0.03173803526448363,0.031244793038107618,0.46573534198835786,0.021260179936885833,0.1117101599406349,0.5276254691329657,0.4455542470894608,0.6296142578125,F:\BUET plasma\PCMMD_LOCAL\set1\plasma\IMG_20230628_190055_p_1.jpg,1,plasma
0.0018310546875,0.9981689453125,0.0018344135991194815,0.0018327331173117617,0.5284822750714869,0.031647136628627774,0.35883838721184397,0.4295429304534314,0.36564749923406864,0.6193627450980392,F:\BUET plasma\PCMMD_LOCAL\set1\plasma\IMG_20230628_190055_p_2.jpg,1,plasma
0.00189208984375,0.99810791015625,0.0018956766342567114,0.001893882106843764,0.4573337131076388,0.029157838847488165,0.7126537717491253,0.5286300359987746,0.4564816942401961,0.6428871304381127,F:\BUET plasma\PCMMD_LOCAL\set1\plasma\IMG_20230628_190055_p_3.jpg,1,plasma
0.0439453125,0.9560546875,0.045965270684371805,0.044940163068942704,0.48253500944648686,0.038389794811606405,0.06822326351355106,0.4874547621783088,0.4242642271752451,0.6406759823069853,F:\BUET plasma\PCMMD_LOCAL\set1\plasma\IMG_20230628_190102_p_0.jpg,1,plasma
0.08660888671875,0.91339111328125,0.09482124958235884,0.09059110755243503,0.4924868515114379,0.0352925535403192,0.07191650950149908,0.4744217218137255,0.41829690372242645,0.6298208199295343,F:\BUET plasma\PCMMD_LOCAL\set1\plasma\IMG_20230628_190102_p_1.jpg,1,plasma
0.06427001953125,0.93572998046875,0.06868436501206705,0.06642832652878011,0.4842087290645425,0.037364403393119576,0.17823930221536594,0.4801839192708333,0.43375148399203434,0.6334384095435049,F:\BUET plasma\PCMMD_LOCAL\set1\plasma\IMG_20230628_190102_p_2.jpg,1,plasma
0.00164794921875,0.99835205078125,0.001650669438161032,0.0016493085807087143,0.4974931704452614,0.031276931524276734,0.30757575754690786,0.5033047545189951,0.38193622663909316,0.6222795075061275,F:\BUET plasma\PCMMD_LOCAL\set1\plasma\IMG_20230628_190102_p_3.jpg,1,plasma
0.0841064453125,0.9158935546875,0.09182993469278955,0.08785512773356027,0.4712593826593138,0.13070031748712063,0.4952918657091074,0.5079003427542892,0.49713517731311274,0.5811863319546569,F:\BUET plasma\PCMMD_LOCAL\set1\plasma\IMG_20230628_190124_p_0.jpg,1,plasma
0.00701904296875,0.99298095703125,0.007068658184276846,0.007043792330063989,0.4676120334201389,0.04576907896995545,0.2525231504624982,0.5226464365042892,0.47152051738664214,0.6029969458486519,F:\BUET plasma\PCMMD_LOCAL\set1\plasma\IMG_20230628_190124_p_1.jpg,1,plasma
0.00067138671875,0.99932861328125,0.0006718377817137971,0.0006716121997420011,0.4823683395884396,0.03292758506536484,0.2774395642662194,0.5118937174479167,0.4388463637408088,0.6021549000459558,F:\BUET plasma\PCMMD_LOCAL\set1\plasma\IMG_20230628_190124_p_2.jpg,1,plasma
0.20953369140625,0.79046630859375,0.2650760559030191,0.23513224361564714,0.5159138199550654,0.020824139174073934,0.17779650664661648,0.4437610102634804,0.37459788602941174,0.6338996438419118,F:\BUET plasma\PCMMD_LOCAL\set1\plasma\IMG_20230628_190154_p_0.jpg,1,plasma
0.44158935546875,0.55841064453125,0.7907968083943601,0.582660665159699,0.5636714760774102,0.0244722900390625,0.4935641973339025,0.39302260454963234,0.2955525716145833,0.6204103956035539,F:\BUET plasma\PCMMD_LOCAL\set1\plasma\IMG_20230628_190154_p_1.jpg,1,plasma
0.18817138671875,0.81182861328125,0.23178708367791895,0.2084660284859381,0.526544069776348,0.025153237488120796,0.2241398450222516,0.4538473690257353,0.3311822629442402,0.6353381587009804,F:\BUET plasma\PCMMD_LOCAL\set1\plasma\IMG_20230628_190154_p_2.jpg,1,plasma
0.26861572265625,0.73138427734375,0.36727029959108737,0.31281627015671776,0.514614928002451,0.022351177480071784,0.4520636348755125,0.4652875114889706,0.3526675953584559,0.6382001091452206,F:\BUET plasma\PCMMD_LOCAL\set1\plasma\IMG_20230628_190154_p_3.jpg,1,plasma
0.0616455078125,0.9383544921875,0.06569532977754651,0.06362747793015705,0.469680526833129,0.022173318710178136,0.08682162140581848,0.5030505610447303,0.4328227922028186,0.6550850662530637,F:\BUET plasma\PCMMD_LOCAL\set1\plasma\IMG_20230628_190154_p_4.jpg,1,plasma
0.066162109375,0.933837890625,0.07084967320261439,0.0684524204587075,0.48680020999285134,0.015966268002986908,0.21655075965791315,0.47102026845894607,0.4082196403952206,0.6603594611672794,F:\BUET plasma\PCMMD_LOCAL\set1\plasma\IMG_20230628_190154_p_5.jpg,1,plasma
0.24945068359375,0.75054931640625,0.3323574855655851,0.2869499186667871,0.4902944527420343,0.019757396575063466,0.2830722003565183,0.48227898092830884,0.39022073184742645,0.6566169289981618,F:\BUET plasma\PCMMD_LOCAL\set1\plasma\IMG_20230628_190154_p_6.jpg,1,plasma
0.1031494140625,0.8968505859375,0.11501293044780182,0.10886600165901159,0.489596577563317,0.022126965310424566,0.13361657504135305,0.49039474188112747,0.3895086550245098,0.6513068704044118,F:\BUET plasma\PCMMD_LOCAL\set1\plasma\IMG_20230628_190154_p_7.jpg,1,plasma
0.01483154296875,0.98516845703125,0.015054829316647048,0.014942630065954688,0.47439419615502454,0.024872816886752844,0.20346346099830306,0.5006160960477941,0.43489726945465684,0.6413040460324755,F:\BUET plasma\PCMMD_LOCAL\set1\plasma\IMG_20230628_190258_p_0.jpg,1,plasma
0.16778564453125,0.83221435546875,0.20161349468280163,0.18366523255954545,0.5084332235498366,0.023737267550081015,0.047225423056746055,0.438607728247549,0.4119004193474265,0.6241921817555147,F:\BUET plasma\PCMMD_LOCAL\set1\plasma\IMG_20230628_190258_p_1.jpg,1,plasma
0.0537109375,0.9462890625,0.05675954592363261,0.05520719370868686,0.49685178270526964,0.022901699066162108,0.16835216213446094,0.4443395278033088,0.4336581361060049,0.6314469879748774,F:\BUET plasma\PCMMD_LOCAL\set1\plasma\IMG_20230628_190258_p_2.jpg,1,plasma
0.19036865234375,0.80816650390625,0.23555622687108224,0.21152125481698122,0.5356370315053105,0.03957305600866676,0.14066252118048644,0.41638710171568627,0.3802140778186274,0.5964877259497549,F:\BUET plasma\PCMMD_LOCAL\set1\plasma\IMG_20230628_190258_p_3.jpg,1,plasma
0.0,0.864990234375,0.0,0.0,0.4019609438827614,0.04193988337740302,0.0,0.5924050723805147,0.48823984183517155,0.7134722541360294,F:\BUET plasma\PCMMD_LOCAL\set1\plasma\IMG_20230628_190454_p_0.jpg,1,plasma
0.0,0.88665771484375,0.0,0.0,0.41136003880718963,0.036073859199881556,0.0,0.564975155101103,0.49275740081188724,0.7081873276654411,F:\BUET plasma\PCMMD_LOCAL\set1\plasma\IMG_20230628_190454_p_1.jpg,1,plasma
0.0,0.79461669921875,0.0,0.0,0.37243269378063726,0.02568981322273612,0.0,0.6386546415441177,0.5342763863357843,0.7097708907781862,F:\BUET plasma\PCMMD_LOCAL\set1\plasma\IMG_20230628_190454_p_2.jpg,1,plasma
0.0,0.88275146484375,0.0,0.0,0.3466111525990604,0.028448463305830955,0.0,0.6677916283700981,0.5723367130055147,0.7200382008272059,F:\BUET plasma\PCMMD_LOCAL\set1\plasma\IMG_20230628_190454_p_3.jpg,1,plasma
0.03167724609375,0.96832275390625,0.03271352032776552,0.032189823821938385,0.5245631797640931,0.025340354681015014,0.23595049170067614,0.4452368642769608,0.3956499885110294,0.5854236079197304,F:\BUET plasma\PCMMD_LOCAL\set1\plasma\IMG_20230628_190524_p_0.jpg,1,plasma
0.028076171875,0.971923828125,0.028887214267771917,0.02847784371902651,0.4939800985498366,0.024218946989625692,0.22804063306691666,0.498654114966299,0.4133492264093137,0.6060563629748774,F:\BUET plasma\PCMMD_LOCAL\set1\plasma\IMG_20230628_190524_p_1.jpg,1,plasma
0.02227783203125,0.97772216796875,0.02278544228728385,0.022529731137750853,0.4858155892565359,0.06281574416160583,0.20171090979036754,0.48102740119485293,0.43826353783700983,0.6232622931985294,F:\BUET plasma\PCMMD_LOCAL\set1\plasma\IMG_20230628_190524_p_2.jpg,1,plasma
0.16424560546875,0.83575439453125,0.19652377126999196,0.17942049550700068,0.5159775677849265,0.03262635457143188,0.05839724859597819,0.4459908279718137,0.4013906441482843,0.6046858245251225,F:\BUET plasma\PCMMD_LOCAL\set1\plasma\IMG_20230628_190524_p_3.jpg,1,plasma
0.05908203125,0.94091796875,0.06279190451478983,0.06089931774503202,0.5032311134089051,0.037126740872859956,0.8412667534591358,0.459808469286152,0.4267602060355392,0.6037379844515931,F:\BUET plasma\PCMMD_LOCAL\set1\plasma\IMG_20230628_190524_p_4.jpg,1,plasma
0.037841796875,0.962158203125,0.0393301192590713,0.038576389524340025,0.46621859681372546,0.04019227984175086,0.0850643692623284,0.5192693972120098,0.45933837890625,0.6227364334405637,F:\BUET plasma\PCMMD_LOCAL\set1\plasma\IMG_20230628_190524_p_5.jpg,1,plasma
0.03912353515625,0.96087646484375,0.04071650892460141,0.03990942682460535,0.48418463414011437,0.03524621235951781,0.1288332351871806,0.4963309493719363,0.44029708563112746,0.6108180625765931,F:\BUET plasma\PCMMD_LOCAL\set1\plasma\IMG_20230628_190549_p_0.jpg,1,plasma
0.0003662109375,0.9996337890625,0.00036634509708145075,0.0003662780091007747,0.4712992749183006,0.029496358633041384,0.5390120920947209,0.5247137331495098,0.4622137331495098,0.5991747089460784,F:\BUET plasma\PCMMD_LOCAL\set1\plasma\IMG_20230628_190549_p_1.jpg,1,plasma
0.0,1.0,0.0,0.0,0.44364340788398693,0.033693130668252705,0.0,0.5328455307904412,0.5078476849724265,0.6283765605851716,F:\BUET plasma\PCMMD_LOCAL\set1\plasma\IMG_20230628_190549_p_2.jpg,1,plasma
0.2767333984375,0.7232666015625,0.38261603375527425,0.3239773812759571,0.5368804732179331,0.04956263917684555,0.09181220954911143,0.4061547372855392,0.37555769378063725,0.6076461492800245,F:\BUET plasma\PCMMD_LOCAL\set1\plasma\IMG_20230628_190549_p_3.jpg,1,plasma
0.03607177734375,0.96392822265625,0.0374216424998417,0.03673844496917973,0.531494140625,0.03477420213446021,0.14943917593567443,0.43531781364889705,0.36649864047181374,0.6037011240042892,F:\BUET plasma\PCMMD_LOCAL\set1\plasma\IMG_20230628_190549_p_4.jpg,1,plasma
0.03643798828125,0.96356201171875,0.037815924494837526,0.037118432307507485,0.5222980972988154,0.06452142199501396,0.2947430387434896,0.4313084022671569,0.394278013939951,0.607519291896446,F:\BUET plasma\PCMMD_LOCAL\set1\plasma\IMG_20230628_190549_p_5.jpg,1,plasma
0.091552734375,0.63653564453125,0.1438297056285358,0.13438202316073294,0.35406542011335784,0.09472660249471665,0.22373222551894878,0.6659268248314951,0.502737486596201,0.7691394282322304,F:\BUET plasma\PCMMD_LOCAL\set1\plasma\IMG_2328_p_0.jpg,1,plasma
0.04400634765625,0.573974609375,0.07666950233943003,0.07387248231477976,0.31088500178717315,0.11347730813920498,0.14057298438778096,0.7076944986979167,0.5754399318321078,0.7842105641084559,F:\BUET plasma\PCMMD_LOCAL\set1\plasma\IMG_2328_p_1.jpg,1,plasma
0.0078125,0.63671875,0.012269938650306749,0.012195273093818277,0.3451463886335784,0.13384436627849935,0.2568884869242322,0.678582643995098,0.539425599341299,0.7465525907628676,F:\BUET plasma\PCMMD_LOCAL\set1\plasma\IMG_2328_p_2.jpg,1,plasma
0.0,0.33367919921875,0.0,0.0,0.119159055223652,0.10223797188699245,0.0,0.9335865693933824,0.7273234049479167,0.9816128599877451,F:\BUET plasma\PCMMD_LOCAL\set1\plasma\IMG_7022_p_0.jpg,1,plasma
0.0916748046875,0.661376953125,0.13861203396087118,0.12981000656459823,0.268948344311683,0.08111601876839995,0.2210247251095501,0.8113391352634803,0.5263068704044118,0.8555089613970588,F:\BUET plasma\PCMMD_LOCAL\set1\plasma\IMG_7024_p_0.jpg,1,plasma
0.04595947265625,0.6663818359375,0.06896867558160835,0.06669432907065076,0.25739506740196083,0.09050342446193099,0.1644811927167512,0.7923789828431372,0.5421346028645834,0.893301212086397,F:\BUET plasma\PCMMD_LOCAL\set1\plasma\IMG_7024_p_1.jpg,1,plasma
6.103515625e-05,0.72613525390625,8.405480373203328e-05,8.405127132496054e-05,0.2582098268995098,0.07208102069795132,0.0,0.8113913143382353,0.5662702971813726,0.8477089077818627,F:\BUET plasma\PCMMD_LOCAL\set1\plasma\IMG_7045_p_0.jpg,1,plasma
0.17999267578125,0.7100830078125,0.25348117586384733,0.22592462124285836,0.36554146560968137,0.19051887463033199,0.20143176805639107,0.6600375306372549,0.47121342677696076,0.7721246457567402,F:\BUET plasma\PCMMD_LOCAL\set1\plasma\IMG_8736_p_0.jpg,1,plasma
0.20269775390625,0.72674560546875,0.2789115646258503,0.2460093760512129,0.42469227111417485,0.2766002236269414,0.6886712901780925,0.6089530196844363,0.37329628140318627,0.7436738855698529,F:\BUET plasma\PCMMD_LOCAL\set1\plasma\IMG_8736_p_1.jpg,1,plasma
0.15911865234375,0.80426025390625,0.1978447294528345,0.18052388315719906,0.436599711499183,0.2610109668821096,0.5447441795874883,0.6015182195925245,0.35497855392156863,0.7337040919883578,F:\BUET plasma\PCMMD_LOCAL\set1\plasma\IMG_8736_p_2.jpg,1,plasma
0.225830078125,0.7193603515625,0.31393178347191586,0.2730240035488102,0.44550956775939543,0.15632067388296128,0.0936647833157281,0.5979525696997549,0.35044447954963237,0.7150742474724264,F:\BUET plasma\PCMMD_LOCAL\set1\plasma\IMG_8736_p_3.jpg,1,plasma
0.0318603515625,0.9410400390625,0.033856531327020364,0.03329601532499853,0.3978863485498366,0.13874707579612733,0.15985924798207152,0.6493058746936274,0.43242690142463236,0.7246081782322303,F:\BUET plasma\PCMMD_LOCAL\set1\plasma\IMG_8736_p_4.jpg,1,plasma
0.0870361328125,0.73944091796875,0.117705323978539,0.11127776573219794,0.3375611947252859,0.2408287675641477,0.08157192846170642,0.6746234968596814,0.5139239142922795,0.7987690046721814,F:\BUET plasma\PCMMD_LOCAL\set1\plasma\IMG_8736_p_5.jpg,1,plasma
0.0662841796875,0.87127685546875,0.076077057793345,0.07332207422493459,0.3852002112694035,0.20929117548093198,0.15542056360172196,0.625949036841299,0.4271273743872549,0.7913229549632353,F:\BUET plasma\PCMMD_LOCAL\set1\plasma\IMG_8736_p_6.jpg,1,plasma
0.20123291015625,0.7454833984375,0.2699361388570493,0.23896661484167075,0.4014749763837827,0.3507892374061048,0.1592645722630695,0.6079319374234069,0.3993831858915441,0.788259947533701,F:\BUET plasma\PCMMD_LOCAL\set1\plasma\IMG_8736_p_7.jpg,1,plasma
0.068359375,0.79473876953125,0.08601489900929268,0.08251494057904818,0.3255296096303104,0.20117852514609694,0.06847870145093991,0.7204020182291667,0.46380208333333334,0.8392070695465687,F:\BUET plasma\PCMMD_LOCAL\set1\plasma\IMG_8746_p_0.jpg,1,plasma
0.1171875,0.76214599609375,0.15375991030671898,0.14302609644632783,0.3250080582363153,0.2678152634948492,0.3983950622447992,0.7371421664368872,0.462737917432598,0.8250957414215686,F:\BUET plasma\PCMMD_LOCAL\set1\plasma\IMG_8746_p_1.jpg,1,plasma
0.111572265625,0.77056884765625,0.14479207920792078,0.13522303030528138,0.37054243898080064,0.1967319360934198,0.1362278097225924,0.688852108226103,0.4003181008731618,0.7992024739583333,F:\BUET plasma\PCMMD_LOCAL\set1\plasma\IMG_8746_p_2.jpg,1,plasma
0.05279541015625,0.7904052734375,0.0667953667953668,0.06465917022983311,0.2990420272926879,0.2972905838340521,0.19363767942052312,0.7550127814797795,0.49883434819240197,0.8490267884497549,F:\BUET plasma\PCMMD_LOCAL\set1\plasma\IMG_8746_p_3.jpg,1,plasma
0.00714111328125,0.8056640625,0.008863636363636363,0.008824584927682712,0.2957681493821487,0.22892877977713944,0.3360549999599465,0.7849374808517157,0.5188419117647058,0.8089161592371323,F:\BUET plasma\PCMMD_LOCAL\set1\plasma\IMG_8746_p_4.jpg,1,plasma
0.0264892578125,0.769287109375,0.034433513170422085,0.03385394660731941,0.28114763646343954,0.21542097508534788,0.37694814033080953,0.776638853783701,0.507144224877451,0.8727740119485294,F:\BUET plasma\PCMMD_LOCAL\set1\plasma\IMG_8746_p_5.jpg,1,plasma
0.29437255859375,0.50482177734375,0.5831217506952001,0.45939868930913025,0.44324536292381533,0.3212649742625654,0.48161826411645464,0.5471150716145833,0.3935659371170343,0.7295829024969362,F:\BUET plasma\PCMMD_LOCAL\set1\plasma\IMG_9191_p_0.jpg,1,plasma
0.0260009765625,0.74237060546875,0.03502425388473238,0.03442486014782287,0.38772746566074345,0.28255057191476224,0.13110539993891937,0.5991289924172795,0.45692904603247547,0.7807595645680147,F:\BUET plasma\PCMMD_LOCAL\set1\plasma\IMG_9495_p_0.jpg,1,plasma
0.0032958984375,0.76873779296875,0.004287415641127432,0.004278250860831232,0.31728300206801474,0.11072920927032828,0.26323331024481617,0.6699367149203431,0.5518841911764706,0.8263300876991422,F:\BUET plasma\PCMMD_LOCAL\set1\plasma\IMG_9539_p_0.jpg,1,plasma
0.0245361328125,0.75909423828125,0.032322907453565974,0.03181151293734261,0.34200567108353763,0.13446889613568783,0.11741355119093377,0.6279620002297794,0.5306310317095588,0.8153899548100491,F:\BUET plasma\PCMMD_LOCAL\set1\plasma\IMG_9539_p_1.jpg,1,plasma
0.00543212890625,0.87762451171875,0.006189582029348355,0.006170505244247592,0.38600172653696896,0.14711232325062157,0.43438370797708487,0.5917645622702206,0.4698804668351716,0.780349791283701,F:\BUET plasma\PCMMD_LOCAL\set1\plasma\IMG_9539_p_2.jpg,1,plasma
0.0,0.85992431640625,0.0,0.0,0.3442256752961602,0.15350488942861557,0.0,0.6168875899969363,0.5362177830116421,0.8142176011029412,F:\BUET plasma\PCMMD_LOCAL\set1\plasma\IMG_9539_p_3.jpg,1,plasma
0.08184814453125,0.9166259765625,0.08929284858170196,0.08552872293434205,0.40099235983455883,0.1028903049081564,0.21662723125213942,0.6046226351868873,0.4237649356617647,0.7686353496476716,F:\BUET plasma\PCMMD_LOCAL\set1\plasma\IMG_E0886_p_0.jpg,1,plasma
0.05621337890625,0.93792724609375,0.05993362399947941,0.058206287294916934,0.40406901041666665,0.05614389580115676,0.1347223410585076,0.6093790690104167,0.4470339307598039,0.7313799689797794,F:\BUET plasma\PCMMD_LOCAL\set1\plasma\IMG_E0886_p_1.jpg,1,plasma
0.12701416015625,0.87298583984375,0.1454939523176956,0.13583594338433427,0.4259014852685866,0.057888295114040374,0.17089757953261983,0.5734513825061275,0.3962593826593137,0.7525847790287991,F:\BUET plasma\PCMMD_LOCAL\set1\plasma\IMG_E0886_p_2.jpg,1,plasma
0.1561279296875,0.8294677734375,0.18822663723325975,0.17246197482764203,0.44207731758067803,0.07874150985479354,0.14164811703584496,0.5531577914368873,0.36687634037990197,0.7537339154411765,F:\BUET plasma\PCMMD_LOCAL\set1\plasma\IMG_E0886_p_3.jpg,1,plasma
0.16796875,0.83160400390625,0.2019816513761468,0.18397157091842248,0.452661053027982,0.07105938635766507,0.0810318477559801,0.5463098862591912,0.3494985543045343,0.7462084003523284,F:\BUET plasma\PCMMD_LOCAL\set1\plasma\IMG_E0886_p_4.jpg,1,plasma
0.140625,0.859375,0.16363636363636364,0.15154989812720093,0.4524100509344363,0.06967313781008125,0.8140081066753176,0.5625780292585785,0.33582811542585783,0.7443637025122549,F:\BUET plasma\PCMMD_LOCAL\set1\plasma\IMG_E0886_p_5.jpg,1,plasma
0.0098876953125,0.9683837890625,0.010210513046766671,0.010158737894086932,0.3267479192197712,0.06882164665684104,0.34114124334260243,0.684210324754902,0.5047475777420343,0.83079833984375,F:\BUET plasma\PCMMD_LOCAL\set1\plasma\IMG_E0886_p_6.jpg,1,plasma
0.13677978515625,0.82135009765625,0.16653043025934458,0.1540338989452176,0.3844397052440768,0.1061481654010713,0.09193977270004373,0.6290816961550245,0.45120753867953434,0.7663916494332108,F:\BUET plasma\PCMMD_LOCAL\set1\plasma\IMG_E0886_p_7.jpg,1,plasma
0.14544677734375,0.8338623046875,0.17442541355584834,0.16077901825216265,0.4134889291002859,0.10520916413888336,0.1040170219813394,0.6115100337009803,0.38469166475183825,0.7633315142463235,F:\BUET plasma\PCMMD_LOCAL\set1\plasma\IMG_E0886_p_8.jpg,1,plasma
0.0,0.80804443359375,0.0,0.0,0.4026679942810457,0.060931191384792326,0.0,0.5438912185968138,0.5317078833486519,0.716396915211397,F:\BUET plasma\PCMMD_LOCAL\set1\plasma\P_20221014_143350_p_0.jpg,1,plasma
0.0,0.816162109375,0.0,0.0,0.4025352328431373,0.047380202293396,0.0,0.5809139476102941,0.5036757525275736,0.7078046013327206,F:\BUET plasma\PCMMD_LOCAL\set1\plasma\P_20221014_143533_p_0.jpg,1,plasma
0.01214599609375,0.885986328125,0.013709010746762193,0.013615892334612197,0.4457356770833333,0.06570236299932003,0.5046796701561258,0.5186882467830882,0.45112352558210783,0.6929811963848039,F:\BUET plasma\PCMMD_LOCAL\set1\plasma\P_20221014_143625_p_0.jpg,1,plasma
0.04150390625,0.95849609375,0.043301069791136015,0.04238979188293734,0.4788770488664216,0.047773123260587455,0.23596242423230238,0.48677284390318626,0.4404249004289216,0.6361711090686275,F:\BUET plasma\PCMMD_LOCAL\set1\plasma\P_20221014_143712_p_1.jpg,1,plasma
0.001953125,0.9488525390625,0.002058407307345941,0.0020562916897288635,0.4241440716911765,0.07740816253423691,0.6085755625315479,0.5550034466911765,0.4906850777420343,0.6818792604932598,F:\BUET plasma\PCMMD_LOCAL\set1\plasma\P_20221014_143831_p_0.jpg,1,plasma
0.01275634765625,0.98724365234375,0.012921174652241112,0.012838408470133018,0.46249537249795747,0.11110011916980148,0.07502187399333002,0.5044850068933824,0.4248580633425245,0.6831708122702206,F:\BUET plasma\PCMMD_LOCAL\set1\plasma\P_20221014_144024_p_0.jpg,1,plasma
0.0,0.9996337890625,0.0,0.0,0.39902918198529413,0.0730758858770132,0.0,0.5966243968290441,0.5229295917585784,0.6833584654564951,F:\BUET plasma\PCMMD_LOCAL\set1\plasma\P_20221014_144024_p_1.jpg,1,plasma
0.00311279296875,0.99432373046875,0.0031305628874838867,0.0031256728784834213,0.4098195593341504,0.08226448291540146,0.3493683398350696,0.5700300628063726,0.5094551834405637,0.6910560757506128,F:\BUET plasma\PCMMD_LOCAL\set1\plasma\P_20221014_144024_p_10.jpg,1,plasma
0.0068359375,0.9852294921875,0.006938421509106678,0.0069144614288324715,0.4217930613000408,0.07132415413483978,0.3039908874773446,0.5473716586243873,0.48822308708639706,0.6990260703890931,F:\BUET plasma\PCMMD_LOCAL\set1\plasma\P_20221014_144024_p_2.jpg,1,plasma
0.01434326171875,0.9852294921875,0.014558295130714905,0.014453340565549654,0.4404363096149918,0.08997051179036498,0.07787383266489245,0.5135186887254902,0.4619887408088235,0.7031836416207108,F:\BUET plasma\PCMMD_LOCAL\set1\plasma\P_20221014_144024_p_3.jpg,1,plasma
0.0,0.999267578125,0.0,0.0,0.39205410028594767,0.08173967109620571,0.0,0.5907935049019608,0.5277355717677696,0.7053086224724264,F:\BUET plasma\PCMMD_LOCAL\set1\plasma\P_20221014_144024_p_4.jpg,1,plasma
0.0,0.9991455078125,0.0,0.0,0.4107622931985294,0.0479482392668724,0.0,0.58770751953125,0.5270464728860295,0.6529591279871324,F:\BUET plasma\PCMMD_LOCAL\set1\plasma\P_20221014_144024_p_5.jpg,1,plasma
0.0,0.99462890625,0.0,0.0,0.37837664036968954,0.06261621489748359,0.0,0.6097751991421568,0.5362096449908088,0.7188852347579657,F:\BUET plasma\PCMMD_LOCAL\set1\plasma\P_20221014_144024_p_6.jpg,1,plasma
0.0,0.999267578125,0.0,0.0,0.3673529730902778,0.049824186827987435,0.0,0.6373070810355392,0.5598249846813725,0.7008090150122549,F:\BUET plasma\PCMMD_LOCAL\set1\plasma\P_20221014_144024_p_7.jpg,1,plasma
0.0,0.9974365234375,0.0,0.0,0.35268833933312904,0.05582574191316962,0.0,0.6469506357230392,0.5933337641697304,0.7016505821078431,F:\BUET plasma\PCMMD_LOCAL\set1\plasma\P_20221014_144024_p_8.jpg,1,plasma
0.0,0.99774169921875,0.0,0.0,0.4220723071129494,0.06196307387575507,0.0,0.5542624080882353,0.47724106732536764,0.702279603247549,F:\BUET plasma\PCMMD_LOCAL\set1\plasma\P_20221014_144024_p_9.jpg,1,plasma
0.0,0.9852294921875,0.0,0.0,0.4249395233353759,0.059393406614661214,0.0,0.574627805223652,0.5036207012101716,0.6469329235600491,F:\BUET plasma\PCMMD_LOCAL\set1\plasma\P_20221014_144121_p_0.jpg,1,plasma
0.0,0.846923828125,0.0,0.0,0.405178733277165,0.06269232726097107,0.0,0.5609499463848039,0.4907755533854167,0.7327383003982844,F:\BUET plasma\PCMMD_LOCAL\set1\plasma\P_20221014_144145_p_0.jpg,1,plasma
0.0,0.822509765625,0.0,0.0,0.37307160820057195,0.056638207342475655,0.0,0.6039668064491421,0.5310838886335785,0.7457344803155638,F:\BUET plasma\PCMMD_LOCAL\set1\plasma\P_20221014_144145_p_1.jpg,1,plasma
0.0,0.84735107421875,0.0,0.0,0.40981469247855395,0.05363460903987288,0.0,0.549493288526348,0.4878190582873774,0.7332435757506127,F:\BUET plasma\PCMMD_LOCAL\set1\plasma\P_20221014_144145_p_2.jpg,1,plasma
0.0,0.73236083984375,0.0,0.0,0.3674306034262663,0.08636960595846176,0.0,0.6387226179534313,0.573633051853554,0.6853525199142156,F:\BUET plasma\PCMMD_LOCAL\set1\plasma\P_20221014_144154_p_0.jpg,1,plasma
0.0,0.99896240234375,0.0,0.0,0.35150704976000824,0.05377530425786972,0.0,0.6764804017310049,0.6474286247702206,0.62156982421875,F:\BUET plasma\PCMMD_LOCAL\set1\plasma\P_20221014_144924_p_0.jpg,1,plasma
0.0,0.9925537109375,0.0,0.0,0.3488266090941584,0.053389249082654716,0.0,0.6867352653952206,0.6571257946537991,0.6096591126685049,F:\BUET plasma\PCMMD_LOCAL\set1\plasma\P_20221014_144924_p_1.jpg,1,plasma
0.0,0.98760986328125,0.0,0.0,0.35681287977430554,0.05353746673092246,0.0,0.656546080346201,0.6260938457414216,0.6469214345894608,F:\BUET plasma\PCMMD_LOCAL\set1\plasma\P_20221014_144924_p_2.jpg,1,plasma
0.0,0.9937744140625,0.0,0.0,0.41118323631535947,0.06176630171760917,0.0,0.5786420036764706,0.5224508846507353,0.6653574027267157,F:\BUET plasma\PCMMD_LOCAL\set1\plasma\P_20221014_145007_p_0.jpg,1,plasma
0.0,0.880615234375,0.0,0.0,0.38341487311070255,0.06005000680685044,0.0,0.61912841796875,0.5503360523897058,0.6802909103094362,F:\BUET plasma\PCMMD_LOCAL\set1\plasma\P_20221014_145040_p_0.jpg,1,plasma
0.0,0.92340087890625,0.0,0.0,0.4264735402624592,0.05710331537947059,0.0,0.5605571672028187,0.4859753178615196,0.6740468941482843,F:\BUET plasma\PCMMD_LOCAL\set1\plasma\P_20221014_145104_p_0.jpg,1,plasma
0.0,1.0,0.0,0.0,0.4530598160488153,0.05766238509118557,0.0,0.5360636393229167,0.4812344420189951,0.6235224705116421,F:\BUET plasma\PCMMD_LOCAL\set1\plasma\P_20221014_145104_p_1.jpg,1,plasma
0.00018310546875,0.99981689453125,0.0001831390025028997,0.00018312223460298724,0.4410892661100898,0.05128941303119063,0.0,0.548340083103554,0.49307454427083336,0.6353175742953432,F:\BUET plasma\PCMMD_LOCAL\set1\plasma\P_20221014_145104_p_2.jpg,1,plasma
0.00213623046875,0.99786376953125,0.0021408037188818886,0.0021385154638218383,0.4566602519914216,0.07375162157043814,0.5390120952601716,0.5220779718137255,0.4598178040747549,0.6481234681372549,F:\BUET plasma\PCMMD_LOCAL\set1\plasma\P_20221014_145104_p_3.jpg,1,plasma
0.1534423828125,0.8465576171875,0.18125450612833455,0.16657701453035706,0.4867517807904411,0.0600113987326622,0.08604868156461,0.4777798521752451,0.3984705307904412,0.6634942746629902,F:\BUET plasma\PCMMD_LOCAL\set1\plasma\P_20221014_145142_p_0.jpg,1,plasma
0.0,0.99993896484375,0.0,0.0,0.42076160705167487,0.05689444637298584,0.0,0.5736112706801471,0.5255263384650736,0.6385775696997549,F:\BUET plasma\PCMMD_LOCAL\set1\plasma\P_20221014_145157_p_0.jpg,1,plasma
0.00018310546875,0.992919921875,0.0001844111138431276,0.0001843941122038352,0.4311438068065768,0.07985193906724453,0.0,0.5479956533394608,0.5159646426930147,0.6426082835477941,F:\BUET plasma\PCMMD_LOCAL\set1\plasma\P_20221014_145210_p_0.jpg,1,plasma
0.0,0.99981689453125,0.0,0.0,0.42467224520016333,0.09372904389724135,0.0,0.569036984911152,0.5379054649203432,0.6190408145680147,F:\BUET plasma\PCMMD_LOCAL\set1\plasma\P_20221014_145210_p_1.jpg,1,plasma
0.01019287109375,0.9853515625,0.010344400396432111,0.01029126322064016,0.4696457407832926,0.0609520438760519,0.26324641741954163,0.5112524892769608,0.4693627450980392,0.6104475432751225,F:\BUET plasma\PCMMD_LOCAL\set1\plasma\P_20221014_145236_p_0.jpg,1,plasma
0.00030517578125,0.99859619140625,0.0003056047918831367,0.00030555810425045976,0.4337568295547386,0.05979881938919425,0.7853981633974483,0.5626084271599264,0.49654086243872547,0.6395802217371324,F:\BUET plasma\PCMMD_LOCAL\set1\plasma\P_20221014_145248_p_0.jpg,1,plasma
0.0015869140625,0.97735595703125,0.0016236807593830013,0.001622364014901238,0.45350238077001626,0.07508752654492855,0.23119963688851616,0.5371488683363971,0.45860523897058825,0.6437387503829657,F:\BUET plasma\PCMMD_LOCAL\set1\plasma\P_20221014_145255_p_0.jpg,1,plasma
0.16748046875,0.61663818359375,0.2716024943086212,0.2402779116038774,0.46317210477941173,0.09840128993988037,0.10352862866542163,0.5027980430453431,0.42631429036458335,0.6813713522518382,F:\BUET plasma\PCMMD_LOCAL\set1\plasma\P_20221014_145326_p_0.jpg,1,plasma
0.0,0.9022216796875,0.0,0.0,0.41852436938316995,0.06710459363088012,0.0,0.5709041819852941,0.4824572993259804,0.6910654105392157,F:\BUET plasma\PCMMD_LOCAL\set1\plasma\P_20221014_145331_p_0.jpg,1,plasma
0.000732421875,0.995361328125,0.0007358351729212656,0.000735564578953981,0.4566486034517975,0.05444744917377829,0.6587925570046588,0.5276611328125,0.47321083218443627,0.6291822246476716,F:\BUET plasma\PCMMD_LOCAL\set1\plasma\P_20221014_150005_p_0.jpg,1,plasma
0.00189208984375,0.9776611328125,0.0019353227618928706,0.0019334524375286169,0.4344701031454249,0.039711528804153205,0.23581779167632505,0.5156611423866422,0.47978012982536766,0.7011484183517157,F:\BUET plasma\PCMMD_LOCAL\set1\plasma\P_20221014_150432_p_0.jpg,1,plasma
0.0045166015625,0.8187255859375,0.005516624422245415,0.005501463581954157,0.4203180051317402,0.10166131299734116,0.5884068531993125,0.5238140031403187,0.4836753695618873,0.7315566119025735,F:\BUET plasma\PCMMD_LOCAL\set1\plasma\P_20221014_150450_p_0.jpg,1,plasma
0.0,0.986083984375,0.0,0.0,0.399813782935049,0.04147605299949646,0.0,0.5717373717064951,0.5137003580729167,0.7151209214154411,F:\BUET plasma\PCMMD_LOCAL\set1\plasma\P_20221014_150533_p_0.jpg,1,plasma
0.0,0.83935546875,0.0,0.0,0.3692824818729574,0.04564439910650253,0.0,0.6067866306678922,0.5635591394761029,0.7218067842371324,F:\BUET plasma\PCMMD_LOCAL\set1\plasma\P_20221014_151318_p_0.jpg,1,plasma
0.0120849609375,0.831298828125,0.014537444933920705,0.014432789345236837,0.4369857089971405,0.05336192851886153,0.35956389374748204,0.5078046013327205,0.4569024777879902,0.7243357938878676,F:\BUET plasma\PCMMD_LOCAL\set1\plasma\P_20221014_151449_p_0.jpg,1,plasma
0.01361083984375,0.79595947265625,0.01709991565064029,0.01695535771817445,0.4164454241983251,0.06251357432827354,0.3193011441880902,0.5373559091605392,0.49397690716911763,0.7193309110753676,F:\BUET plasma\PCMMD_LOCAL\set1\plasma\P_20221014_151510_p_0.jpg,1,plasma
0.0,0.67657470703125,0.0,0.0,0.37173713235294115,0.04278607093915343,0.0,0.5947801776960784,0.5428543390012255,0.7471540862438726,F:\BUET plasma\PCMMD_LOCAL\set1\plasma\P_20221014_151614_p_0.jpg,1,plasma
0.0849609375,0.666259765625,0.12751923781604985,0.12001985461370336,0.4287133310355392,0.09807939868792892,0.14706959673090358,0.5378181008731617,0.43793682023590685,0.7381050857843138,F:\BUET plasma\PCMMD_LOCAL\set1\plasma\P_20221014_151942_p_0.jpg,1,plasma
0.0,0.9554443359375,0.0,0.0,0.37322527318218957,0.0239676148891449,0.0,0.6312789617800245,0.5036872414981618,0.7453579771752451,F:\BUET plasma\PCMMD_LOCAL\set1\plasma\P_20221014_152102_p_0.jpg,1,plasma
0.0,1.0,0.0,0.0,0.38959689670138886,0.028797074422240256,0.0,0.6200755399816177,0.516958678002451,0.6941750919117647,F:\BUET plasma\PCMMD_LOCAL\set1\plasma\P_20221014_152102_p_1.jpg,1,plasma
0.0,0.88104248046875,0.0,0.0,0.37550224354064543,0.05914756878837943,0.0,0.6311056698069853,0.4918780158547794,0.7505095837162991,F:\BUET plasma\PCMMD_LOCAL\set1\plasma\P_20221014_152102_p_2.jpg,1,plasma
0.0706787109375,0.79217529296875,0.08922104938747207,0.08546280717927358,0.36584105647467313,0.11484575602039694,0.41908257339601884,0.6470504461550245,0.5256472120098039,0.729779172411152,F:\BUET plasma\PCMMD_LOCAL\set1\plasma\P_20221014_152102_p_3.jpg,1,plasma
0.47760009765625,0.482421875,0.990005060728745,0.6881371818129387,0.5076638614430147,0.08166813969239592,0.2742426449995873,0.42918390012254903,0.3747946346507353,0.6730298808976716,F:\BUET plasma\PCMMD_LOCAL\set1\plasma\P_20221017_144929_p_0.jpg,1,plasma
0.079345703125,0.8232421875,0.09638196915776986,0.09201563981488584,0.4486496470332926,0.06303430842980742,0.12449492247634407,0.5136807310814951,0.4274514590992647,0.7129188687193627,F:\BUET plasma\PCMMD_LOCAL\set1\plasma\P_20221017_144951_p_0.jpg,1,plasma
0.52581787109375,0.46063232421875,1.141513184046641,0.7615126745085246,0.4953220741421569,0.0725975334495306,0.24001638913804624,0.44014868642769606,0.4019686829810049,0.6719164081648284,F:\BUET plasma\PCMMD_LOCAL\set1\plasma\P_20221017_145002_p_0.jpg,1,plasma
0.31103515625,0.4893798828125,0.6355699675729608,0.4919913476211124,0.44017158458435457,0.0580457916110754,0.726880227389543,0.5028253293504902,0.4401537128523284,0.7365062040441176,F:\BUET plasma\PCMMD_LOCAL\set1\plasma\P_20221017_145002_p_1.jpg,1,plasma
0.0,0.99957275390625,0.0,0.0,0.3707967122395833,0.030257376894354822,0.0,0.6505538641237745,0.5318641812193627,0.7051918179381127,F:\BUET plasma\PCMMD_LOCAL\set1\plasma\P_20221017_145610_p_0.jpg,1,plasma
0.0,0.86370849609375,0.0,0.0,0.3291969049989788,0.024512887861579655,0.0,0.686688352098652,0.5564364564185049,0.7692844764859068,F:\BUET plasma\PCMMD_LOCAL\set1\plasma\P_20221017_145610_p_1.jpg,1,plasma
0.0,0.863525390625,0.0,0.0,0.3497784383935867,0.0580197746604681,0.0,0.655901979932598,0.5574197208180147,0.7373429840686274,F:\BUET plasma\PCMMD_LOCAL\set1\plasma\P_20221017_145610_p_2.jpg,1,plasma
0.00030517578125,0.9869384765625,0.00030921459492888067,0.0003091667979487842,0.41588812934027786,0.033061444982886316,0.6430287075658971,0.588379145603554,0.4530062806372549,0.7109501857383579,F:\BUET plasma\PCMMD_LOCAL\set1\plasma\P_20221017_145610_p_3.jpg,1,plasma
0.0125732421875,0.98419189453125,0.012775193798449613,0.012694279412770036,0.4437909294577206,0.03418011449277401,0.19349607703875304,0.5546772077971813,0.4088211358762255,0.7051288679534313,F:\BUET plasma\PCMMD_LOCAL\set1\plasma\P_20221017_145610_p_4.jpg,1,plasma
0.0020751953125,0.9979248046875,0.0020795107033639145,0.0020773515138348816,0.4176236021752451,0.031213657196611167,0.4611289159759458,0.5899256089154412,0.45177720013786765,0.7054263844209558,F:\BUET plasma\PCMMD_LOCAL\set1\plasma\P_20221017_145610_p_5.jpg,1,plasma
0.0,0.945556640625,0.0,0.0,0.3663388320823121,0.0962943501137197,0.0,0.6573014801623774,0.5331454407935049,0.7105365827971813,F:\BUET plasma\PCMMD_LOCAL\set1\plasma\P_20221017_145632_p_0.jpg,1,plasma
0.0,0.75982666015625,0.0,0.0,0.355783021216299,0.06587277304753661,0.0,0.6573127297794118,0.5381017348345588,0.7372364717371324,F:\BUET plasma\PCMMD_LOCAL\set1\plasma\P_20221017_145858_p_0.jpg,1,plasma
0.0,0.7979736328125,0.0,0.0,0.34442529616013073,0.0789406661838293,0.0,0.6677566827512255,0.5733534869025735,0.7256139418658089,F:\BUET plasma\PCMMD_LOCAL\set1\plasma\P_20221017_150059_p_0.jpg,1,plasma
0.0,0.92828369140625,0.0,0.0,0.36977235881331705,0.07883637007698417,0.0,0.6613467945772059,0.5149756338082108,0.7143604951746324,F:\BUET plasma\PCMMD_LOCAL\set1\plasma\P_20221017_150128_p_0.jpg,1,plasma
0.00115966796875,0.954833984375,0.001214523139861928,0.001213786203257319,0.3764073191125408,0.08098372739553451,0.04491767460501429,0.6349989947150735,0.5332787607230393,0.7025002872242647,F:\BUET plasma\PCMMD_LOCAL\set1\plasma\P_20221017_150415_p_0.jpg,1,plasma
0.0,1.0,0.0,0.0,0.3688464594822304,0.06389922529086471,0.0,0.6549000459558824,0.5656453450520833,0.6729152305453432,F:\BUET plasma\PCMMD_LOCAL\set1\plasma\P_20221017_150440_p_0.jpg,1,plasma
0.0,1.0,0.0,0.0,0.3892146490757761,0.044356096029281616,0.0,0.628189146752451,0.5209482230392157,0.6832186829810049,F:\BUET plasma\PCMMD_LOCAL\set1\plasma\P_20221017_150455_p_0.jpg,1,plasma
0.0,0.99908447265625,0.0,0.0,0.3917193244485294,0.0533246340714395,0.0,0.6249238855698529,0.5061530618106618,0.6937650792738971,F:\BUET plasma\PCMMD_LOCAL\set1\plasma\P_20221017_150455_p_1.jpg,1,plasma
0.0,0.7965087890625,0.0,0.0,0.3380211524714053,0.066473887976259,0.0,0.6735397039675245,0.5822093290441176,0.7301875095741421,F:\BUET plasma\PCMMD_LOCAL\set1\plasma\P_20221017_150542_p_0.jpg,1,plasma
0.01116943359375,0.9876708984375,0.011308861698183166,0.011245394567495919,0.3785283905228759,0.07404022785648703,0.2251872760944264,0.6414854760263481,0.5331834980085784,0.6897458543964461,F:\BUET plasma\PCMMD_LOCAL\set1\plasma\P_20221017_150542_p_1.jpg,1,plasma
0.00079345703125,0.92144775390625,0.0008610982314367092,0.0008607276990492166,0.3842329037734886,0.05048567901551723,0.0,0.6212689568014705,0.5083871878829657,0.717645143995098,F:\BUET plasma\PCMMD_LOCAL\set1\plasma\P_20221017_150830_p_0.jpg,1,plasma
0.0003662109375,0.84130859375,0.00043528728961114336,0.00043519257958194607,0.3749128753063725,0.07401943248137832,0.0,0.6300056008731618,0.5197284773284314,0.7255272958792892,F:\BUET plasma\PCMMD_LOCAL\set1\plasma\P_20221017_150830_p_1.jpg,1,plasma
0.00799560546875,0.99200439453125,0.008060050452224205,0.008027741736058407,0.4433511571946487,0.04638768362998962,0.4732249487800226,0.5787841796875,0.41554816750919116,0.6756141812193628,F:\BUET plasma\PCMMD_LOCAL\set1\plasma\P_20221017_150830_p_2.jpg,1,plasma
0.00677490234375,0.99322509765625,0.006821114729920728,0.00679795617862,0.4262609943065768,0.04992453938350081,0.24743139756284613,0.5993101830575981,0.4487838445925245,0.673122989430147,F:\BUET plasma\PCMMD_LOCAL\set1\plasma\P_20221017_150830_p_3.jpg,1,plasma
0.00140380859375,0.99658203125,0.001408623223909848,0.0014076320449057083,0.39836784811580883,0.055848573680967094,0.6288121515433457,0.6147262274050245,0.49711722579656864,0.6930530024509803,F:\BUET plasma\PCMMD_LOCAL\set1\plasma\P_20221017_150842_p_0.jpg,1,plasma
0.01422119140625,0.694091796875,0.020488920154766093,0.020281845937647012,0.3769780975541258,0.08009487729892134,0.3955860745440603,0.6291039560355393,0.5156910615808824,0.724270689721201,F:\BUET plasma\PCMMD_LOCAL\set1\plasma\P_20221017_151603_p_0.jpg,1,plasma
0.0,0.70074462890625,0.0,0.0,0.3099154603247549,0.05403998601064086,0.0,0.7132247625612745,0.6076418409160539,0.7493870155484068,F:\BUET plasma\PCMMD_LOCAL\set1\plasma\P_20221017_151603_p_1.jpg,1,plasma
0.0,0.9993896484375,0.0,0.0,0.37788006152982023,0.06803825693950057,0.0,0.6422581092984069,0.5274962182138481,0.6966054878982844,F:\BUET plasma\PCMMD_LOCAL\set1\plasma\P_20221017_151640_p_0.jpg,1,plasma
0.0,0.97650146484375,0.0,0.0,0.3417770086550245,0.05226098608970642,0.0,0.6837072035845588,0.5733357747395833,0.7176259957107843,F:\BUET plasma\PCMMD_LOCAL\set1\plasma\P_20221017_151819_p_0.jpg,1,plasma
0.0,0.7196044921875,0.0,0.0,0.33588946972017975,0.06732395398244262,0.0,0.6802401673560049,0.5765601064644608,0.7355313170189951,F:\BUET plasma\PCMMD_LOCAL\set1\plasma\P_20221017_151847_p_0.jpg,1,plasma
0.0,0.87213134765625,0.0,0.0,0.33634679457720584,0.049838249623775484,0.0,0.6826899509803922,0.5874466241574755,0.7208230411305147,F:\BUET plasma\PCMMD_LOCAL\set1\plasma\P_20221017_151933_p_0.jpg,1,plasma
0.00244140625,0.8026123046875,0.003041825095057034,0.003037208105449673,0.3000357434640524,0.0561709362231195,0.5965192431981249,0.7288294175091912,0.6138075884650736,0.7572557636335784,F:\BUET plasma\PCMMD_LOCAL\set1\plasma\P_20221017_151954_p_0.jpg,1,plasma
0.005615234375,0.9088134765625,0.0061786433848220286,0.006159633829773551,0.3392862157883987,0.044601687397807836,0.47409313843567735,0.6846883138020833,0.5552478266697304,0.7422052121629902,F:\BUET plasma\PCMMD_LOCAL\set1\plasma\P_20221017_151954_p_1.jpg,1,plasma
0.01513671875,0.81793212890625,0.018506081635698828,0.018336927835967114,0.3403338662939134,0.1000928198955953,0.34224138666187454,0.6696202895220589,0.5458517635569853,0.7635263480392157,F:\BUET plasma\PCMMD_LOCAL\set1\plasma\P_20221017_151954_p_2.jpg,1,plasma
0.0,0.77801513671875,0.0,0.0,0.37010857077205883,0.060126740396022796,0.0,0.6202071844362745,0.5208259133731618,0.7486411898743872,F:\BUET plasma\PCMMD_LOCAL\set1\plasma\P_20221017_153317_p_1.jpg,1,plasma
0.0,1.0,0.0,0.0,0.4123776105494281,0.06686955499276519,0.0,0.5947942995557598,0.48534749348958334,0.6827253753063726,F:\BUET plasma\PCMMD_LOCAL\set1\plasma\P_20221017_153440_p_0.jpg,1,plasma
0.0185546875,0.9803466796875,0.018926659195616983,0.018749778338919516,0.398940780739379,0.07598420875892044,0.11880315502906744,0.5995126761642157,0.5110296511182598,0.6926353304993873,F:\BUET plasma\PCMMD_LOCAL\set1\plasma\P_20221017_153440_p_1.jpg,1,plasma
0.0343017578125,0.9656982421875,0.035520161800025284,0.03490387225789264,0.4382209329044118,0.05070131340250373,0.20885207248563029,0.56490478515625,0.4607149011948529,0.6597175149356618,F:\BUET plasma\PCMMD_LOCAL\set1\plasma\P_20221017_153510_p_0.jpg,1,plasma
0.02545166015625,0.9744873046875,0.026118000751597144,0.025782750614519206,0.4247551413143382,0.05491326081380248,0.2733885612084304,0.5688388001685049,0.4727929208792892,0.6841028550091912,F:\BUET plasma\PCMMD_LOCAL\set1\plasma\P_20221017_153525_p_0.jpg,1,plasma
0.0,0.77142333984375,0.0,0.0,0.3457439746732026,0.0641328950971365,0.0,0.6705951765471814,0.5718189912683823,0.7203539081648285,F:\BUET plasma\PCMMD_LOCAL\set1\plasma\P_20221017_153625_p_0.jpg,1,plasma
0.0,0.766357421875,0.0,0.0,0.33281593073427296,0.048325602706521746,0.0,0.677883970971201,0.5982110715379902,0.7254571652879902,F:\BUET plasma\PCMMD_LOCAL\set1\plasma\P_20221017_153636_p_0.jpg,1,plasma
0.0,0.8643798828125,0.0,0.0,0.3749490974775327,0.06071686339378357,0.0,0.6366428749234069,0.5293866325827206,0.7091232000612745,F:\BUET plasma\PCMMD_LOCAL\set1\plasma\P_20221017_153652_p_0.jpg,1,plasma
0.0006103515625,0.7977294921875,0.0007651109410864575,0.000764818392922063,0.40234686159620103,0.06503455780446529,0.5390120920947209,0.6018152573529412,0.47996084175857845,0.7111833160998775,F:\BUET plasma\PCMMD_LOCAL\set1\plasma\P_20221017_153705_p_0.jpg,1,plasma
0.19281005859375,0.57757568359375,0.3338264820881327,0.28805186563595214,0.4317125906352124,0.08392014776170253,0.4439917149808837,0.5224293428308824,0.45853510837928924,0.7238977768841912,F:\BUET plasma\PCMMD_LOCAL\set1\plasma\P_20221017_161058_p_0.jpg,1,plasma
0.059326171875,0.63775634765625,0.09302325581395349,0.08894748601649617,0.4126053155637255,0.08368451985344291,0.07771271121659239,0.5578031652113971,0.5011381261488971,0.7032427619485294,F:\BUET plasma\PCMMD_LOCAL\set1\plasma\P_20221017_161058_p_1.jpg,1,plasma
0.0042724609375,0.805419921875,0.005304637769020916,0.0052906177370292545,0.3907796223958333,0.051072595819830896,0.10661096062815387,0.5958816827512254,0.5036053825827206,0.728174067478554,F:\BUET plasma\PCMMD_LOCAL\set1\plasma\P_20221017_161315_p_0.jpg,1,plasma
0.15814208984375,0.8233642578125,0.19206819866567829,0.17568978065222307,0.44924340341605395,0.05384788607060909,0.10218459948246515,0.5206681793811274,0.4505450080422794,0.6810566023284313,F:\BUET plasma\PCMMD_LOCAL\set1\plasma\P_20221017_161331_p_0.jpg,1,plasma
0.22271728515625,0.5838623046875,0.38145515366924526,0.3231374027981474,0.43732319750816995,0.06558952283486724,0.6157621634037325,0.49966035730698527,0.44713134765625,0.7412387025122549,F:\BUET plasma\PCMMD_LOCAL\set1\plasma\P_20221017_161510_p_0.jpg,1,plasma
0.4229736328125,0.42340087890625,0.9989909182643795,0.692642512368563,0.4765518088745916,0.06858648573979735,0.2789291562911282,0.4475772633272059,0.40295362285539216,0.7198136871936275,F:\BUET plasma\PCMMD_LOCAL\set1\plasma\P_20221017_161510_p_1.jpg,1,plasma
